   1              		.cpu cortex-m4
   2              		.arch armv7e-m
   3              		.fpu fpv4-sp-d16
   4              		.eabi_attribute 27, 1
   5              		.eabi_attribute 28, 1
   6              		.eabi_attribute 20, 1
   7              		.eabi_attribute 21, 1
   8              		.eabi_attribute 23, 3
   9              		.eabi_attribute 24, 1
  10              		.eabi_attribute 25, 1
  11              		.eabi_attribute 26, 1
  12              		.eabi_attribute 30, 2
  13              		.eabi_attribute 34, 1
  14              		.eabi_attribute 18, 4
  15              		.file	"ADC.c"
  16              		.text
  17              	.Ltext0:
  18              		.cfi_sections	.debug_frame
  19              		.file 1 "../source/ADC.c"
  20              		.section	.text.ADC_Init,"ax",%progbits
  21              		.align	1
  22              		.p2align 2,,3
  23              		.global	ADC_Init
  24              		.syntax unified
  25              		.thumb
  26              		.thumb_func
  28              	ADC_Init:
  29              	.LFB123:
   1:../source/ADC.c **** 
   2:../source/ADC.c **** #include "ADC.h"
   3:../source/ADC.c **** 
   4:../source/ADC.c **** #define TWO_POW_NUM_OF_CAL (1 << 4)
   5:../source/ADC.c **** 
   6:../source/ADC.c **** bool ADC_interrupt[2] = {false, false};
   7:../source/ADC.c **** 
   8:../source/ADC.c **** 
   9:../source/ADC.c **** void ADC_Init (void)
  10:../source/ADC.c **** {
  30              		.loc 1 10 1 view -0
  31              		.cfi_startproc
  32              		@ args = 0, pretend = 0, frame = 24
  33              		@ frame_needed = 0, uses_anonymous_args = 0
  11:../source/ADC.c **** 	SIM->SCGC6 |= SIM_SCGC6_ADC0_MASK;
  34              		.loc 1 11 2 view .LVU1
  35              		.loc 1 11 5 is_stmt 0 view .LVU2
  36 0000 764A     		ldr	r2, .L16
  12:../source/ADC.c **** 	SIM->SCGC3 |= SIM_SCGC3_ADC1_MASK;
  13:../source/ADC.c **** 
  14:../source/ADC.c **** 	NVIC_EnableIRQ(ADC0_IRQn);
  15:../source/ADC.c **** 	NVIC_EnableIRQ(ADC1_IRQn);
  16:../source/ADC.c **** 
  17:../source/ADC.c **** 	ADC0->CFG1 = ADC_CFG1_ADIV(0x00);
  37              		.loc 1 17 13 view .LVU3
  38 0002 774B     		ldr	r3, .L16+4
  11:../source/ADC.c **** 	SIM->SCGC6 |= SIM_SCGC6_ADC0_MASK;
  39              		.loc 1 11 5 view .LVU4
  40 0004 D16B     		ldr	r1, [r2, #60]
  41              	.LBB20:
  42              	.LBB21:
  43              		.file 2 "/home/jacoby/Documents/MCUXpresso_11.10.0_3148/DSP_workspace/DSP3/CMSIS/core_cm4.h"
   1:/home/jacoby/Documents/MCUXpresso_11.10.0_3148/DSP_workspace/DSP3/CMSIS/core_cm4.h **** /**************************************************************************//**
   2:/home/jacoby/Documents/MCUXpresso_11.10.0_3148/DSP_workspace/DSP3/CMSIS/core_cm4.h ****  * @file     core_cm4.h
   3:/home/jacoby/Documents/MCUXpresso_11.10.0_3148/DSP_workspace/DSP3/CMSIS/core_cm4.h ****  * @brief    CMSIS Cortex-M4 Core Peripheral Access Layer Header File
   4:/home/jacoby/Documents/MCUXpresso_11.10.0_3148/DSP_workspace/DSP3/CMSIS/core_cm4.h ****  * @version  V4.30
   5:/home/jacoby/Documents/MCUXpresso_11.10.0_3148/DSP_workspace/DSP3/CMSIS/core_cm4.h ****  * @date     20. October 2015
   6:/home/jacoby/Documents/MCUXpresso_11.10.0_3148/DSP_workspace/DSP3/CMSIS/core_cm4.h ****  ******************************************************************************/
   7:/home/jacoby/Documents/MCUXpresso_11.10.0_3148/DSP_workspace/DSP3/CMSIS/core_cm4.h **** /* Copyright (c) 2009 - 2015 ARM LIMITED
   8:/home/jacoby/Documents/MCUXpresso_11.10.0_3148/DSP_workspace/DSP3/CMSIS/core_cm4.h **** 
   9:/home/jacoby/Documents/MCUXpresso_11.10.0_3148/DSP_workspace/DSP3/CMSIS/core_cm4.h ****    All rights reserved.
  10:/home/jacoby/Documents/MCUXpresso_11.10.0_3148/DSP_workspace/DSP3/CMSIS/core_cm4.h ****    Redistribution and use in source and binary forms, with or without
  11:/home/jacoby/Documents/MCUXpresso_11.10.0_3148/DSP_workspace/DSP3/CMSIS/core_cm4.h ****    modification, are permitted provided that the following conditions are met:
  12:/home/jacoby/Documents/MCUXpresso_11.10.0_3148/DSP_workspace/DSP3/CMSIS/core_cm4.h ****    - Redistributions of source code must retain the above copyright
  13:/home/jacoby/Documents/MCUXpresso_11.10.0_3148/DSP_workspace/DSP3/CMSIS/core_cm4.h ****      notice, this list of conditions and the following disclaimer.
  14:/home/jacoby/Documents/MCUXpresso_11.10.0_3148/DSP_workspace/DSP3/CMSIS/core_cm4.h ****    - Redistributions in binary form must reproduce the above copyright
  15:/home/jacoby/Documents/MCUXpresso_11.10.0_3148/DSP_workspace/DSP3/CMSIS/core_cm4.h ****      notice, this list of conditions and the following disclaimer in the
  16:/home/jacoby/Documents/MCUXpresso_11.10.0_3148/DSP_workspace/DSP3/CMSIS/core_cm4.h ****      documentation and/or other materials provided with the distribution.
  17:/home/jacoby/Documents/MCUXpresso_11.10.0_3148/DSP_workspace/DSP3/CMSIS/core_cm4.h ****    - Neither the name of ARM nor the names of its contributors may be used
  18:/home/jacoby/Documents/MCUXpresso_11.10.0_3148/DSP_workspace/DSP3/CMSIS/core_cm4.h ****      to endorse or promote products derived from this software without
  19:/home/jacoby/Documents/MCUXpresso_11.10.0_3148/DSP_workspace/DSP3/CMSIS/core_cm4.h ****      specific prior written permission.
  20:/home/jacoby/Documents/MCUXpresso_11.10.0_3148/DSP_workspace/DSP3/CMSIS/core_cm4.h ****    *
  21:/home/jacoby/Documents/MCUXpresso_11.10.0_3148/DSP_workspace/DSP3/CMSIS/core_cm4.h ****    THIS SOFTWARE IS PROVIDED BY THE COPYRIGHT HOLDERS AND CONTRIBUTORS "AS IS"
  22:/home/jacoby/Documents/MCUXpresso_11.10.0_3148/DSP_workspace/DSP3/CMSIS/core_cm4.h ****    AND ANY EXPRESS OR IMPLIED WARRANTIES, INCLUDING, BUT NOT LIMITED TO, THE
  23:/home/jacoby/Documents/MCUXpresso_11.10.0_3148/DSP_workspace/DSP3/CMSIS/core_cm4.h ****    IMPLIED WARRANTIES OF MERCHANTABILITY AND FITNESS FOR A PARTICULAR PURPOSE
  24:/home/jacoby/Documents/MCUXpresso_11.10.0_3148/DSP_workspace/DSP3/CMSIS/core_cm4.h ****    ARE DISCLAIMED. IN NO EVENT SHALL COPYRIGHT HOLDERS AND CONTRIBUTORS BE
  25:/home/jacoby/Documents/MCUXpresso_11.10.0_3148/DSP_workspace/DSP3/CMSIS/core_cm4.h ****    LIABLE FOR ANY DIRECT, INDIRECT, INCIDENTAL, SPECIAL, EXEMPLARY, OR
  26:/home/jacoby/Documents/MCUXpresso_11.10.0_3148/DSP_workspace/DSP3/CMSIS/core_cm4.h ****    CONSEQUENTIAL DAMAGES (INCLUDING, BUT NOT LIMITED TO, PROCUREMENT OF
  27:/home/jacoby/Documents/MCUXpresso_11.10.0_3148/DSP_workspace/DSP3/CMSIS/core_cm4.h ****    SUBSTITUTE GOODS OR SERVICES; LOSS OF USE, DATA, OR PROFITS; OR BUSINESS
  28:/home/jacoby/Documents/MCUXpresso_11.10.0_3148/DSP_workspace/DSP3/CMSIS/core_cm4.h ****    INTERRUPTION) HOWEVER CAUSED AND ON ANY THEORY OF LIABILITY, WHETHER IN
  29:/home/jacoby/Documents/MCUXpresso_11.10.0_3148/DSP_workspace/DSP3/CMSIS/core_cm4.h ****    CONTRACT, STRICT LIABILITY, OR TORT (INCLUDING NEGLIGENCE OR OTHERWISE)
  30:/home/jacoby/Documents/MCUXpresso_11.10.0_3148/DSP_workspace/DSP3/CMSIS/core_cm4.h ****    ARISING IN ANY WAY OUT OF THE USE OF THIS SOFTWARE, EVEN IF ADVISED OF THE
  31:/home/jacoby/Documents/MCUXpresso_11.10.0_3148/DSP_workspace/DSP3/CMSIS/core_cm4.h ****    POSSIBILITY OF SUCH DAMAGE.
  32:/home/jacoby/Documents/MCUXpresso_11.10.0_3148/DSP_workspace/DSP3/CMSIS/core_cm4.h ****    ---------------------------------------------------------------------------*/
  33:/home/jacoby/Documents/MCUXpresso_11.10.0_3148/DSP_workspace/DSP3/CMSIS/core_cm4.h **** 
  34:/home/jacoby/Documents/MCUXpresso_11.10.0_3148/DSP_workspace/DSP3/CMSIS/core_cm4.h **** 
  35:/home/jacoby/Documents/MCUXpresso_11.10.0_3148/DSP_workspace/DSP3/CMSIS/core_cm4.h **** #if   defined ( __ICCARM__ )
  36:/home/jacoby/Documents/MCUXpresso_11.10.0_3148/DSP_workspace/DSP3/CMSIS/core_cm4.h ****  #pragma system_include         /* treat file as system include file for MISRA check */
  37:/home/jacoby/Documents/MCUXpresso_11.10.0_3148/DSP_workspace/DSP3/CMSIS/core_cm4.h **** #elif defined(__ARMCC_VERSION) && (__ARMCC_VERSION >= 6010050)
  38:/home/jacoby/Documents/MCUXpresso_11.10.0_3148/DSP_workspace/DSP3/CMSIS/core_cm4.h ****   #pragma clang system_header   /* treat file as system include file */
  39:/home/jacoby/Documents/MCUXpresso_11.10.0_3148/DSP_workspace/DSP3/CMSIS/core_cm4.h **** #endif
  40:/home/jacoby/Documents/MCUXpresso_11.10.0_3148/DSP_workspace/DSP3/CMSIS/core_cm4.h **** 
  41:/home/jacoby/Documents/MCUXpresso_11.10.0_3148/DSP_workspace/DSP3/CMSIS/core_cm4.h **** #ifndef __CORE_CM4_H_GENERIC
  42:/home/jacoby/Documents/MCUXpresso_11.10.0_3148/DSP_workspace/DSP3/CMSIS/core_cm4.h **** #define __CORE_CM4_H_GENERIC
  43:/home/jacoby/Documents/MCUXpresso_11.10.0_3148/DSP_workspace/DSP3/CMSIS/core_cm4.h **** 
  44:/home/jacoby/Documents/MCUXpresso_11.10.0_3148/DSP_workspace/DSP3/CMSIS/core_cm4.h **** #include <stdint.h>
  45:/home/jacoby/Documents/MCUXpresso_11.10.0_3148/DSP_workspace/DSP3/CMSIS/core_cm4.h **** 
  46:/home/jacoby/Documents/MCUXpresso_11.10.0_3148/DSP_workspace/DSP3/CMSIS/core_cm4.h **** #ifdef __cplusplus
  47:/home/jacoby/Documents/MCUXpresso_11.10.0_3148/DSP_workspace/DSP3/CMSIS/core_cm4.h ****  extern "C" {
  48:/home/jacoby/Documents/MCUXpresso_11.10.0_3148/DSP_workspace/DSP3/CMSIS/core_cm4.h **** #endif
  49:/home/jacoby/Documents/MCUXpresso_11.10.0_3148/DSP_workspace/DSP3/CMSIS/core_cm4.h **** 
  50:/home/jacoby/Documents/MCUXpresso_11.10.0_3148/DSP_workspace/DSP3/CMSIS/core_cm4.h **** /**
  51:/home/jacoby/Documents/MCUXpresso_11.10.0_3148/DSP_workspace/DSP3/CMSIS/core_cm4.h ****   \page CMSIS_MISRA_Exceptions  MISRA-C:2004 Compliance Exceptions
  52:/home/jacoby/Documents/MCUXpresso_11.10.0_3148/DSP_workspace/DSP3/CMSIS/core_cm4.h ****   CMSIS violates the following MISRA-C:2004 rules:
  53:/home/jacoby/Documents/MCUXpresso_11.10.0_3148/DSP_workspace/DSP3/CMSIS/core_cm4.h **** 
  54:/home/jacoby/Documents/MCUXpresso_11.10.0_3148/DSP_workspace/DSP3/CMSIS/core_cm4.h ****    \li Required Rule 8.5, object/function definition in header file.<br>
  55:/home/jacoby/Documents/MCUXpresso_11.10.0_3148/DSP_workspace/DSP3/CMSIS/core_cm4.h ****      Function definitions in header files are used to allow 'inlining'.
  56:/home/jacoby/Documents/MCUXpresso_11.10.0_3148/DSP_workspace/DSP3/CMSIS/core_cm4.h **** 
  57:/home/jacoby/Documents/MCUXpresso_11.10.0_3148/DSP_workspace/DSP3/CMSIS/core_cm4.h ****    \li Required Rule 18.4, declaration of union type or object of union type: '{...}'.<br>
  58:/home/jacoby/Documents/MCUXpresso_11.10.0_3148/DSP_workspace/DSP3/CMSIS/core_cm4.h ****      Unions are used for effective representation of core registers.
  59:/home/jacoby/Documents/MCUXpresso_11.10.0_3148/DSP_workspace/DSP3/CMSIS/core_cm4.h **** 
  60:/home/jacoby/Documents/MCUXpresso_11.10.0_3148/DSP_workspace/DSP3/CMSIS/core_cm4.h ****    \li Advisory Rule 19.7, Function-like macro defined.<br>
  61:/home/jacoby/Documents/MCUXpresso_11.10.0_3148/DSP_workspace/DSP3/CMSIS/core_cm4.h ****      Function-like macros are used to allow more efficient code.
  62:/home/jacoby/Documents/MCUXpresso_11.10.0_3148/DSP_workspace/DSP3/CMSIS/core_cm4.h ****  */
  63:/home/jacoby/Documents/MCUXpresso_11.10.0_3148/DSP_workspace/DSP3/CMSIS/core_cm4.h **** 
  64:/home/jacoby/Documents/MCUXpresso_11.10.0_3148/DSP_workspace/DSP3/CMSIS/core_cm4.h **** 
  65:/home/jacoby/Documents/MCUXpresso_11.10.0_3148/DSP_workspace/DSP3/CMSIS/core_cm4.h **** /*******************************************************************************
  66:/home/jacoby/Documents/MCUXpresso_11.10.0_3148/DSP_workspace/DSP3/CMSIS/core_cm4.h ****  *                 CMSIS definitions
  67:/home/jacoby/Documents/MCUXpresso_11.10.0_3148/DSP_workspace/DSP3/CMSIS/core_cm4.h ****  ******************************************************************************/
  68:/home/jacoby/Documents/MCUXpresso_11.10.0_3148/DSP_workspace/DSP3/CMSIS/core_cm4.h **** /**
  69:/home/jacoby/Documents/MCUXpresso_11.10.0_3148/DSP_workspace/DSP3/CMSIS/core_cm4.h ****   \ingroup Cortex_M4
  70:/home/jacoby/Documents/MCUXpresso_11.10.0_3148/DSP_workspace/DSP3/CMSIS/core_cm4.h ****   @{
  71:/home/jacoby/Documents/MCUXpresso_11.10.0_3148/DSP_workspace/DSP3/CMSIS/core_cm4.h ****  */
  72:/home/jacoby/Documents/MCUXpresso_11.10.0_3148/DSP_workspace/DSP3/CMSIS/core_cm4.h **** 
  73:/home/jacoby/Documents/MCUXpresso_11.10.0_3148/DSP_workspace/DSP3/CMSIS/core_cm4.h **** /*  CMSIS CM4 definitions */
  74:/home/jacoby/Documents/MCUXpresso_11.10.0_3148/DSP_workspace/DSP3/CMSIS/core_cm4.h **** #define __CM4_CMSIS_VERSION_MAIN  (0x04U)                                      /*!< [31:16] CMSIS H
  75:/home/jacoby/Documents/MCUXpresso_11.10.0_3148/DSP_workspace/DSP3/CMSIS/core_cm4.h **** #define __CM4_CMSIS_VERSION_SUB   (0x1EU)                                      /*!< [15:0]  CMSIS H
  76:/home/jacoby/Documents/MCUXpresso_11.10.0_3148/DSP_workspace/DSP3/CMSIS/core_cm4.h **** #define __CM4_CMSIS_VERSION       ((__CM4_CMSIS_VERSION_MAIN << 16U) | \
  77:/home/jacoby/Documents/MCUXpresso_11.10.0_3148/DSP_workspace/DSP3/CMSIS/core_cm4.h ****                                     __CM4_CMSIS_VERSION_SUB           )        /*!< CMSIS HAL versi
  78:/home/jacoby/Documents/MCUXpresso_11.10.0_3148/DSP_workspace/DSP3/CMSIS/core_cm4.h **** 
  79:/home/jacoby/Documents/MCUXpresso_11.10.0_3148/DSP_workspace/DSP3/CMSIS/core_cm4.h **** #define __CORTEX_M                (0x04U)                                      /*!< Cortex-M Core *
  80:/home/jacoby/Documents/MCUXpresso_11.10.0_3148/DSP_workspace/DSP3/CMSIS/core_cm4.h **** 
  81:/home/jacoby/Documents/MCUXpresso_11.10.0_3148/DSP_workspace/DSP3/CMSIS/core_cm4.h **** 
  82:/home/jacoby/Documents/MCUXpresso_11.10.0_3148/DSP_workspace/DSP3/CMSIS/core_cm4.h **** #if   defined ( __CC_ARM )
  83:/home/jacoby/Documents/MCUXpresso_11.10.0_3148/DSP_workspace/DSP3/CMSIS/core_cm4.h ****   #define __ASM            __asm                                      /*!< asm keyword for ARM Comp
  84:/home/jacoby/Documents/MCUXpresso_11.10.0_3148/DSP_workspace/DSP3/CMSIS/core_cm4.h ****   #define __INLINE         __inline                                   /*!< inline keyword for ARM C
  85:/home/jacoby/Documents/MCUXpresso_11.10.0_3148/DSP_workspace/DSP3/CMSIS/core_cm4.h ****   #define __STATIC_INLINE  static __inline
  86:/home/jacoby/Documents/MCUXpresso_11.10.0_3148/DSP_workspace/DSP3/CMSIS/core_cm4.h **** 
  87:/home/jacoby/Documents/MCUXpresso_11.10.0_3148/DSP_workspace/DSP3/CMSIS/core_cm4.h **** #elif defined(__ARMCC_VERSION) && (__ARMCC_VERSION >= 6010050)
  88:/home/jacoby/Documents/MCUXpresso_11.10.0_3148/DSP_workspace/DSP3/CMSIS/core_cm4.h ****   #define __ASM            __asm                                      /*!< asm keyword for ARM Comp
  89:/home/jacoby/Documents/MCUXpresso_11.10.0_3148/DSP_workspace/DSP3/CMSIS/core_cm4.h ****   #define __INLINE         __inline                                   /*!< inline keyword for ARM C
  90:/home/jacoby/Documents/MCUXpresso_11.10.0_3148/DSP_workspace/DSP3/CMSIS/core_cm4.h ****   #define __STATIC_INLINE  static __inline
  91:/home/jacoby/Documents/MCUXpresso_11.10.0_3148/DSP_workspace/DSP3/CMSIS/core_cm4.h **** 
  92:/home/jacoby/Documents/MCUXpresso_11.10.0_3148/DSP_workspace/DSP3/CMSIS/core_cm4.h **** #elif defined ( __GNUC__ )
  93:/home/jacoby/Documents/MCUXpresso_11.10.0_3148/DSP_workspace/DSP3/CMSIS/core_cm4.h ****   #define __ASM            __asm                                      /*!< asm keyword for GNU Comp
  94:/home/jacoby/Documents/MCUXpresso_11.10.0_3148/DSP_workspace/DSP3/CMSIS/core_cm4.h ****   #define __INLINE         inline                                     /*!< inline keyword for GNU C
  95:/home/jacoby/Documents/MCUXpresso_11.10.0_3148/DSP_workspace/DSP3/CMSIS/core_cm4.h ****   #define __STATIC_INLINE  static inline
  96:/home/jacoby/Documents/MCUXpresso_11.10.0_3148/DSP_workspace/DSP3/CMSIS/core_cm4.h **** 
  97:/home/jacoby/Documents/MCUXpresso_11.10.0_3148/DSP_workspace/DSP3/CMSIS/core_cm4.h **** #elif defined ( __ICCARM__ )
  98:/home/jacoby/Documents/MCUXpresso_11.10.0_3148/DSP_workspace/DSP3/CMSIS/core_cm4.h ****   #define __ASM            __asm                                      /*!< asm keyword for IAR Comp
  99:/home/jacoby/Documents/MCUXpresso_11.10.0_3148/DSP_workspace/DSP3/CMSIS/core_cm4.h ****   #define __INLINE         inline                                     /*!< inline keyword for IAR C
 100:/home/jacoby/Documents/MCUXpresso_11.10.0_3148/DSP_workspace/DSP3/CMSIS/core_cm4.h ****   #define __STATIC_INLINE  static inline
 101:/home/jacoby/Documents/MCUXpresso_11.10.0_3148/DSP_workspace/DSP3/CMSIS/core_cm4.h **** 
 102:/home/jacoby/Documents/MCUXpresso_11.10.0_3148/DSP_workspace/DSP3/CMSIS/core_cm4.h **** #elif defined ( __TMS470__ )
 103:/home/jacoby/Documents/MCUXpresso_11.10.0_3148/DSP_workspace/DSP3/CMSIS/core_cm4.h ****   #define __ASM            __asm                                      /*!< asm keyword for TI CCS C
 104:/home/jacoby/Documents/MCUXpresso_11.10.0_3148/DSP_workspace/DSP3/CMSIS/core_cm4.h ****   #define __STATIC_INLINE  static inline
 105:/home/jacoby/Documents/MCUXpresso_11.10.0_3148/DSP_workspace/DSP3/CMSIS/core_cm4.h **** 
 106:/home/jacoby/Documents/MCUXpresso_11.10.0_3148/DSP_workspace/DSP3/CMSIS/core_cm4.h **** #elif defined ( __TASKING__ )
 107:/home/jacoby/Documents/MCUXpresso_11.10.0_3148/DSP_workspace/DSP3/CMSIS/core_cm4.h ****   #define __ASM            __asm                                      /*!< asm keyword for TASKING 
 108:/home/jacoby/Documents/MCUXpresso_11.10.0_3148/DSP_workspace/DSP3/CMSIS/core_cm4.h ****   #define __INLINE         inline                                     /*!< inline keyword for TASKI
 109:/home/jacoby/Documents/MCUXpresso_11.10.0_3148/DSP_workspace/DSP3/CMSIS/core_cm4.h ****   #define __STATIC_INLINE  static inline
 110:/home/jacoby/Documents/MCUXpresso_11.10.0_3148/DSP_workspace/DSP3/CMSIS/core_cm4.h **** 
 111:/home/jacoby/Documents/MCUXpresso_11.10.0_3148/DSP_workspace/DSP3/CMSIS/core_cm4.h **** #elif defined ( __CSMC__ )
 112:/home/jacoby/Documents/MCUXpresso_11.10.0_3148/DSP_workspace/DSP3/CMSIS/core_cm4.h ****   #define __packed
 113:/home/jacoby/Documents/MCUXpresso_11.10.0_3148/DSP_workspace/DSP3/CMSIS/core_cm4.h ****   #define __ASM            _asm                                      /*!< asm keyword for COSMIC Co
 114:/home/jacoby/Documents/MCUXpresso_11.10.0_3148/DSP_workspace/DSP3/CMSIS/core_cm4.h ****   #define __INLINE         inline                                    /*!< inline keyword for COSMIC
 115:/home/jacoby/Documents/MCUXpresso_11.10.0_3148/DSP_workspace/DSP3/CMSIS/core_cm4.h ****   #define __STATIC_INLINE  static inline
 116:/home/jacoby/Documents/MCUXpresso_11.10.0_3148/DSP_workspace/DSP3/CMSIS/core_cm4.h **** 
 117:/home/jacoby/Documents/MCUXpresso_11.10.0_3148/DSP_workspace/DSP3/CMSIS/core_cm4.h **** #else
 118:/home/jacoby/Documents/MCUXpresso_11.10.0_3148/DSP_workspace/DSP3/CMSIS/core_cm4.h ****   #error Unknown compiler
 119:/home/jacoby/Documents/MCUXpresso_11.10.0_3148/DSP_workspace/DSP3/CMSIS/core_cm4.h **** #endif
 120:/home/jacoby/Documents/MCUXpresso_11.10.0_3148/DSP_workspace/DSP3/CMSIS/core_cm4.h **** 
 121:/home/jacoby/Documents/MCUXpresso_11.10.0_3148/DSP_workspace/DSP3/CMSIS/core_cm4.h **** /** __FPU_USED indicates whether an FPU is used or not.
 122:/home/jacoby/Documents/MCUXpresso_11.10.0_3148/DSP_workspace/DSP3/CMSIS/core_cm4.h ****     For this, __FPU_PRESENT has to be checked prior to making use of FPU specific registers and fun
 123:/home/jacoby/Documents/MCUXpresso_11.10.0_3148/DSP_workspace/DSP3/CMSIS/core_cm4.h **** */
 124:/home/jacoby/Documents/MCUXpresso_11.10.0_3148/DSP_workspace/DSP3/CMSIS/core_cm4.h **** #if defined ( __CC_ARM )
 125:/home/jacoby/Documents/MCUXpresso_11.10.0_3148/DSP_workspace/DSP3/CMSIS/core_cm4.h ****   #if defined __TARGET_FPU_VFP
 126:/home/jacoby/Documents/MCUXpresso_11.10.0_3148/DSP_workspace/DSP3/CMSIS/core_cm4.h ****     #if (__FPU_PRESENT == 1U)
 127:/home/jacoby/Documents/MCUXpresso_11.10.0_3148/DSP_workspace/DSP3/CMSIS/core_cm4.h ****       #define __FPU_USED       1U
 128:/home/jacoby/Documents/MCUXpresso_11.10.0_3148/DSP_workspace/DSP3/CMSIS/core_cm4.h ****     #else
 129:/home/jacoby/Documents/MCUXpresso_11.10.0_3148/DSP_workspace/DSP3/CMSIS/core_cm4.h ****       #error "Compiler generates FPU instructions for a device without an FPU (check __FPU_PRESENT)
 130:/home/jacoby/Documents/MCUXpresso_11.10.0_3148/DSP_workspace/DSP3/CMSIS/core_cm4.h ****       #define __FPU_USED       0U
 131:/home/jacoby/Documents/MCUXpresso_11.10.0_3148/DSP_workspace/DSP3/CMSIS/core_cm4.h ****     #endif
 132:/home/jacoby/Documents/MCUXpresso_11.10.0_3148/DSP_workspace/DSP3/CMSIS/core_cm4.h ****   #else
 133:/home/jacoby/Documents/MCUXpresso_11.10.0_3148/DSP_workspace/DSP3/CMSIS/core_cm4.h ****     #define __FPU_USED         0U
 134:/home/jacoby/Documents/MCUXpresso_11.10.0_3148/DSP_workspace/DSP3/CMSIS/core_cm4.h ****   #endif
 135:/home/jacoby/Documents/MCUXpresso_11.10.0_3148/DSP_workspace/DSP3/CMSIS/core_cm4.h **** 
 136:/home/jacoby/Documents/MCUXpresso_11.10.0_3148/DSP_workspace/DSP3/CMSIS/core_cm4.h **** #elif defined(__ARMCC_VERSION) && (__ARMCC_VERSION >= 6010050)
 137:/home/jacoby/Documents/MCUXpresso_11.10.0_3148/DSP_workspace/DSP3/CMSIS/core_cm4.h ****   #if defined __ARM_PCS_VFP
 138:/home/jacoby/Documents/MCUXpresso_11.10.0_3148/DSP_workspace/DSP3/CMSIS/core_cm4.h ****     #if (__FPU_PRESENT == 1)
 139:/home/jacoby/Documents/MCUXpresso_11.10.0_3148/DSP_workspace/DSP3/CMSIS/core_cm4.h ****       #define __FPU_USED       1U
 140:/home/jacoby/Documents/MCUXpresso_11.10.0_3148/DSP_workspace/DSP3/CMSIS/core_cm4.h ****     #else
 141:/home/jacoby/Documents/MCUXpresso_11.10.0_3148/DSP_workspace/DSP3/CMSIS/core_cm4.h ****       #warning "Compiler generates FPU instructions for a device without an FPU (check __FPU_PRESEN
 142:/home/jacoby/Documents/MCUXpresso_11.10.0_3148/DSP_workspace/DSP3/CMSIS/core_cm4.h ****       #define __FPU_USED       0U
 143:/home/jacoby/Documents/MCUXpresso_11.10.0_3148/DSP_workspace/DSP3/CMSIS/core_cm4.h ****     #endif
 144:/home/jacoby/Documents/MCUXpresso_11.10.0_3148/DSP_workspace/DSP3/CMSIS/core_cm4.h ****   #else
 145:/home/jacoby/Documents/MCUXpresso_11.10.0_3148/DSP_workspace/DSP3/CMSIS/core_cm4.h ****     #define __FPU_USED         0U
 146:/home/jacoby/Documents/MCUXpresso_11.10.0_3148/DSP_workspace/DSP3/CMSIS/core_cm4.h ****   #endif
 147:/home/jacoby/Documents/MCUXpresso_11.10.0_3148/DSP_workspace/DSP3/CMSIS/core_cm4.h **** 
 148:/home/jacoby/Documents/MCUXpresso_11.10.0_3148/DSP_workspace/DSP3/CMSIS/core_cm4.h **** #elif defined ( __GNUC__ )
 149:/home/jacoby/Documents/MCUXpresso_11.10.0_3148/DSP_workspace/DSP3/CMSIS/core_cm4.h ****   #if defined (__VFP_FP__) && !defined(__SOFTFP__)
 150:/home/jacoby/Documents/MCUXpresso_11.10.0_3148/DSP_workspace/DSP3/CMSIS/core_cm4.h ****     #if (__FPU_PRESENT == 1U)
 151:/home/jacoby/Documents/MCUXpresso_11.10.0_3148/DSP_workspace/DSP3/CMSIS/core_cm4.h ****       #define __FPU_USED       1U
 152:/home/jacoby/Documents/MCUXpresso_11.10.0_3148/DSP_workspace/DSP3/CMSIS/core_cm4.h ****     #else
 153:/home/jacoby/Documents/MCUXpresso_11.10.0_3148/DSP_workspace/DSP3/CMSIS/core_cm4.h ****       #error "Compiler generates FPU instructions for a device without an FPU (check __FPU_PRESENT)
 154:/home/jacoby/Documents/MCUXpresso_11.10.0_3148/DSP_workspace/DSP3/CMSIS/core_cm4.h ****       #define __FPU_USED       0U
 155:/home/jacoby/Documents/MCUXpresso_11.10.0_3148/DSP_workspace/DSP3/CMSIS/core_cm4.h ****     #endif
 156:/home/jacoby/Documents/MCUXpresso_11.10.0_3148/DSP_workspace/DSP3/CMSIS/core_cm4.h ****   #else
 157:/home/jacoby/Documents/MCUXpresso_11.10.0_3148/DSP_workspace/DSP3/CMSIS/core_cm4.h ****     #define __FPU_USED         0U
 158:/home/jacoby/Documents/MCUXpresso_11.10.0_3148/DSP_workspace/DSP3/CMSIS/core_cm4.h ****   #endif
 159:/home/jacoby/Documents/MCUXpresso_11.10.0_3148/DSP_workspace/DSP3/CMSIS/core_cm4.h **** 
 160:/home/jacoby/Documents/MCUXpresso_11.10.0_3148/DSP_workspace/DSP3/CMSIS/core_cm4.h **** #elif defined ( __ICCARM__ )
 161:/home/jacoby/Documents/MCUXpresso_11.10.0_3148/DSP_workspace/DSP3/CMSIS/core_cm4.h ****   #if defined __ARMVFP__
 162:/home/jacoby/Documents/MCUXpresso_11.10.0_3148/DSP_workspace/DSP3/CMSIS/core_cm4.h ****     #if (__FPU_PRESENT == 1U)
 163:/home/jacoby/Documents/MCUXpresso_11.10.0_3148/DSP_workspace/DSP3/CMSIS/core_cm4.h ****       #define __FPU_USED       1U
 164:/home/jacoby/Documents/MCUXpresso_11.10.0_3148/DSP_workspace/DSP3/CMSIS/core_cm4.h ****     #else
 165:/home/jacoby/Documents/MCUXpresso_11.10.0_3148/DSP_workspace/DSP3/CMSIS/core_cm4.h ****       #error "Compiler generates FPU instructions for a device without an FPU (check __FPU_PRESENT)
 166:/home/jacoby/Documents/MCUXpresso_11.10.0_3148/DSP_workspace/DSP3/CMSIS/core_cm4.h ****       #define __FPU_USED       0U
 167:/home/jacoby/Documents/MCUXpresso_11.10.0_3148/DSP_workspace/DSP3/CMSIS/core_cm4.h ****     #endif
 168:/home/jacoby/Documents/MCUXpresso_11.10.0_3148/DSP_workspace/DSP3/CMSIS/core_cm4.h ****   #else
 169:/home/jacoby/Documents/MCUXpresso_11.10.0_3148/DSP_workspace/DSP3/CMSIS/core_cm4.h ****     #define __FPU_USED         0U
 170:/home/jacoby/Documents/MCUXpresso_11.10.0_3148/DSP_workspace/DSP3/CMSIS/core_cm4.h ****   #endif
 171:/home/jacoby/Documents/MCUXpresso_11.10.0_3148/DSP_workspace/DSP3/CMSIS/core_cm4.h **** 
 172:/home/jacoby/Documents/MCUXpresso_11.10.0_3148/DSP_workspace/DSP3/CMSIS/core_cm4.h **** #elif defined ( __TMS470__ )
 173:/home/jacoby/Documents/MCUXpresso_11.10.0_3148/DSP_workspace/DSP3/CMSIS/core_cm4.h ****   #if defined __TI_VFP_SUPPORT__
 174:/home/jacoby/Documents/MCUXpresso_11.10.0_3148/DSP_workspace/DSP3/CMSIS/core_cm4.h ****     #if (__FPU_PRESENT == 1U)
 175:/home/jacoby/Documents/MCUXpresso_11.10.0_3148/DSP_workspace/DSP3/CMSIS/core_cm4.h ****       #define __FPU_USED       1U
 176:/home/jacoby/Documents/MCUXpresso_11.10.0_3148/DSP_workspace/DSP3/CMSIS/core_cm4.h ****     #else
 177:/home/jacoby/Documents/MCUXpresso_11.10.0_3148/DSP_workspace/DSP3/CMSIS/core_cm4.h ****       #error "Compiler generates FPU instructions for a device without an FPU (check __FPU_PRESENT)
 178:/home/jacoby/Documents/MCUXpresso_11.10.0_3148/DSP_workspace/DSP3/CMSIS/core_cm4.h ****       #define __FPU_USED       0U
 179:/home/jacoby/Documents/MCUXpresso_11.10.0_3148/DSP_workspace/DSP3/CMSIS/core_cm4.h ****     #endif
 180:/home/jacoby/Documents/MCUXpresso_11.10.0_3148/DSP_workspace/DSP3/CMSIS/core_cm4.h ****   #else
 181:/home/jacoby/Documents/MCUXpresso_11.10.0_3148/DSP_workspace/DSP3/CMSIS/core_cm4.h ****     #define __FPU_USED         0U
 182:/home/jacoby/Documents/MCUXpresso_11.10.0_3148/DSP_workspace/DSP3/CMSIS/core_cm4.h ****   #endif
 183:/home/jacoby/Documents/MCUXpresso_11.10.0_3148/DSP_workspace/DSP3/CMSIS/core_cm4.h **** 
 184:/home/jacoby/Documents/MCUXpresso_11.10.0_3148/DSP_workspace/DSP3/CMSIS/core_cm4.h **** #elif defined ( __TASKING__ )
 185:/home/jacoby/Documents/MCUXpresso_11.10.0_3148/DSP_workspace/DSP3/CMSIS/core_cm4.h ****   #if defined __FPU_VFP__
 186:/home/jacoby/Documents/MCUXpresso_11.10.0_3148/DSP_workspace/DSP3/CMSIS/core_cm4.h ****     #if (__FPU_PRESENT == 1U)
 187:/home/jacoby/Documents/MCUXpresso_11.10.0_3148/DSP_workspace/DSP3/CMSIS/core_cm4.h ****       #define __FPU_USED       1U
 188:/home/jacoby/Documents/MCUXpresso_11.10.0_3148/DSP_workspace/DSP3/CMSIS/core_cm4.h ****     #else
 189:/home/jacoby/Documents/MCUXpresso_11.10.0_3148/DSP_workspace/DSP3/CMSIS/core_cm4.h ****       #error "Compiler generates FPU instructions for a device without an FPU (check __FPU_PRESENT)
 190:/home/jacoby/Documents/MCUXpresso_11.10.0_3148/DSP_workspace/DSP3/CMSIS/core_cm4.h ****       #define __FPU_USED       0U
 191:/home/jacoby/Documents/MCUXpresso_11.10.0_3148/DSP_workspace/DSP3/CMSIS/core_cm4.h ****     #endif
 192:/home/jacoby/Documents/MCUXpresso_11.10.0_3148/DSP_workspace/DSP3/CMSIS/core_cm4.h ****   #else
 193:/home/jacoby/Documents/MCUXpresso_11.10.0_3148/DSP_workspace/DSP3/CMSIS/core_cm4.h ****     #define __FPU_USED         0U
 194:/home/jacoby/Documents/MCUXpresso_11.10.0_3148/DSP_workspace/DSP3/CMSIS/core_cm4.h ****   #endif
 195:/home/jacoby/Documents/MCUXpresso_11.10.0_3148/DSP_workspace/DSP3/CMSIS/core_cm4.h **** 
 196:/home/jacoby/Documents/MCUXpresso_11.10.0_3148/DSP_workspace/DSP3/CMSIS/core_cm4.h **** #elif defined ( __CSMC__ )
 197:/home/jacoby/Documents/MCUXpresso_11.10.0_3148/DSP_workspace/DSP3/CMSIS/core_cm4.h ****   #if ( __CSMC__ & 0x400U)
 198:/home/jacoby/Documents/MCUXpresso_11.10.0_3148/DSP_workspace/DSP3/CMSIS/core_cm4.h ****     #if (__FPU_PRESENT == 1U)
 199:/home/jacoby/Documents/MCUXpresso_11.10.0_3148/DSP_workspace/DSP3/CMSIS/core_cm4.h ****       #define __FPU_USED       1U
 200:/home/jacoby/Documents/MCUXpresso_11.10.0_3148/DSP_workspace/DSP3/CMSIS/core_cm4.h ****     #else
 201:/home/jacoby/Documents/MCUXpresso_11.10.0_3148/DSP_workspace/DSP3/CMSIS/core_cm4.h ****       #error "Compiler generates FPU instructions for a device without an FPU (check __FPU_PRESENT)
 202:/home/jacoby/Documents/MCUXpresso_11.10.0_3148/DSP_workspace/DSP3/CMSIS/core_cm4.h ****       #define __FPU_USED       0U
 203:/home/jacoby/Documents/MCUXpresso_11.10.0_3148/DSP_workspace/DSP3/CMSIS/core_cm4.h ****     #endif
 204:/home/jacoby/Documents/MCUXpresso_11.10.0_3148/DSP_workspace/DSP3/CMSIS/core_cm4.h ****   #else
 205:/home/jacoby/Documents/MCUXpresso_11.10.0_3148/DSP_workspace/DSP3/CMSIS/core_cm4.h ****     #define __FPU_USED         0U
 206:/home/jacoby/Documents/MCUXpresso_11.10.0_3148/DSP_workspace/DSP3/CMSIS/core_cm4.h ****   #endif
 207:/home/jacoby/Documents/MCUXpresso_11.10.0_3148/DSP_workspace/DSP3/CMSIS/core_cm4.h **** 
 208:/home/jacoby/Documents/MCUXpresso_11.10.0_3148/DSP_workspace/DSP3/CMSIS/core_cm4.h **** #endif
 209:/home/jacoby/Documents/MCUXpresso_11.10.0_3148/DSP_workspace/DSP3/CMSIS/core_cm4.h **** 
 210:/home/jacoby/Documents/MCUXpresso_11.10.0_3148/DSP_workspace/DSP3/CMSIS/core_cm4.h **** #include "core_cmInstr.h"                /* Core Instruction Access */
 211:/home/jacoby/Documents/MCUXpresso_11.10.0_3148/DSP_workspace/DSP3/CMSIS/core_cm4.h **** #include "core_cmFunc.h"                 /* Core Function Access */
 212:/home/jacoby/Documents/MCUXpresso_11.10.0_3148/DSP_workspace/DSP3/CMSIS/core_cm4.h **** #include "core_cmSimd.h"                 /* Compiler specific SIMD Intrinsics */
 213:/home/jacoby/Documents/MCUXpresso_11.10.0_3148/DSP_workspace/DSP3/CMSIS/core_cm4.h **** 
 214:/home/jacoby/Documents/MCUXpresso_11.10.0_3148/DSP_workspace/DSP3/CMSIS/core_cm4.h **** #ifdef __cplusplus
 215:/home/jacoby/Documents/MCUXpresso_11.10.0_3148/DSP_workspace/DSP3/CMSIS/core_cm4.h **** }
 216:/home/jacoby/Documents/MCUXpresso_11.10.0_3148/DSP_workspace/DSP3/CMSIS/core_cm4.h **** #endif
 217:/home/jacoby/Documents/MCUXpresso_11.10.0_3148/DSP_workspace/DSP3/CMSIS/core_cm4.h **** 
 218:/home/jacoby/Documents/MCUXpresso_11.10.0_3148/DSP_workspace/DSP3/CMSIS/core_cm4.h **** #endif /* __CORE_CM4_H_GENERIC */
 219:/home/jacoby/Documents/MCUXpresso_11.10.0_3148/DSP_workspace/DSP3/CMSIS/core_cm4.h **** 
 220:/home/jacoby/Documents/MCUXpresso_11.10.0_3148/DSP_workspace/DSP3/CMSIS/core_cm4.h **** #ifndef __CMSIS_GENERIC
 221:/home/jacoby/Documents/MCUXpresso_11.10.0_3148/DSP_workspace/DSP3/CMSIS/core_cm4.h **** 
 222:/home/jacoby/Documents/MCUXpresso_11.10.0_3148/DSP_workspace/DSP3/CMSIS/core_cm4.h **** #ifndef __CORE_CM4_H_DEPENDANT
 223:/home/jacoby/Documents/MCUXpresso_11.10.0_3148/DSP_workspace/DSP3/CMSIS/core_cm4.h **** #define __CORE_CM4_H_DEPENDANT
 224:/home/jacoby/Documents/MCUXpresso_11.10.0_3148/DSP_workspace/DSP3/CMSIS/core_cm4.h **** 
 225:/home/jacoby/Documents/MCUXpresso_11.10.0_3148/DSP_workspace/DSP3/CMSIS/core_cm4.h **** #ifdef __cplusplus
 226:/home/jacoby/Documents/MCUXpresso_11.10.0_3148/DSP_workspace/DSP3/CMSIS/core_cm4.h ****  extern "C" {
 227:/home/jacoby/Documents/MCUXpresso_11.10.0_3148/DSP_workspace/DSP3/CMSIS/core_cm4.h **** #endif
 228:/home/jacoby/Documents/MCUXpresso_11.10.0_3148/DSP_workspace/DSP3/CMSIS/core_cm4.h **** 
 229:/home/jacoby/Documents/MCUXpresso_11.10.0_3148/DSP_workspace/DSP3/CMSIS/core_cm4.h **** /* check device defines and use defaults */
 230:/home/jacoby/Documents/MCUXpresso_11.10.0_3148/DSP_workspace/DSP3/CMSIS/core_cm4.h **** #if defined __CHECK_DEVICE_DEFINES
 231:/home/jacoby/Documents/MCUXpresso_11.10.0_3148/DSP_workspace/DSP3/CMSIS/core_cm4.h ****   #ifndef __CM4_REV
 232:/home/jacoby/Documents/MCUXpresso_11.10.0_3148/DSP_workspace/DSP3/CMSIS/core_cm4.h ****     #define __CM4_REV               0x0000U
 233:/home/jacoby/Documents/MCUXpresso_11.10.0_3148/DSP_workspace/DSP3/CMSIS/core_cm4.h ****     #warning "__CM4_REV not defined in device header file; using default!"
 234:/home/jacoby/Documents/MCUXpresso_11.10.0_3148/DSP_workspace/DSP3/CMSIS/core_cm4.h ****   #endif
 235:/home/jacoby/Documents/MCUXpresso_11.10.0_3148/DSP_workspace/DSP3/CMSIS/core_cm4.h **** 
 236:/home/jacoby/Documents/MCUXpresso_11.10.0_3148/DSP_workspace/DSP3/CMSIS/core_cm4.h ****   #ifndef __FPU_PRESENT
 237:/home/jacoby/Documents/MCUXpresso_11.10.0_3148/DSP_workspace/DSP3/CMSIS/core_cm4.h ****     #define __FPU_PRESENT             0U
 238:/home/jacoby/Documents/MCUXpresso_11.10.0_3148/DSP_workspace/DSP3/CMSIS/core_cm4.h ****     #warning "__FPU_PRESENT not defined in device header file; using default!"
 239:/home/jacoby/Documents/MCUXpresso_11.10.0_3148/DSP_workspace/DSP3/CMSIS/core_cm4.h ****   #endif
 240:/home/jacoby/Documents/MCUXpresso_11.10.0_3148/DSP_workspace/DSP3/CMSIS/core_cm4.h **** 
 241:/home/jacoby/Documents/MCUXpresso_11.10.0_3148/DSP_workspace/DSP3/CMSIS/core_cm4.h ****   #ifndef __MPU_PRESENT
 242:/home/jacoby/Documents/MCUXpresso_11.10.0_3148/DSP_workspace/DSP3/CMSIS/core_cm4.h ****     #define __MPU_PRESENT             0U
 243:/home/jacoby/Documents/MCUXpresso_11.10.0_3148/DSP_workspace/DSP3/CMSIS/core_cm4.h ****     #warning "__MPU_PRESENT not defined in device header file; using default!"
 244:/home/jacoby/Documents/MCUXpresso_11.10.0_3148/DSP_workspace/DSP3/CMSIS/core_cm4.h ****   #endif
 245:/home/jacoby/Documents/MCUXpresso_11.10.0_3148/DSP_workspace/DSP3/CMSIS/core_cm4.h **** 
 246:/home/jacoby/Documents/MCUXpresso_11.10.0_3148/DSP_workspace/DSP3/CMSIS/core_cm4.h ****   #ifndef __NVIC_PRIO_BITS
 247:/home/jacoby/Documents/MCUXpresso_11.10.0_3148/DSP_workspace/DSP3/CMSIS/core_cm4.h ****     #define __NVIC_PRIO_BITS          4U
 248:/home/jacoby/Documents/MCUXpresso_11.10.0_3148/DSP_workspace/DSP3/CMSIS/core_cm4.h ****     #warning "__NVIC_PRIO_BITS not defined in device header file; using default!"
 249:/home/jacoby/Documents/MCUXpresso_11.10.0_3148/DSP_workspace/DSP3/CMSIS/core_cm4.h ****   #endif
 250:/home/jacoby/Documents/MCUXpresso_11.10.0_3148/DSP_workspace/DSP3/CMSIS/core_cm4.h **** 
 251:/home/jacoby/Documents/MCUXpresso_11.10.0_3148/DSP_workspace/DSP3/CMSIS/core_cm4.h ****   #ifndef __Vendor_SysTickConfig
 252:/home/jacoby/Documents/MCUXpresso_11.10.0_3148/DSP_workspace/DSP3/CMSIS/core_cm4.h ****     #define __Vendor_SysTickConfig    0U
 253:/home/jacoby/Documents/MCUXpresso_11.10.0_3148/DSP_workspace/DSP3/CMSIS/core_cm4.h ****     #warning "__Vendor_SysTickConfig not defined in device header file; using default!"
 254:/home/jacoby/Documents/MCUXpresso_11.10.0_3148/DSP_workspace/DSP3/CMSIS/core_cm4.h ****   #endif
 255:/home/jacoby/Documents/MCUXpresso_11.10.0_3148/DSP_workspace/DSP3/CMSIS/core_cm4.h **** #endif
 256:/home/jacoby/Documents/MCUXpresso_11.10.0_3148/DSP_workspace/DSP3/CMSIS/core_cm4.h **** 
 257:/home/jacoby/Documents/MCUXpresso_11.10.0_3148/DSP_workspace/DSP3/CMSIS/core_cm4.h **** /* IO definitions (access restrictions to peripheral registers) */
 258:/home/jacoby/Documents/MCUXpresso_11.10.0_3148/DSP_workspace/DSP3/CMSIS/core_cm4.h **** /**
 259:/home/jacoby/Documents/MCUXpresso_11.10.0_3148/DSP_workspace/DSP3/CMSIS/core_cm4.h ****     \defgroup CMSIS_glob_defs CMSIS Global Defines
 260:/home/jacoby/Documents/MCUXpresso_11.10.0_3148/DSP_workspace/DSP3/CMSIS/core_cm4.h **** 
 261:/home/jacoby/Documents/MCUXpresso_11.10.0_3148/DSP_workspace/DSP3/CMSIS/core_cm4.h ****     <strong>IO Type Qualifiers</strong> are used
 262:/home/jacoby/Documents/MCUXpresso_11.10.0_3148/DSP_workspace/DSP3/CMSIS/core_cm4.h ****     \li to specify the access to peripheral variables.
 263:/home/jacoby/Documents/MCUXpresso_11.10.0_3148/DSP_workspace/DSP3/CMSIS/core_cm4.h ****     \li for automatic generation of peripheral register debug information.
 264:/home/jacoby/Documents/MCUXpresso_11.10.0_3148/DSP_workspace/DSP3/CMSIS/core_cm4.h **** */
 265:/home/jacoby/Documents/MCUXpresso_11.10.0_3148/DSP_workspace/DSP3/CMSIS/core_cm4.h **** #ifdef __cplusplus
 266:/home/jacoby/Documents/MCUXpresso_11.10.0_3148/DSP_workspace/DSP3/CMSIS/core_cm4.h ****   #define   __I     volatile             /*!< Defines 'read only' permissions */
 267:/home/jacoby/Documents/MCUXpresso_11.10.0_3148/DSP_workspace/DSP3/CMSIS/core_cm4.h **** #else
 268:/home/jacoby/Documents/MCUXpresso_11.10.0_3148/DSP_workspace/DSP3/CMSIS/core_cm4.h ****   #define   __I     volatile const       /*!< Defines 'read only' permissions */
 269:/home/jacoby/Documents/MCUXpresso_11.10.0_3148/DSP_workspace/DSP3/CMSIS/core_cm4.h **** #endif
 270:/home/jacoby/Documents/MCUXpresso_11.10.0_3148/DSP_workspace/DSP3/CMSIS/core_cm4.h **** #define     __O     volatile             /*!< Defines 'write only' permissions */
 271:/home/jacoby/Documents/MCUXpresso_11.10.0_3148/DSP_workspace/DSP3/CMSIS/core_cm4.h **** #define     __IO    volatile             /*!< Defines 'read / write' permissions */
 272:/home/jacoby/Documents/MCUXpresso_11.10.0_3148/DSP_workspace/DSP3/CMSIS/core_cm4.h **** 
 273:/home/jacoby/Documents/MCUXpresso_11.10.0_3148/DSP_workspace/DSP3/CMSIS/core_cm4.h **** /* following defines should be used for structure members */
 274:/home/jacoby/Documents/MCUXpresso_11.10.0_3148/DSP_workspace/DSP3/CMSIS/core_cm4.h **** #define     __IM     volatile const      /*! Defines 'read only' structure member permissions */
 275:/home/jacoby/Documents/MCUXpresso_11.10.0_3148/DSP_workspace/DSP3/CMSIS/core_cm4.h **** #define     __OM     volatile            /*! Defines 'write only' structure member permissions */
 276:/home/jacoby/Documents/MCUXpresso_11.10.0_3148/DSP_workspace/DSP3/CMSIS/core_cm4.h **** #define     __IOM    volatile            /*! Defines 'read / write' structure member permissions */
 277:/home/jacoby/Documents/MCUXpresso_11.10.0_3148/DSP_workspace/DSP3/CMSIS/core_cm4.h **** 
 278:/home/jacoby/Documents/MCUXpresso_11.10.0_3148/DSP_workspace/DSP3/CMSIS/core_cm4.h **** /*@} end of group Cortex_M4 */
 279:/home/jacoby/Documents/MCUXpresso_11.10.0_3148/DSP_workspace/DSP3/CMSIS/core_cm4.h **** 
 280:/home/jacoby/Documents/MCUXpresso_11.10.0_3148/DSP_workspace/DSP3/CMSIS/core_cm4.h **** 
 281:/home/jacoby/Documents/MCUXpresso_11.10.0_3148/DSP_workspace/DSP3/CMSIS/core_cm4.h **** 
 282:/home/jacoby/Documents/MCUXpresso_11.10.0_3148/DSP_workspace/DSP3/CMSIS/core_cm4.h **** /*******************************************************************************
 283:/home/jacoby/Documents/MCUXpresso_11.10.0_3148/DSP_workspace/DSP3/CMSIS/core_cm4.h ****  *                 Register Abstraction
 284:/home/jacoby/Documents/MCUXpresso_11.10.0_3148/DSP_workspace/DSP3/CMSIS/core_cm4.h ****   Core Register contain:
 285:/home/jacoby/Documents/MCUXpresso_11.10.0_3148/DSP_workspace/DSP3/CMSIS/core_cm4.h ****   - Core Register
 286:/home/jacoby/Documents/MCUXpresso_11.10.0_3148/DSP_workspace/DSP3/CMSIS/core_cm4.h ****   - Core NVIC Register
 287:/home/jacoby/Documents/MCUXpresso_11.10.0_3148/DSP_workspace/DSP3/CMSIS/core_cm4.h ****   - Core SCB Register
 288:/home/jacoby/Documents/MCUXpresso_11.10.0_3148/DSP_workspace/DSP3/CMSIS/core_cm4.h ****   - Core SysTick Register
 289:/home/jacoby/Documents/MCUXpresso_11.10.0_3148/DSP_workspace/DSP3/CMSIS/core_cm4.h ****   - Core Debug Register
 290:/home/jacoby/Documents/MCUXpresso_11.10.0_3148/DSP_workspace/DSP3/CMSIS/core_cm4.h ****   - Core MPU Register
 291:/home/jacoby/Documents/MCUXpresso_11.10.0_3148/DSP_workspace/DSP3/CMSIS/core_cm4.h ****   - Core FPU Register
 292:/home/jacoby/Documents/MCUXpresso_11.10.0_3148/DSP_workspace/DSP3/CMSIS/core_cm4.h ****  ******************************************************************************/
 293:/home/jacoby/Documents/MCUXpresso_11.10.0_3148/DSP_workspace/DSP3/CMSIS/core_cm4.h **** /**
 294:/home/jacoby/Documents/MCUXpresso_11.10.0_3148/DSP_workspace/DSP3/CMSIS/core_cm4.h ****   \defgroup CMSIS_core_register Defines and Type Definitions
 295:/home/jacoby/Documents/MCUXpresso_11.10.0_3148/DSP_workspace/DSP3/CMSIS/core_cm4.h ****   \brief Type definitions and defines for Cortex-M processor based devices.
 296:/home/jacoby/Documents/MCUXpresso_11.10.0_3148/DSP_workspace/DSP3/CMSIS/core_cm4.h **** */
 297:/home/jacoby/Documents/MCUXpresso_11.10.0_3148/DSP_workspace/DSP3/CMSIS/core_cm4.h **** 
 298:/home/jacoby/Documents/MCUXpresso_11.10.0_3148/DSP_workspace/DSP3/CMSIS/core_cm4.h **** /**
 299:/home/jacoby/Documents/MCUXpresso_11.10.0_3148/DSP_workspace/DSP3/CMSIS/core_cm4.h ****   \ingroup    CMSIS_core_register
 300:/home/jacoby/Documents/MCUXpresso_11.10.0_3148/DSP_workspace/DSP3/CMSIS/core_cm4.h ****   \defgroup   CMSIS_CORE  Status and Control Registers
 301:/home/jacoby/Documents/MCUXpresso_11.10.0_3148/DSP_workspace/DSP3/CMSIS/core_cm4.h ****   \brief      Core Register type definitions.
 302:/home/jacoby/Documents/MCUXpresso_11.10.0_3148/DSP_workspace/DSP3/CMSIS/core_cm4.h ****   @{
 303:/home/jacoby/Documents/MCUXpresso_11.10.0_3148/DSP_workspace/DSP3/CMSIS/core_cm4.h ****  */
 304:/home/jacoby/Documents/MCUXpresso_11.10.0_3148/DSP_workspace/DSP3/CMSIS/core_cm4.h **** 
 305:/home/jacoby/Documents/MCUXpresso_11.10.0_3148/DSP_workspace/DSP3/CMSIS/core_cm4.h **** /**
 306:/home/jacoby/Documents/MCUXpresso_11.10.0_3148/DSP_workspace/DSP3/CMSIS/core_cm4.h ****   \brief  Union type to access the Application Program Status Register (APSR).
 307:/home/jacoby/Documents/MCUXpresso_11.10.0_3148/DSP_workspace/DSP3/CMSIS/core_cm4.h ****  */
 308:/home/jacoby/Documents/MCUXpresso_11.10.0_3148/DSP_workspace/DSP3/CMSIS/core_cm4.h **** typedef union
 309:/home/jacoby/Documents/MCUXpresso_11.10.0_3148/DSP_workspace/DSP3/CMSIS/core_cm4.h **** {
 310:/home/jacoby/Documents/MCUXpresso_11.10.0_3148/DSP_workspace/DSP3/CMSIS/core_cm4.h ****   struct
 311:/home/jacoby/Documents/MCUXpresso_11.10.0_3148/DSP_workspace/DSP3/CMSIS/core_cm4.h ****   {
 312:/home/jacoby/Documents/MCUXpresso_11.10.0_3148/DSP_workspace/DSP3/CMSIS/core_cm4.h ****     uint32_t _reserved0:16;              /*!< bit:  0..15  Reserved */
 313:/home/jacoby/Documents/MCUXpresso_11.10.0_3148/DSP_workspace/DSP3/CMSIS/core_cm4.h ****     uint32_t GE:4;                       /*!< bit: 16..19  Greater than or Equal flags */
 314:/home/jacoby/Documents/MCUXpresso_11.10.0_3148/DSP_workspace/DSP3/CMSIS/core_cm4.h ****     uint32_t _reserved1:7;               /*!< bit: 20..26  Reserved */
 315:/home/jacoby/Documents/MCUXpresso_11.10.0_3148/DSP_workspace/DSP3/CMSIS/core_cm4.h ****     uint32_t Q:1;                        /*!< bit:     27  Saturation condition flag */
 316:/home/jacoby/Documents/MCUXpresso_11.10.0_3148/DSP_workspace/DSP3/CMSIS/core_cm4.h ****     uint32_t V:1;                        /*!< bit:     28  Overflow condition code flag */
 317:/home/jacoby/Documents/MCUXpresso_11.10.0_3148/DSP_workspace/DSP3/CMSIS/core_cm4.h ****     uint32_t C:1;                        /*!< bit:     29  Carry condition code flag */
 318:/home/jacoby/Documents/MCUXpresso_11.10.0_3148/DSP_workspace/DSP3/CMSIS/core_cm4.h ****     uint32_t Z:1;                        /*!< bit:     30  Zero condition code flag */
 319:/home/jacoby/Documents/MCUXpresso_11.10.0_3148/DSP_workspace/DSP3/CMSIS/core_cm4.h ****     uint32_t N:1;                        /*!< bit:     31  Negative condition code flag */
 320:/home/jacoby/Documents/MCUXpresso_11.10.0_3148/DSP_workspace/DSP3/CMSIS/core_cm4.h ****   } b;                                   /*!< Structure used for bit  access */
 321:/home/jacoby/Documents/MCUXpresso_11.10.0_3148/DSP_workspace/DSP3/CMSIS/core_cm4.h ****   uint32_t w;                            /*!< Type      used for word access */
 322:/home/jacoby/Documents/MCUXpresso_11.10.0_3148/DSP_workspace/DSP3/CMSIS/core_cm4.h **** } APSR_Type;
 323:/home/jacoby/Documents/MCUXpresso_11.10.0_3148/DSP_workspace/DSP3/CMSIS/core_cm4.h **** 
 324:/home/jacoby/Documents/MCUXpresso_11.10.0_3148/DSP_workspace/DSP3/CMSIS/core_cm4.h **** /* APSR Register Definitions */
 325:/home/jacoby/Documents/MCUXpresso_11.10.0_3148/DSP_workspace/DSP3/CMSIS/core_cm4.h **** #define APSR_N_Pos                         31U                                            /*!< APSR
 326:/home/jacoby/Documents/MCUXpresso_11.10.0_3148/DSP_workspace/DSP3/CMSIS/core_cm4.h **** #define APSR_N_Msk                         (1UL << APSR_N_Pos)                            /*!< APSR
 327:/home/jacoby/Documents/MCUXpresso_11.10.0_3148/DSP_workspace/DSP3/CMSIS/core_cm4.h **** 
 328:/home/jacoby/Documents/MCUXpresso_11.10.0_3148/DSP_workspace/DSP3/CMSIS/core_cm4.h **** #define APSR_Z_Pos                         30U                                            /*!< APSR
 329:/home/jacoby/Documents/MCUXpresso_11.10.0_3148/DSP_workspace/DSP3/CMSIS/core_cm4.h **** #define APSR_Z_Msk                         (1UL << APSR_Z_Pos)                            /*!< APSR
 330:/home/jacoby/Documents/MCUXpresso_11.10.0_3148/DSP_workspace/DSP3/CMSIS/core_cm4.h **** 
 331:/home/jacoby/Documents/MCUXpresso_11.10.0_3148/DSP_workspace/DSP3/CMSIS/core_cm4.h **** #define APSR_C_Pos                         29U                                            /*!< APSR
 332:/home/jacoby/Documents/MCUXpresso_11.10.0_3148/DSP_workspace/DSP3/CMSIS/core_cm4.h **** #define APSR_C_Msk                         (1UL << APSR_C_Pos)                            /*!< APSR
 333:/home/jacoby/Documents/MCUXpresso_11.10.0_3148/DSP_workspace/DSP3/CMSIS/core_cm4.h **** 
 334:/home/jacoby/Documents/MCUXpresso_11.10.0_3148/DSP_workspace/DSP3/CMSIS/core_cm4.h **** #define APSR_V_Pos                         28U                                            /*!< APSR
 335:/home/jacoby/Documents/MCUXpresso_11.10.0_3148/DSP_workspace/DSP3/CMSIS/core_cm4.h **** #define APSR_V_Msk                         (1UL << APSR_V_Pos)                            /*!< APSR
 336:/home/jacoby/Documents/MCUXpresso_11.10.0_3148/DSP_workspace/DSP3/CMSIS/core_cm4.h **** 
 337:/home/jacoby/Documents/MCUXpresso_11.10.0_3148/DSP_workspace/DSP3/CMSIS/core_cm4.h **** #define APSR_Q_Pos                         27U                                            /*!< APSR
 338:/home/jacoby/Documents/MCUXpresso_11.10.0_3148/DSP_workspace/DSP3/CMSIS/core_cm4.h **** #define APSR_Q_Msk                         (1UL << APSR_Q_Pos)                            /*!< APSR
 339:/home/jacoby/Documents/MCUXpresso_11.10.0_3148/DSP_workspace/DSP3/CMSIS/core_cm4.h **** 
 340:/home/jacoby/Documents/MCUXpresso_11.10.0_3148/DSP_workspace/DSP3/CMSIS/core_cm4.h **** #define APSR_GE_Pos                        16U                                            /*!< APSR
 341:/home/jacoby/Documents/MCUXpresso_11.10.0_3148/DSP_workspace/DSP3/CMSIS/core_cm4.h **** #define APSR_GE_Msk                        (0xFUL << APSR_GE_Pos)                         /*!< APSR
 342:/home/jacoby/Documents/MCUXpresso_11.10.0_3148/DSP_workspace/DSP3/CMSIS/core_cm4.h **** 
 343:/home/jacoby/Documents/MCUXpresso_11.10.0_3148/DSP_workspace/DSP3/CMSIS/core_cm4.h **** 
 344:/home/jacoby/Documents/MCUXpresso_11.10.0_3148/DSP_workspace/DSP3/CMSIS/core_cm4.h **** /**
 345:/home/jacoby/Documents/MCUXpresso_11.10.0_3148/DSP_workspace/DSP3/CMSIS/core_cm4.h ****   \brief  Union type to access the Interrupt Program Status Register (IPSR).
 346:/home/jacoby/Documents/MCUXpresso_11.10.0_3148/DSP_workspace/DSP3/CMSIS/core_cm4.h ****  */
 347:/home/jacoby/Documents/MCUXpresso_11.10.0_3148/DSP_workspace/DSP3/CMSIS/core_cm4.h **** typedef union
 348:/home/jacoby/Documents/MCUXpresso_11.10.0_3148/DSP_workspace/DSP3/CMSIS/core_cm4.h **** {
 349:/home/jacoby/Documents/MCUXpresso_11.10.0_3148/DSP_workspace/DSP3/CMSIS/core_cm4.h ****   struct
 350:/home/jacoby/Documents/MCUXpresso_11.10.0_3148/DSP_workspace/DSP3/CMSIS/core_cm4.h ****   {
 351:/home/jacoby/Documents/MCUXpresso_11.10.0_3148/DSP_workspace/DSP3/CMSIS/core_cm4.h ****     uint32_t ISR:9;                      /*!< bit:  0.. 8  Exception number */
 352:/home/jacoby/Documents/MCUXpresso_11.10.0_3148/DSP_workspace/DSP3/CMSIS/core_cm4.h ****     uint32_t _reserved0:23;              /*!< bit:  9..31  Reserved */
 353:/home/jacoby/Documents/MCUXpresso_11.10.0_3148/DSP_workspace/DSP3/CMSIS/core_cm4.h ****   } b;                                   /*!< Structure used for bit  access */
 354:/home/jacoby/Documents/MCUXpresso_11.10.0_3148/DSP_workspace/DSP3/CMSIS/core_cm4.h ****   uint32_t w;                            /*!< Type      used for word access */
 355:/home/jacoby/Documents/MCUXpresso_11.10.0_3148/DSP_workspace/DSP3/CMSIS/core_cm4.h **** } IPSR_Type;
 356:/home/jacoby/Documents/MCUXpresso_11.10.0_3148/DSP_workspace/DSP3/CMSIS/core_cm4.h **** 
 357:/home/jacoby/Documents/MCUXpresso_11.10.0_3148/DSP_workspace/DSP3/CMSIS/core_cm4.h **** /* IPSR Register Definitions */
 358:/home/jacoby/Documents/MCUXpresso_11.10.0_3148/DSP_workspace/DSP3/CMSIS/core_cm4.h **** #define IPSR_ISR_Pos                        0U                                            /*!< IPSR
 359:/home/jacoby/Documents/MCUXpresso_11.10.0_3148/DSP_workspace/DSP3/CMSIS/core_cm4.h **** #define IPSR_ISR_Msk                       (0x1FFUL /*<< IPSR_ISR_Pos*/)                  /*!< IPSR
 360:/home/jacoby/Documents/MCUXpresso_11.10.0_3148/DSP_workspace/DSP3/CMSIS/core_cm4.h **** 
 361:/home/jacoby/Documents/MCUXpresso_11.10.0_3148/DSP_workspace/DSP3/CMSIS/core_cm4.h **** 
 362:/home/jacoby/Documents/MCUXpresso_11.10.0_3148/DSP_workspace/DSP3/CMSIS/core_cm4.h **** /**
 363:/home/jacoby/Documents/MCUXpresso_11.10.0_3148/DSP_workspace/DSP3/CMSIS/core_cm4.h ****   \brief  Union type to access the Special-Purpose Program Status Registers (xPSR).
 364:/home/jacoby/Documents/MCUXpresso_11.10.0_3148/DSP_workspace/DSP3/CMSIS/core_cm4.h ****  */
 365:/home/jacoby/Documents/MCUXpresso_11.10.0_3148/DSP_workspace/DSP3/CMSIS/core_cm4.h **** typedef union
 366:/home/jacoby/Documents/MCUXpresso_11.10.0_3148/DSP_workspace/DSP3/CMSIS/core_cm4.h **** {
 367:/home/jacoby/Documents/MCUXpresso_11.10.0_3148/DSP_workspace/DSP3/CMSIS/core_cm4.h ****   struct
 368:/home/jacoby/Documents/MCUXpresso_11.10.0_3148/DSP_workspace/DSP3/CMSIS/core_cm4.h ****   {
 369:/home/jacoby/Documents/MCUXpresso_11.10.0_3148/DSP_workspace/DSP3/CMSIS/core_cm4.h ****     uint32_t ISR:9;                      /*!< bit:  0.. 8  Exception number */
 370:/home/jacoby/Documents/MCUXpresso_11.10.0_3148/DSP_workspace/DSP3/CMSIS/core_cm4.h ****     uint32_t _reserved0:7;               /*!< bit:  9..15  Reserved */
 371:/home/jacoby/Documents/MCUXpresso_11.10.0_3148/DSP_workspace/DSP3/CMSIS/core_cm4.h ****     uint32_t GE:4;                       /*!< bit: 16..19  Greater than or Equal flags */
 372:/home/jacoby/Documents/MCUXpresso_11.10.0_3148/DSP_workspace/DSP3/CMSIS/core_cm4.h ****     uint32_t _reserved1:4;               /*!< bit: 20..23  Reserved */
 373:/home/jacoby/Documents/MCUXpresso_11.10.0_3148/DSP_workspace/DSP3/CMSIS/core_cm4.h ****     uint32_t T:1;                        /*!< bit:     24  Thumb bit        (read 0) */
 374:/home/jacoby/Documents/MCUXpresso_11.10.0_3148/DSP_workspace/DSP3/CMSIS/core_cm4.h ****     uint32_t IT:2;                       /*!< bit: 25..26  saved IT state   (read 0) */
 375:/home/jacoby/Documents/MCUXpresso_11.10.0_3148/DSP_workspace/DSP3/CMSIS/core_cm4.h ****     uint32_t Q:1;                        /*!< bit:     27  Saturation condition flag */
 376:/home/jacoby/Documents/MCUXpresso_11.10.0_3148/DSP_workspace/DSP3/CMSIS/core_cm4.h ****     uint32_t V:1;                        /*!< bit:     28  Overflow condition code flag */
 377:/home/jacoby/Documents/MCUXpresso_11.10.0_3148/DSP_workspace/DSP3/CMSIS/core_cm4.h ****     uint32_t C:1;                        /*!< bit:     29  Carry condition code flag */
 378:/home/jacoby/Documents/MCUXpresso_11.10.0_3148/DSP_workspace/DSP3/CMSIS/core_cm4.h ****     uint32_t Z:1;                        /*!< bit:     30  Zero condition code flag */
 379:/home/jacoby/Documents/MCUXpresso_11.10.0_3148/DSP_workspace/DSP3/CMSIS/core_cm4.h ****     uint32_t N:1;                        /*!< bit:     31  Negative condition code flag */
 380:/home/jacoby/Documents/MCUXpresso_11.10.0_3148/DSP_workspace/DSP3/CMSIS/core_cm4.h ****   } b;                                   /*!< Structure used for bit  access */
 381:/home/jacoby/Documents/MCUXpresso_11.10.0_3148/DSP_workspace/DSP3/CMSIS/core_cm4.h ****   uint32_t w;                            /*!< Type      used for word access */
 382:/home/jacoby/Documents/MCUXpresso_11.10.0_3148/DSP_workspace/DSP3/CMSIS/core_cm4.h **** } xPSR_Type;
 383:/home/jacoby/Documents/MCUXpresso_11.10.0_3148/DSP_workspace/DSP3/CMSIS/core_cm4.h **** 
 384:/home/jacoby/Documents/MCUXpresso_11.10.0_3148/DSP_workspace/DSP3/CMSIS/core_cm4.h **** /* xPSR Register Definitions */
 385:/home/jacoby/Documents/MCUXpresso_11.10.0_3148/DSP_workspace/DSP3/CMSIS/core_cm4.h **** #define xPSR_N_Pos                         31U                                            /*!< xPSR
 386:/home/jacoby/Documents/MCUXpresso_11.10.0_3148/DSP_workspace/DSP3/CMSIS/core_cm4.h **** #define xPSR_N_Msk                         (1UL << xPSR_N_Pos)                            /*!< xPSR
 387:/home/jacoby/Documents/MCUXpresso_11.10.0_3148/DSP_workspace/DSP3/CMSIS/core_cm4.h **** 
 388:/home/jacoby/Documents/MCUXpresso_11.10.0_3148/DSP_workspace/DSP3/CMSIS/core_cm4.h **** #define xPSR_Z_Pos                         30U                                            /*!< xPSR
 389:/home/jacoby/Documents/MCUXpresso_11.10.0_3148/DSP_workspace/DSP3/CMSIS/core_cm4.h **** #define xPSR_Z_Msk                         (1UL << xPSR_Z_Pos)                            /*!< xPSR
 390:/home/jacoby/Documents/MCUXpresso_11.10.0_3148/DSP_workspace/DSP3/CMSIS/core_cm4.h **** 
 391:/home/jacoby/Documents/MCUXpresso_11.10.0_3148/DSP_workspace/DSP3/CMSIS/core_cm4.h **** #define xPSR_C_Pos                         29U                                            /*!< xPSR
 392:/home/jacoby/Documents/MCUXpresso_11.10.0_3148/DSP_workspace/DSP3/CMSIS/core_cm4.h **** #define xPSR_C_Msk                         (1UL << xPSR_C_Pos)                            /*!< xPSR
 393:/home/jacoby/Documents/MCUXpresso_11.10.0_3148/DSP_workspace/DSP3/CMSIS/core_cm4.h **** 
 394:/home/jacoby/Documents/MCUXpresso_11.10.0_3148/DSP_workspace/DSP3/CMSIS/core_cm4.h **** #define xPSR_V_Pos                         28U                                            /*!< xPSR
 395:/home/jacoby/Documents/MCUXpresso_11.10.0_3148/DSP_workspace/DSP3/CMSIS/core_cm4.h **** #define xPSR_V_Msk                         (1UL << xPSR_V_Pos)                            /*!< xPSR
 396:/home/jacoby/Documents/MCUXpresso_11.10.0_3148/DSP_workspace/DSP3/CMSIS/core_cm4.h **** 
 397:/home/jacoby/Documents/MCUXpresso_11.10.0_3148/DSP_workspace/DSP3/CMSIS/core_cm4.h **** #define xPSR_Q_Pos                         27U                                            /*!< xPSR
 398:/home/jacoby/Documents/MCUXpresso_11.10.0_3148/DSP_workspace/DSP3/CMSIS/core_cm4.h **** #define xPSR_Q_Msk                         (1UL << xPSR_Q_Pos)                            /*!< xPSR
 399:/home/jacoby/Documents/MCUXpresso_11.10.0_3148/DSP_workspace/DSP3/CMSIS/core_cm4.h **** 
 400:/home/jacoby/Documents/MCUXpresso_11.10.0_3148/DSP_workspace/DSP3/CMSIS/core_cm4.h **** #define xPSR_IT_Pos                        25U                                            /*!< xPSR
 401:/home/jacoby/Documents/MCUXpresso_11.10.0_3148/DSP_workspace/DSP3/CMSIS/core_cm4.h **** #define xPSR_IT_Msk                        (3UL << xPSR_IT_Pos)                           /*!< xPSR
 402:/home/jacoby/Documents/MCUXpresso_11.10.0_3148/DSP_workspace/DSP3/CMSIS/core_cm4.h **** 
 403:/home/jacoby/Documents/MCUXpresso_11.10.0_3148/DSP_workspace/DSP3/CMSIS/core_cm4.h **** #define xPSR_T_Pos                         24U                                            /*!< xPSR
 404:/home/jacoby/Documents/MCUXpresso_11.10.0_3148/DSP_workspace/DSP3/CMSIS/core_cm4.h **** #define xPSR_T_Msk                         (1UL << xPSR_T_Pos)                            /*!< xPSR
 405:/home/jacoby/Documents/MCUXpresso_11.10.0_3148/DSP_workspace/DSP3/CMSIS/core_cm4.h **** 
 406:/home/jacoby/Documents/MCUXpresso_11.10.0_3148/DSP_workspace/DSP3/CMSIS/core_cm4.h **** #define xPSR_GE_Pos                        16U                                            /*!< xPSR
 407:/home/jacoby/Documents/MCUXpresso_11.10.0_3148/DSP_workspace/DSP3/CMSIS/core_cm4.h **** #define xPSR_GE_Msk                        (0xFUL << xPSR_GE_Pos)                         /*!< xPSR
 408:/home/jacoby/Documents/MCUXpresso_11.10.0_3148/DSP_workspace/DSP3/CMSIS/core_cm4.h **** 
 409:/home/jacoby/Documents/MCUXpresso_11.10.0_3148/DSP_workspace/DSP3/CMSIS/core_cm4.h **** #define xPSR_ISR_Pos                        0U                                            /*!< xPSR
 410:/home/jacoby/Documents/MCUXpresso_11.10.0_3148/DSP_workspace/DSP3/CMSIS/core_cm4.h **** #define xPSR_ISR_Msk                       (0x1FFUL /*<< xPSR_ISR_Pos*/)                  /*!< xPSR
 411:/home/jacoby/Documents/MCUXpresso_11.10.0_3148/DSP_workspace/DSP3/CMSIS/core_cm4.h **** 
 412:/home/jacoby/Documents/MCUXpresso_11.10.0_3148/DSP_workspace/DSP3/CMSIS/core_cm4.h **** 
 413:/home/jacoby/Documents/MCUXpresso_11.10.0_3148/DSP_workspace/DSP3/CMSIS/core_cm4.h **** /**
 414:/home/jacoby/Documents/MCUXpresso_11.10.0_3148/DSP_workspace/DSP3/CMSIS/core_cm4.h ****   \brief  Union type to access the Control Registers (CONTROL).
 415:/home/jacoby/Documents/MCUXpresso_11.10.0_3148/DSP_workspace/DSP3/CMSIS/core_cm4.h ****  */
 416:/home/jacoby/Documents/MCUXpresso_11.10.0_3148/DSP_workspace/DSP3/CMSIS/core_cm4.h **** typedef union
 417:/home/jacoby/Documents/MCUXpresso_11.10.0_3148/DSP_workspace/DSP3/CMSIS/core_cm4.h **** {
 418:/home/jacoby/Documents/MCUXpresso_11.10.0_3148/DSP_workspace/DSP3/CMSIS/core_cm4.h ****   struct
 419:/home/jacoby/Documents/MCUXpresso_11.10.0_3148/DSP_workspace/DSP3/CMSIS/core_cm4.h ****   {
 420:/home/jacoby/Documents/MCUXpresso_11.10.0_3148/DSP_workspace/DSP3/CMSIS/core_cm4.h ****     uint32_t nPRIV:1;                    /*!< bit:      0  Execution privilege in Thread mode */
 421:/home/jacoby/Documents/MCUXpresso_11.10.0_3148/DSP_workspace/DSP3/CMSIS/core_cm4.h ****     uint32_t SPSEL:1;                    /*!< bit:      1  Stack to be used */
 422:/home/jacoby/Documents/MCUXpresso_11.10.0_3148/DSP_workspace/DSP3/CMSIS/core_cm4.h ****     uint32_t FPCA:1;                     /*!< bit:      2  FP extension active flag */
 423:/home/jacoby/Documents/MCUXpresso_11.10.0_3148/DSP_workspace/DSP3/CMSIS/core_cm4.h ****     uint32_t _reserved0:29;              /*!< bit:  3..31  Reserved */
 424:/home/jacoby/Documents/MCUXpresso_11.10.0_3148/DSP_workspace/DSP3/CMSIS/core_cm4.h ****   } b;                                   /*!< Structure used for bit  access */
 425:/home/jacoby/Documents/MCUXpresso_11.10.0_3148/DSP_workspace/DSP3/CMSIS/core_cm4.h ****   uint32_t w;                            /*!< Type      used for word access */
 426:/home/jacoby/Documents/MCUXpresso_11.10.0_3148/DSP_workspace/DSP3/CMSIS/core_cm4.h **** } CONTROL_Type;
 427:/home/jacoby/Documents/MCUXpresso_11.10.0_3148/DSP_workspace/DSP3/CMSIS/core_cm4.h **** 
 428:/home/jacoby/Documents/MCUXpresso_11.10.0_3148/DSP_workspace/DSP3/CMSIS/core_cm4.h **** /* CONTROL Register Definitions */
 429:/home/jacoby/Documents/MCUXpresso_11.10.0_3148/DSP_workspace/DSP3/CMSIS/core_cm4.h **** #define CONTROL_FPCA_Pos                    2U                                            /*!< CONT
 430:/home/jacoby/Documents/MCUXpresso_11.10.0_3148/DSP_workspace/DSP3/CMSIS/core_cm4.h **** #define CONTROL_FPCA_Msk                   (1UL << CONTROL_FPCA_Pos)                      /*!< CONT
 431:/home/jacoby/Documents/MCUXpresso_11.10.0_3148/DSP_workspace/DSP3/CMSIS/core_cm4.h **** 
 432:/home/jacoby/Documents/MCUXpresso_11.10.0_3148/DSP_workspace/DSP3/CMSIS/core_cm4.h **** #define CONTROL_SPSEL_Pos                   1U                                            /*!< CONT
 433:/home/jacoby/Documents/MCUXpresso_11.10.0_3148/DSP_workspace/DSP3/CMSIS/core_cm4.h **** #define CONTROL_SPSEL_Msk                  (1UL << CONTROL_SPSEL_Pos)                     /*!< CONT
 434:/home/jacoby/Documents/MCUXpresso_11.10.0_3148/DSP_workspace/DSP3/CMSIS/core_cm4.h **** 
 435:/home/jacoby/Documents/MCUXpresso_11.10.0_3148/DSP_workspace/DSP3/CMSIS/core_cm4.h **** #define CONTROL_nPRIV_Pos                   0U                                            /*!< CONT
 436:/home/jacoby/Documents/MCUXpresso_11.10.0_3148/DSP_workspace/DSP3/CMSIS/core_cm4.h **** #define CONTROL_nPRIV_Msk                  (1UL /*<< CONTROL_nPRIV_Pos*/)                 /*!< CONT
 437:/home/jacoby/Documents/MCUXpresso_11.10.0_3148/DSP_workspace/DSP3/CMSIS/core_cm4.h **** 
 438:/home/jacoby/Documents/MCUXpresso_11.10.0_3148/DSP_workspace/DSP3/CMSIS/core_cm4.h **** /*@} end of group CMSIS_CORE */
 439:/home/jacoby/Documents/MCUXpresso_11.10.0_3148/DSP_workspace/DSP3/CMSIS/core_cm4.h **** 
 440:/home/jacoby/Documents/MCUXpresso_11.10.0_3148/DSP_workspace/DSP3/CMSIS/core_cm4.h **** 
 441:/home/jacoby/Documents/MCUXpresso_11.10.0_3148/DSP_workspace/DSP3/CMSIS/core_cm4.h **** /**
 442:/home/jacoby/Documents/MCUXpresso_11.10.0_3148/DSP_workspace/DSP3/CMSIS/core_cm4.h ****   \ingroup    CMSIS_core_register
 443:/home/jacoby/Documents/MCUXpresso_11.10.0_3148/DSP_workspace/DSP3/CMSIS/core_cm4.h ****   \defgroup   CMSIS_NVIC  Nested Vectored Interrupt Controller (NVIC)
 444:/home/jacoby/Documents/MCUXpresso_11.10.0_3148/DSP_workspace/DSP3/CMSIS/core_cm4.h ****   \brief      Type definitions for the NVIC Registers
 445:/home/jacoby/Documents/MCUXpresso_11.10.0_3148/DSP_workspace/DSP3/CMSIS/core_cm4.h ****   @{
 446:/home/jacoby/Documents/MCUXpresso_11.10.0_3148/DSP_workspace/DSP3/CMSIS/core_cm4.h ****  */
 447:/home/jacoby/Documents/MCUXpresso_11.10.0_3148/DSP_workspace/DSP3/CMSIS/core_cm4.h **** 
 448:/home/jacoby/Documents/MCUXpresso_11.10.0_3148/DSP_workspace/DSP3/CMSIS/core_cm4.h **** /**
 449:/home/jacoby/Documents/MCUXpresso_11.10.0_3148/DSP_workspace/DSP3/CMSIS/core_cm4.h ****   \brief  Structure type to access the Nested Vectored Interrupt Controller (NVIC).
 450:/home/jacoby/Documents/MCUXpresso_11.10.0_3148/DSP_workspace/DSP3/CMSIS/core_cm4.h ****  */
 451:/home/jacoby/Documents/MCUXpresso_11.10.0_3148/DSP_workspace/DSP3/CMSIS/core_cm4.h **** typedef struct
 452:/home/jacoby/Documents/MCUXpresso_11.10.0_3148/DSP_workspace/DSP3/CMSIS/core_cm4.h **** {
 453:/home/jacoby/Documents/MCUXpresso_11.10.0_3148/DSP_workspace/DSP3/CMSIS/core_cm4.h ****   __IOM uint32_t ISER[8U];               /*!< Offset: 0x000 (R/W)  Interrupt Set Enable Register */
 454:/home/jacoby/Documents/MCUXpresso_11.10.0_3148/DSP_workspace/DSP3/CMSIS/core_cm4.h ****         uint32_t RESERVED0[24U];
 455:/home/jacoby/Documents/MCUXpresso_11.10.0_3148/DSP_workspace/DSP3/CMSIS/core_cm4.h ****   __IOM uint32_t ICER[8U];               /*!< Offset: 0x080 (R/W)  Interrupt Clear Enable Register 
 456:/home/jacoby/Documents/MCUXpresso_11.10.0_3148/DSP_workspace/DSP3/CMSIS/core_cm4.h ****         uint32_t RSERVED1[24U];
 457:/home/jacoby/Documents/MCUXpresso_11.10.0_3148/DSP_workspace/DSP3/CMSIS/core_cm4.h ****   __IOM uint32_t ISPR[8U];               /*!< Offset: 0x100 (R/W)  Interrupt Set Pending Register *
 458:/home/jacoby/Documents/MCUXpresso_11.10.0_3148/DSP_workspace/DSP3/CMSIS/core_cm4.h ****         uint32_t RESERVED2[24U];
 459:/home/jacoby/Documents/MCUXpresso_11.10.0_3148/DSP_workspace/DSP3/CMSIS/core_cm4.h ****   __IOM uint32_t ICPR[8U];               /*!< Offset: 0x180 (R/W)  Interrupt Clear Pending Register
 460:/home/jacoby/Documents/MCUXpresso_11.10.0_3148/DSP_workspace/DSP3/CMSIS/core_cm4.h ****         uint32_t RESERVED3[24U];
 461:/home/jacoby/Documents/MCUXpresso_11.10.0_3148/DSP_workspace/DSP3/CMSIS/core_cm4.h ****   __IOM uint32_t IABR[8U];               /*!< Offset: 0x200 (R/W)  Interrupt Active bit Register */
 462:/home/jacoby/Documents/MCUXpresso_11.10.0_3148/DSP_workspace/DSP3/CMSIS/core_cm4.h ****         uint32_t RESERVED4[56U];
 463:/home/jacoby/Documents/MCUXpresso_11.10.0_3148/DSP_workspace/DSP3/CMSIS/core_cm4.h ****   __IOM uint8_t  IP[240U];               /*!< Offset: 0x300 (R/W)  Interrupt Priority Register (8Bi
 464:/home/jacoby/Documents/MCUXpresso_11.10.0_3148/DSP_workspace/DSP3/CMSIS/core_cm4.h ****         uint32_t RESERVED5[644U];
 465:/home/jacoby/Documents/MCUXpresso_11.10.0_3148/DSP_workspace/DSP3/CMSIS/core_cm4.h ****   __OM  uint32_t STIR;                   /*!< Offset: 0xE00 ( /W)  Software Trigger Interrupt Regis
 466:/home/jacoby/Documents/MCUXpresso_11.10.0_3148/DSP_workspace/DSP3/CMSIS/core_cm4.h **** }  NVIC_Type;
 467:/home/jacoby/Documents/MCUXpresso_11.10.0_3148/DSP_workspace/DSP3/CMSIS/core_cm4.h **** 
 468:/home/jacoby/Documents/MCUXpresso_11.10.0_3148/DSP_workspace/DSP3/CMSIS/core_cm4.h **** /* Software Triggered Interrupt Register Definitions */
 469:/home/jacoby/Documents/MCUXpresso_11.10.0_3148/DSP_workspace/DSP3/CMSIS/core_cm4.h **** #define NVIC_STIR_INTID_Pos                 0U                                         /*!< STIR: I
 470:/home/jacoby/Documents/MCUXpresso_11.10.0_3148/DSP_workspace/DSP3/CMSIS/core_cm4.h **** #define NVIC_STIR_INTID_Msk                (0x1FFUL /*<< NVIC_STIR_INTID_Pos*/)        /*!< STIR: I
 471:/home/jacoby/Documents/MCUXpresso_11.10.0_3148/DSP_workspace/DSP3/CMSIS/core_cm4.h **** 
 472:/home/jacoby/Documents/MCUXpresso_11.10.0_3148/DSP_workspace/DSP3/CMSIS/core_cm4.h **** /*@} end of group CMSIS_NVIC */
 473:/home/jacoby/Documents/MCUXpresso_11.10.0_3148/DSP_workspace/DSP3/CMSIS/core_cm4.h **** 
 474:/home/jacoby/Documents/MCUXpresso_11.10.0_3148/DSP_workspace/DSP3/CMSIS/core_cm4.h **** 
 475:/home/jacoby/Documents/MCUXpresso_11.10.0_3148/DSP_workspace/DSP3/CMSIS/core_cm4.h **** /**
 476:/home/jacoby/Documents/MCUXpresso_11.10.0_3148/DSP_workspace/DSP3/CMSIS/core_cm4.h ****   \ingroup  CMSIS_core_register
 477:/home/jacoby/Documents/MCUXpresso_11.10.0_3148/DSP_workspace/DSP3/CMSIS/core_cm4.h ****   \defgroup CMSIS_SCB     System Control Block (SCB)
 478:/home/jacoby/Documents/MCUXpresso_11.10.0_3148/DSP_workspace/DSP3/CMSIS/core_cm4.h ****   \brief    Type definitions for the System Control Block Registers
 479:/home/jacoby/Documents/MCUXpresso_11.10.0_3148/DSP_workspace/DSP3/CMSIS/core_cm4.h ****   @{
 480:/home/jacoby/Documents/MCUXpresso_11.10.0_3148/DSP_workspace/DSP3/CMSIS/core_cm4.h ****  */
 481:/home/jacoby/Documents/MCUXpresso_11.10.0_3148/DSP_workspace/DSP3/CMSIS/core_cm4.h **** 
 482:/home/jacoby/Documents/MCUXpresso_11.10.0_3148/DSP_workspace/DSP3/CMSIS/core_cm4.h **** /**
 483:/home/jacoby/Documents/MCUXpresso_11.10.0_3148/DSP_workspace/DSP3/CMSIS/core_cm4.h ****   \brief  Structure type to access the System Control Block (SCB).
 484:/home/jacoby/Documents/MCUXpresso_11.10.0_3148/DSP_workspace/DSP3/CMSIS/core_cm4.h ****  */
 485:/home/jacoby/Documents/MCUXpresso_11.10.0_3148/DSP_workspace/DSP3/CMSIS/core_cm4.h **** typedef struct
 486:/home/jacoby/Documents/MCUXpresso_11.10.0_3148/DSP_workspace/DSP3/CMSIS/core_cm4.h **** {
 487:/home/jacoby/Documents/MCUXpresso_11.10.0_3148/DSP_workspace/DSP3/CMSIS/core_cm4.h ****   __IM  uint32_t CPUID;                  /*!< Offset: 0x000 (R/ )  CPUID Base Register */
 488:/home/jacoby/Documents/MCUXpresso_11.10.0_3148/DSP_workspace/DSP3/CMSIS/core_cm4.h ****   __IOM uint32_t ICSR;                   /*!< Offset: 0x004 (R/W)  Interrupt Control and State Regi
 489:/home/jacoby/Documents/MCUXpresso_11.10.0_3148/DSP_workspace/DSP3/CMSIS/core_cm4.h ****   __IOM uint32_t VTOR;                   /*!< Offset: 0x008 (R/W)  Vector Table Offset Register */
 490:/home/jacoby/Documents/MCUXpresso_11.10.0_3148/DSP_workspace/DSP3/CMSIS/core_cm4.h ****   __IOM uint32_t AIRCR;                  /*!< Offset: 0x00C (R/W)  Application Interrupt and Reset 
 491:/home/jacoby/Documents/MCUXpresso_11.10.0_3148/DSP_workspace/DSP3/CMSIS/core_cm4.h ****   __IOM uint32_t SCR;                    /*!< Offset: 0x010 (R/W)  System Control Register */
 492:/home/jacoby/Documents/MCUXpresso_11.10.0_3148/DSP_workspace/DSP3/CMSIS/core_cm4.h ****   __IOM uint32_t CCR;                    /*!< Offset: 0x014 (R/W)  Configuration Control Register *
 493:/home/jacoby/Documents/MCUXpresso_11.10.0_3148/DSP_workspace/DSP3/CMSIS/core_cm4.h ****   __IOM uint8_t  SHP[12U];               /*!< Offset: 0x018 (R/W)  System Handlers Priority Registe
 494:/home/jacoby/Documents/MCUXpresso_11.10.0_3148/DSP_workspace/DSP3/CMSIS/core_cm4.h ****   __IOM uint32_t SHCSR;                  /*!< Offset: 0x024 (R/W)  System Handler Control and State
 495:/home/jacoby/Documents/MCUXpresso_11.10.0_3148/DSP_workspace/DSP3/CMSIS/core_cm4.h ****   __IOM uint32_t CFSR;                   /*!< Offset: 0x028 (R/W)  Configurable Fault Status Regist
 496:/home/jacoby/Documents/MCUXpresso_11.10.0_3148/DSP_workspace/DSP3/CMSIS/core_cm4.h ****   __IOM uint32_t HFSR;                   /*!< Offset: 0x02C (R/W)  HardFault Status Register */
 497:/home/jacoby/Documents/MCUXpresso_11.10.0_3148/DSP_workspace/DSP3/CMSIS/core_cm4.h ****   __IOM uint32_t DFSR;                   /*!< Offset: 0x030 (R/W)  Debug Fault Status Register */
 498:/home/jacoby/Documents/MCUXpresso_11.10.0_3148/DSP_workspace/DSP3/CMSIS/core_cm4.h ****   __IOM uint32_t MMFAR;                  /*!< Offset: 0x034 (R/W)  MemManage Fault Address Register
 499:/home/jacoby/Documents/MCUXpresso_11.10.0_3148/DSP_workspace/DSP3/CMSIS/core_cm4.h ****   __IOM uint32_t BFAR;                   /*!< Offset: 0x038 (R/W)  BusFault Address Register */
 500:/home/jacoby/Documents/MCUXpresso_11.10.0_3148/DSP_workspace/DSP3/CMSIS/core_cm4.h ****   __IOM uint32_t AFSR;                   /*!< Offset: 0x03C (R/W)  Auxiliary Fault Status Register 
 501:/home/jacoby/Documents/MCUXpresso_11.10.0_3148/DSP_workspace/DSP3/CMSIS/core_cm4.h ****   __IM  uint32_t PFR[2U];                /*!< Offset: 0x040 (R/ )  Processor Feature Register */
 502:/home/jacoby/Documents/MCUXpresso_11.10.0_3148/DSP_workspace/DSP3/CMSIS/core_cm4.h ****   __IM  uint32_t DFR;                    /*!< Offset: 0x048 (R/ )  Debug Feature Register */
 503:/home/jacoby/Documents/MCUXpresso_11.10.0_3148/DSP_workspace/DSP3/CMSIS/core_cm4.h ****   __IM  uint32_t ADR;                    /*!< Offset: 0x04C (R/ )  Auxiliary Feature Register */
 504:/home/jacoby/Documents/MCUXpresso_11.10.0_3148/DSP_workspace/DSP3/CMSIS/core_cm4.h ****   __IM  uint32_t MMFR[4U];               /*!< Offset: 0x050 (R/ )  Memory Model Feature Register */
 505:/home/jacoby/Documents/MCUXpresso_11.10.0_3148/DSP_workspace/DSP3/CMSIS/core_cm4.h ****   __IM  uint32_t ISAR[5U];               /*!< Offset: 0x060 (R/ )  Instruction Set Attributes Regis
 506:/home/jacoby/Documents/MCUXpresso_11.10.0_3148/DSP_workspace/DSP3/CMSIS/core_cm4.h ****         uint32_t RESERVED0[5U];
 507:/home/jacoby/Documents/MCUXpresso_11.10.0_3148/DSP_workspace/DSP3/CMSIS/core_cm4.h ****   __IOM uint32_t CPACR;                  /*!< Offset: 0x088 (R/W)  Coprocessor Access Control Regis
 508:/home/jacoby/Documents/MCUXpresso_11.10.0_3148/DSP_workspace/DSP3/CMSIS/core_cm4.h **** } SCB_Type;
 509:/home/jacoby/Documents/MCUXpresso_11.10.0_3148/DSP_workspace/DSP3/CMSIS/core_cm4.h **** 
 510:/home/jacoby/Documents/MCUXpresso_11.10.0_3148/DSP_workspace/DSP3/CMSIS/core_cm4.h **** /* SCB CPUID Register Definitions */
 511:/home/jacoby/Documents/MCUXpresso_11.10.0_3148/DSP_workspace/DSP3/CMSIS/core_cm4.h **** #define SCB_CPUID_IMPLEMENTER_Pos          24U                                            /*!< SCB 
 512:/home/jacoby/Documents/MCUXpresso_11.10.0_3148/DSP_workspace/DSP3/CMSIS/core_cm4.h **** #define SCB_CPUID_IMPLEMENTER_Msk          (0xFFUL << SCB_CPUID_IMPLEMENTER_Pos)          /*!< SCB 
 513:/home/jacoby/Documents/MCUXpresso_11.10.0_3148/DSP_workspace/DSP3/CMSIS/core_cm4.h **** 
 514:/home/jacoby/Documents/MCUXpresso_11.10.0_3148/DSP_workspace/DSP3/CMSIS/core_cm4.h **** #define SCB_CPUID_VARIANT_Pos              20U                                            /*!< SCB 
 515:/home/jacoby/Documents/MCUXpresso_11.10.0_3148/DSP_workspace/DSP3/CMSIS/core_cm4.h **** #define SCB_CPUID_VARIANT_Msk              (0xFUL << SCB_CPUID_VARIANT_Pos)               /*!< SCB 
 516:/home/jacoby/Documents/MCUXpresso_11.10.0_3148/DSP_workspace/DSP3/CMSIS/core_cm4.h **** 
 517:/home/jacoby/Documents/MCUXpresso_11.10.0_3148/DSP_workspace/DSP3/CMSIS/core_cm4.h **** #define SCB_CPUID_ARCHITECTURE_Pos         16U                                            /*!< SCB 
 518:/home/jacoby/Documents/MCUXpresso_11.10.0_3148/DSP_workspace/DSP3/CMSIS/core_cm4.h **** #define SCB_CPUID_ARCHITECTURE_Msk         (0xFUL << SCB_CPUID_ARCHITECTURE_Pos)          /*!< SCB 
 519:/home/jacoby/Documents/MCUXpresso_11.10.0_3148/DSP_workspace/DSP3/CMSIS/core_cm4.h **** 
 520:/home/jacoby/Documents/MCUXpresso_11.10.0_3148/DSP_workspace/DSP3/CMSIS/core_cm4.h **** #define SCB_CPUID_PARTNO_Pos                4U                                            /*!< SCB 
 521:/home/jacoby/Documents/MCUXpresso_11.10.0_3148/DSP_workspace/DSP3/CMSIS/core_cm4.h **** #define SCB_CPUID_PARTNO_Msk               (0xFFFUL << SCB_CPUID_PARTNO_Pos)              /*!< SCB 
 522:/home/jacoby/Documents/MCUXpresso_11.10.0_3148/DSP_workspace/DSP3/CMSIS/core_cm4.h **** 
 523:/home/jacoby/Documents/MCUXpresso_11.10.0_3148/DSP_workspace/DSP3/CMSIS/core_cm4.h **** #define SCB_CPUID_REVISION_Pos              0U                                            /*!< SCB 
 524:/home/jacoby/Documents/MCUXpresso_11.10.0_3148/DSP_workspace/DSP3/CMSIS/core_cm4.h **** #define SCB_CPUID_REVISION_Msk             (0xFUL /*<< SCB_CPUID_REVISION_Pos*/)          /*!< SCB 
 525:/home/jacoby/Documents/MCUXpresso_11.10.0_3148/DSP_workspace/DSP3/CMSIS/core_cm4.h **** 
 526:/home/jacoby/Documents/MCUXpresso_11.10.0_3148/DSP_workspace/DSP3/CMSIS/core_cm4.h **** /* SCB Interrupt Control State Register Definitions */
 527:/home/jacoby/Documents/MCUXpresso_11.10.0_3148/DSP_workspace/DSP3/CMSIS/core_cm4.h **** #define SCB_ICSR_NMIPENDSET_Pos            31U                                            /*!< SCB 
 528:/home/jacoby/Documents/MCUXpresso_11.10.0_3148/DSP_workspace/DSP3/CMSIS/core_cm4.h **** #define SCB_ICSR_NMIPENDSET_Msk            (1UL << SCB_ICSR_NMIPENDSET_Pos)               /*!< SCB 
 529:/home/jacoby/Documents/MCUXpresso_11.10.0_3148/DSP_workspace/DSP3/CMSIS/core_cm4.h **** 
 530:/home/jacoby/Documents/MCUXpresso_11.10.0_3148/DSP_workspace/DSP3/CMSIS/core_cm4.h **** #define SCB_ICSR_PENDSVSET_Pos             28U                                            /*!< SCB 
 531:/home/jacoby/Documents/MCUXpresso_11.10.0_3148/DSP_workspace/DSP3/CMSIS/core_cm4.h **** #define SCB_ICSR_PENDSVSET_Msk             (1UL << SCB_ICSR_PENDSVSET_Pos)                /*!< SCB 
 532:/home/jacoby/Documents/MCUXpresso_11.10.0_3148/DSP_workspace/DSP3/CMSIS/core_cm4.h **** 
 533:/home/jacoby/Documents/MCUXpresso_11.10.0_3148/DSP_workspace/DSP3/CMSIS/core_cm4.h **** #define SCB_ICSR_PENDSVCLR_Pos             27U                                            /*!< SCB 
 534:/home/jacoby/Documents/MCUXpresso_11.10.0_3148/DSP_workspace/DSP3/CMSIS/core_cm4.h **** #define SCB_ICSR_PENDSVCLR_Msk             (1UL << SCB_ICSR_PENDSVCLR_Pos)                /*!< SCB 
 535:/home/jacoby/Documents/MCUXpresso_11.10.0_3148/DSP_workspace/DSP3/CMSIS/core_cm4.h **** 
 536:/home/jacoby/Documents/MCUXpresso_11.10.0_3148/DSP_workspace/DSP3/CMSIS/core_cm4.h **** #define SCB_ICSR_PENDSTSET_Pos             26U                                            /*!< SCB 
 537:/home/jacoby/Documents/MCUXpresso_11.10.0_3148/DSP_workspace/DSP3/CMSIS/core_cm4.h **** #define SCB_ICSR_PENDSTSET_Msk             (1UL << SCB_ICSR_PENDSTSET_Pos)                /*!< SCB 
 538:/home/jacoby/Documents/MCUXpresso_11.10.0_3148/DSP_workspace/DSP3/CMSIS/core_cm4.h **** 
 539:/home/jacoby/Documents/MCUXpresso_11.10.0_3148/DSP_workspace/DSP3/CMSIS/core_cm4.h **** #define SCB_ICSR_PENDSTCLR_Pos             25U                                            /*!< SCB 
 540:/home/jacoby/Documents/MCUXpresso_11.10.0_3148/DSP_workspace/DSP3/CMSIS/core_cm4.h **** #define SCB_ICSR_PENDSTCLR_Msk             (1UL << SCB_ICSR_PENDSTCLR_Pos)                /*!< SCB 
 541:/home/jacoby/Documents/MCUXpresso_11.10.0_3148/DSP_workspace/DSP3/CMSIS/core_cm4.h **** 
 542:/home/jacoby/Documents/MCUXpresso_11.10.0_3148/DSP_workspace/DSP3/CMSIS/core_cm4.h **** #define SCB_ICSR_ISRPREEMPT_Pos            23U                                            /*!< SCB 
 543:/home/jacoby/Documents/MCUXpresso_11.10.0_3148/DSP_workspace/DSP3/CMSIS/core_cm4.h **** #define SCB_ICSR_ISRPREEMPT_Msk            (1UL << SCB_ICSR_ISRPREEMPT_Pos)               /*!< SCB 
 544:/home/jacoby/Documents/MCUXpresso_11.10.0_3148/DSP_workspace/DSP3/CMSIS/core_cm4.h **** 
 545:/home/jacoby/Documents/MCUXpresso_11.10.0_3148/DSP_workspace/DSP3/CMSIS/core_cm4.h **** #define SCB_ICSR_ISRPENDING_Pos            22U                                            /*!< SCB 
 546:/home/jacoby/Documents/MCUXpresso_11.10.0_3148/DSP_workspace/DSP3/CMSIS/core_cm4.h **** #define SCB_ICSR_ISRPENDING_Msk            (1UL << SCB_ICSR_ISRPENDING_Pos)               /*!< SCB 
 547:/home/jacoby/Documents/MCUXpresso_11.10.0_3148/DSP_workspace/DSP3/CMSIS/core_cm4.h **** 
 548:/home/jacoby/Documents/MCUXpresso_11.10.0_3148/DSP_workspace/DSP3/CMSIS/core_cm4.h **** #define SCB_ICSR_VECTPENDING_Pos           12U                                            /*!< SCB 
 549:/home/jacoby/Documents/MCUXpresso_11.10.0_3148/DSP_workspace/DSP3/CMSIS/core_cm4.h **** #define SCB_ICSR_VECTPENDING_Msk           (0x1FFUL << SCB_ICSR_VECTPENDING_Pos)          /*!< SCB 
 550:/home/jacoby/Documents/MCUXpresso_11.10.0_3148/DSP_workspace/DSP3/CMSIS/core_cm4.h **** 
 551:/home/jacoby/Documents/MCUXpresso_11.10.0_3148/DSP_workspace/DSP3/CMSIS/core_cm4.h **** #define SCB_ICSR_RETTOBASE_Pos             11U                                            /*!< SCB 
 552:/home/jacoby/Documents/MCUXpresso_11.10.0_3148/DSP_workspace/DSP3/CMSIS/core_cm4.h **** #define SCB_ICSR_RETTOBASE_Msk             (1UL << SCB_ICSR_RETTOBASE_Pos)                /*!< SCB 
 553:/home/jacoby/Documents/MCUXpresso_11.10.0_3148/DSP_workspace/DSP3/CMSIS/core_cm4.h **** 
 554:/home/jacoby/Documents/MCUXpresso_11.10.0_3148/DSP_workspace/DSP3/CMSIS/core_cm4.h **** #define SCB_ICSR_VECTACTIVE_Pos             0U                                            /*!< SCB 
 555:/home/jacoby/Documents/MCUXpresso_11.10.0_3148/DSP_workspace/DSP3/CMSIS/core_cm4.h **** #define SCB_ICSR_VECTACTIVE_Msk            (0x1FFUL /*<< SCB_ICSR_VECTACTIVE_Pos*/)       /*!< SCB 
 556:/home/jacoby/Documents/MCUXpresso_11.10.0_3148/DSP_workspace/DSP3/CMSIS/core_cm4.h **** 
 557:/home/jacoby/Documents/MCUXpresso_11.10.0_3148/DSP_workspace/DSP3/CMSIS/core_cm4.h **** /* SCB Vector Table Offset Register Definitions */
 558:/home/jacoby/Documents/MCUXpresso_11.10.0_3148/DSP_workspace/DSP3/CMSIS/core_cm4.h **** #define SCB_VTOR_TBLOFF_Pos                 7U                                            /*!< SCB 
 559:/home/jacoby/Documents/MCUXpresso_11.10.0_3148/DSP_workspace/DSP3/CMSIS/core_cm4.h **** #define SCB_VTOR_TBLOFF_Msk                (0x1FFFFFFUL << SCB_VTOR_TBLOFF_Pos)           /*!< SCB 
 560:/home/jacoby/Documents/MCUXpresso_11.10.0_3148/DSP_workspace/DSP3/CMSIS/core_cm4.h **** 
 561:/home/jacoby/Documents/MCUXpresso_11.10.0_3148/DSP_workspace/DSP3/CMSIS/core_cm4.h **** /* SCB Application Interrupt and Reset Control Register Definitions */
 562:/home/jacoby/Documents/MCUXpresso_11.10.0_3148/DSP_workspace/DSP3/CMSIS/core_cm4.h **** #define SCB_AIRCR_VECTKEY_Pos              16U                                            /*!< SCB 
 563:/home/jacoby/Documents/MCUXpresso_11.10.0_3148/DSP_workspace/DSP3/CMSIS/core_cm4.h **** #define SCB_AIRCR_VECTKEY_Msk              (0xFFFFUL << SCB_AIRCR_VECTKEY_Pos)            /*!< SCB 
 564:/home/jacoby/Documents/MCUXpresso_11.10.0_3148/DSP_workspace/DSP3/CMSIS/core_cm4.h **** 
 565:/home/jacoby/Documents/MCUXpresso_11.10.0_3148/DSP_workspace/DSP3/CMSIS/core_cm4.h **** #define SCB_AIRCR_VECTKEYSTAT_Pos          16U                                            /*!< SCB 
 566:/home/jacoby/Documents/MCUXpresso_11.10.0_3148/DSP_workspace/DSP3/CMSIS/core_cm4.h **** #define SCB_AIRCR_VECTKEYSTAT_Msk          (0xFFFFUL << SCB_AIRCR_VECTKEYSTAT_Pos)        /*!< SCB 
 567:/home/jacoby/Documents/MCUXpresso_11.10.0_3148/DSP_workspace/DSP3/CMSIS/core_cm4.h **** 
 568:/home/jacoby/Documents/MCUXpresso_11.10.0_3148/DSP_workspace/DSP3/CMSIS/core_cm4.h **** #define SCB_AIRCR_ENDIANESS_Pos            15U                                            /*!< SCB 
 569:/home/jacoby/Documents/MCUXpresso_11.10.0_3148/DSP_workspace/DSP3/CMSIS/core_cm4.h **** #define SCB_AIRCR_ENDIANESS_Msk            (1UL << SCB_AIRCR_ENDIANESS_Pos)               /*!< SCB 
 570:/home/jacoby/Documents/MCUXpresso_11.10.0_3148/DSP_workspace/DSP3/CMSIS/core_cm4.h **** 
 571:/home/jacoby/Documents/MCUXpresso_11.10.0_3148/DSP_workspace/DSP3/CMSIS/core_cm4.h **** #define SCB_AIRCR_PRIGROUP_Pos              8U                                            /*!< SCB 
 572:/home/jacoby/Documents/MCUXpresso_11.10.0_3148/DSP_workspace/DSP3/CMSIS/core_cm4.h **** #define SCB_AIRCR_PRIGROUP_Msk             (7UL << SCB_AIRCR_PRIGROUP_Pos)                /*!< SCB 
 573:/home/jacoby/Documents/MCUXpresso_11.10.0_3148/DSP_workspace/DSP3/CMSIS/core_cm4.h **** 
 574:/home/jacoby/Documents/MCUXpresso_11.10.0_3148/DSP_workspace/DSP3/CMSIS/core_cm4.h **** #define SCB_AIRCR_SYSRESETREQ_Pos           2U                                            /*!< SCB 
 575:/home/jacoby/Documents/MCUXpresso_11.10.0_3148/DSP_workspace/DSP3/CMSIS/core_cm4.h **** #define SCB_AIRCR_SYSRESETREQ_Msk          (1UL << SCB_AIRCR_SYSRESETREQ_Pos)             /*!< SCB 
 576:/home/jacoby/Documents/MCUXpresso_11.10.0_3148/DSP_workspace/DSP3/CMSIS/core_cm4.h **** 
 577:/home/jacoby/Documents/MCUXpresso_11.10.0_3148/DSP_workspace/DSP3/CMSIS/core_cm4.h **** #define SCB_AIRCR_VECTCLRACTIVE_Pos         1U                                            /*!< SCB 
 578:/home/jacoby/Documents/MCUXpresso_11.10.0_3148/DSP_workspace/DSP3/CMSIS/core_cm4.h **** #define SCB_AIRCR_VECTCLRACTIVE_Msk        (1UL << SCB_AIRCR_VECTCLRACTIVE_Pos)           /*!< SCB 
 579:/home/jacoby/Documents/MCUXpresso_11.10.0_3148/DSP_workspace/DSP3/CMSIS/core_cm4.h **** 
 580:/home/jacoby/Documents/MCUXpresso_11.10.0_3148/DSP_workspace/DSP3/CMSIS/core_cm4.h **** #define SCB_AIRCR_VECTRESET_Pos             0U                                            /*!< SCB 
 581:/home/jacoby/Documents/MCUXpresso_11.10.0_3148/DSP_workspace/DSP3/CMSIS/core_cm4.h **** #define SCB_AIRCR_VECTRESET_Msk            (1UL /*<< SCB_AIRCR_VECTRESET_Pos*/)           /*!< SCB 
 582:/home/jacoby/Documents/MCUXpresso_11.10.0_3148/DSP_workspace/DSP3/CMSIS/core_cm4.h **** 
 583:/home/jacoby/Documents/MCUXpresso_11.10.0_3148/DSP_workspace/DSP3/CMSIS/core_cm4.h **** /* SCB System Control Register Definitions */
 584:/home/jacoby/Documents/MCUXpresso_11.10.0_3148/DSP_workspace/DSP3/CMSIS/core_cm4.h **** #define SCB_SCR_SEVONPEND_Pos               4U                                            /*!< SCB 
 585:/home/jacoby/Documents/MCUXpresso_11.10.0_3148/DSP_workspace/DSP3/CMSIS/core_cm4.h **** #define SCB_SCR_SEVONPEND_Msk              (1UL << SCB_SCR_SEVONPEND_Pos)                 /*!< SCB 
 586:/home/jacoby/Documents/MCUXpresso_11.10.0_3148/DSP_workspace/DSP3/CMSIS/core_cm4.h **** 
 587:/home/jacoby/Documents/MCUXpresso_11.10.0_3148/DSP_workspace/DSP3/CMSIS/core_cm4.h **** #define SCB_SCR_SLEEPDEEP_Pos               2U                                            /*!< SCB 
 588:/home/jacoby/Documents/MCUXpresso_11.10.0_3148/DSP_workspace/DSP3/CMSIS/core_cm4.h **** #define SCB_SCR_SLEEPDEEP_Msk              (1UL << SCB_SCR_SLEEPDEEP_Pos)                 /*!< SCB 
 589:/home/jacoby/Documents/MCUXpresso_11.10.0_3148/DSP_workspace/DSP3/CMSIS/core_cm4.h **** 
 590:/home/jacoby/Documents/MCUXpresso_11.10.0_3148/DSP_workspace/DSP3/CMSIS/core_cm4.h **** #define SCB_SCR_SLEEPONEXIT_Pos             1U                                            /*!< SCB 
 591:/home/jacoby/Documents/MCUXpresso_11.10.0_3148/DSP_workspace/DSP3/CMSIS/core_cm4.h **** #define SCB_SCR_SLEEPONEXIT_Msk            (1UL << SCB_SCR_SLEEPONEXIT_Pos)               /*!< SCB 
 592:/home/jacoby/Documents/MCUXpresso_11.10.0_3148/DSP_workspace/DSP3/CMSIS/core_cm4.h **** 
 593:/home/jacoby/Documents/MCUXpresso_11.10.0_3148/DSP_workspace/DSP3/CMSIS/core_cm4.h **** /* SCB Configuration Control Register Definitions */
 594:/home/jacoby/Documents/MCUXpresso_11.10.0_3148/DSP_workspace/DSP3/CMSIS/core_cm4.h **** #define SCB_CCR_STKALIGN_Pos                9U                                            /*!< SCB 
 595:/home/jacoby/Documents/MCUXpresso_11.10.0_3148/DSP_workspace/DSP3/CMSIS/core_cm4.h **** #define SCB_CCR_STKALIGN_Msk               (1UL << SCB_CCR_STKALIGN_Pos)                  /*!< SCB 
 596:/home/jacoby/Documents/MCUXpresso_11.10.0_3148/DSP_workspace/DSP3/CMSIS/core_cm4.h **** 
 597:/home/jacoby/Documents/MCUXpresso_11.10.0_3148/DSP_workspace/DSP3/CMSIS/core_cm4.h **** #define SCB_CCR_BFHFNMIGN_Pos               8U                                            /*!< SCB 
 598:/home/jacoby/Documents/MCUXpresso_11.10.0_3148/DSP_workspace/DSP3/CMSIS/core_cm4.h **** #define SCB_CCR_BFHFNMIGN_Msk              (1UL << SCB_CCR_BFHFNMIGN_Pos)                 /*!< SCB 
 599:/home/jacoby/Documents/MCUXpresso_11.10.0_3148/DSP_workspace/DSP3/CMSIS/core_cm4.h **** 
 600:/home/jacoby/Documents/MCUXpresso_11.10.0_3148/DSP_workspace/DSP3/CMSIS/core_cm4.h **** #define SCB_CCR_DIV_0_TRP_Pos               4U                                            /*!< SCB 
 601:/home/jacoby/Documents/MCUXpresso_11.10.0_3148/DSP_workspace/DSP3/CMSIS/core_cm4.h **** #define SCB_CCR_DIV_0_TRP_Msk              (1UL << SCB_CCR_DIV_0_TRP_Pos)                 /*!< SCB 
 602:/home/jacoby/Documents/MCUXpresso_11.10.0_3148/DSP_workspace/DSP3/CMSIS/core_cm4.h **** 
 603:/home/jacoby/Documents/MCUXpresso_11.10.0_3148/DSP_workspace/DSP3/CMSIS/core_cm4.h **** #define SCB_CCR_UNALIGN_TRP_Pos             3U                                            /*!< SCB 
 604:/home/jacoby/Documents/MCUXpresso_11.10.0_3148/DSP_workspace/DSP3/CMSIS/core_cm4.h **** #define SCB_CCR_UNALIGN_TRP_Msk            (1UL << SCB_CCR_UNALIGN_TRP_Pos)               /*!< SCB 
 605:/home/jacoby/Documents/MCUXpresso_11.10.0_3148/DSP_workspace/DSP3/CMSIS/core_cm4.h **** 
 606:/home/jacoby/Documents/MCUXpresso_11.10.0_3148/DSP_workspace/DSP3/CMSIS/core_cm4.h **** #define SCB_CCR_USERSETMPEND_Pos            1U                                            /*!< SCB 
 607:/home/jacoby/Documents/MCUXpresso_11.10.0_3148/DSP_workspace/DSP3/CMSIS/core_cm4.h **** #define SCB_CCR_USERSETMPEND_Msk           (1UL << SCB_CCR_USERSETMPEND_Pos)              /*!< SCB 
 608:/home/jacoby/Documents/MCUXpresso_11.10.0_3148/DSP_workspace/DSP3/CMSIS/core_cm4.h **** 
 609:/home/jacoby/Documents/MCUXpresso_11.10.0_3148/DSP_workspace/DSP3/CMSIS/core_cm4.h **** #define SCB_CCR_NONBASETHRDENA_Pos          0U                                            /*!< SCB 
 610:/home/jacoby/Documents/MCUXpresso_11.10.0_3148/DSP_workspace/DSP3/CMSIS/core_cm4.h **** #define SCB_CCR_NONBASETHRDENA_Msk         (1UL /*<< SCB_CCR_NONBASETHRDENA_Pos*/)        /*!< SCB 
 611:/home/jacoby/Documents/MCUXpresso_11.10.0_3148/DSP_workspace/DSP3/CMSIS/core_cm4.h **** 
 612:/home/jacoby/Documents/MCUXpresso_11.10.0_3148/DSP_workspace/DSP3/CMSIS/core_cm4.h **** /* SCB System Handler Control and State Register Definitions */
 613:/home/jacoby/Documents/MCUXpresso_11.10.0_3148/DSP_workspace/DSP3/CMSIS/core_cm4.h **** #define SCB_SHCSR_USGFAULTENA_Pos          18U                                            /*!< SCB 
 614:/home/jacoby/Documents/MCUXpresso_11.10.0_3148/DSP_workspace/DSP3/CMSIS/core_cm4.h **** #define SCB_SHCSR_USGFAULTENA_Msk          (1UL << SCB_SHCSR_USGFAULTENA_Pos)             /*!< SCB 
 615:/home/jacoby/Documents/MCUXpresso_11.10.0_3148/DSP_workspace/DSP3/CMSIS/core_cm4.h **** 
 616:/home/jacoby/Documents/MCUXpresso_11.10.0_3148/DSP_workspace/DSP3/CMSIS/core_cm4.h **** #define SCB_SHCSR_BUSFAULTENA_Pos          17U                                            /*!< SCB 
 617:/home/jacoby/Documents/MCUXpresso_11.10.0_3148/DSP_workspace/DSP3/CMSIS/core_cm4.h **** #define SCB_SHCSR_BUSFAULTENA_Msk          (1UL << SCB_SHCSR_BUSFAULTENA_Pos)             /*!< SCB 
 618:/home/jacoby/Documents/MCUXpresso_11.10.0_3148/DSP_workspace/DSP3/CMSIS/core_cm4.h **** 
 619:/home/jacoby/Documents/MCUXpresso_11.10.0_3148/DSP_workspace/DSP3/CMSIS/core_cm4.h **** #define SCB_SHCSR_MEMFAULTENA_Pos          16U                                            /*!< SCB 
 620:/home/jacoby/Documents/MCUXpresso_11.10.0_3148/DSP_workspace/DSP3/CMSIS/core_cm4.h **** #define SCB_SHCSR_MEMFAULTENA_Msk          (1UL << SCB_SHCSR_MEMFAULTENA_Pos)             /*!< SCB 
 621:/home/jacoby/Documents/MCUXpresso_11.10.0_3148/DSP_workspace/DSP3/CMSIS/core_cm4.h **** 
 622:/home/jacoby/Documents/MCUXpresso_11.10.0_3148/DSP_workspace/DSP3/CMSIS/core_cm4.h **** #define SCB_SHCSR_SVCALLPENDED_Pos         15U                                            /*!< SCB 
 623:/home/jacoby/Documents/MCUXpresso_11.10.0_3148/DSP_workspace/DSP3/CMSIS/core_cm4.h **** #define SCB_SHCSR_SVCALLPENDED_Msk         (1UL << SCB_SHCSR_SVCALLPENDED_Pos)            /*!< SCB 
 624:/home/jacoby/Documents/MCUXpresso_11.10.0_3148/DSP_workspace/DSP3/CMSIS/core_cm4.h **** 
 625:/home/jacoby/Documents/MCUXpresso_11.10.0_3148/DSP_workspace/DSP3/CMSIS/core_cm4.h **** #define SCB_SHCSR_BUSFAULTPENDED_Pos       14U                                            /*!< SCB 
 626:/home/jacoby/Documents/MCUXpresso_11.10.0_3148/DSP_workspace/DSP3/CMSIS/core_cm4.h **** #define SCB_SHCSR_BUSFAULTPENDED_Msk       (1UL << SCB_SHCSR_BUSFAULTPENDED_Pos)          /*!< SCB 
 627:/home/jacoby/Documents/MCUXpresso_11.10.0_3148/DSP_workspace/DSP3/CMSIS/core_cm4.h **** 
 628:/home/jacoby/Documents/MCUXpresso_11.10.0_3148/DSP_workspace/DSP3/CMSIS/core_cm4.h **** #define SCB_SHCSR_MEMFAULTPENDED_Pos       13U                                            /*!< SCB 
 629:/home/jacoby/Documents/MCUXpresso_11.10.0_3148/DSP_workspace/DSP3/CMSIS/core_cm4.h **** #define SCB_SHCSR_MEMFAULTPENDED_Msk       (1UL << SCB_SHCSR_MEMFAULTPENDED_Pos)          /*!< SCB 
 630:/home/jacoby/Documents/MCUXpresso_11.10.0_3148/DSP_workspace/DSP3/CMSIS/core_cm4.h **** 
 631:/home/jacoby/Documents/MCUXpresso_11.10.0_3148/DSP_workspace/DSP3/CMSIS/core_cm4.h **** #define SCB_SHCSR_USGFAULTPENDED_Pos       12U                                            /*!< SCB 
 632:/home/jacoby/Documents/MCUXpresso_11.10.0_3148/DSP_workspace/DSP3/CMSIS/core_cm4.h **** #define SCB_SHCSR_USGFAULTPENDED_Msk       (1UL << SCB_SHCSR_USGFAULTPENDED_Pos)          /*!< SCB 
 633:/home/jacoby/Documents/MCUXpresso_11.10.0_3148/DSP_workspace/DSP3/CMSIS/core_cm4.h **** 
 634:/home/jacoby/Documents/MCUXpresso_11.10.0_3148/DSP_workspace/DSP3/CMSIS/core_cm4.h **** #define SCB_SHCSR_SYSTICKACT_Pos           11U                                            /*!< SCB 
 635:/home/jacoby/Documents/MCUXpresso_11.10.0_3148/DSP_workspace/DSP3/CMSIS/core_cm4.h **** #define SCB_SHCSR_SYSTICKACT_Msk           (1UL << SCB_SHCSR_SYSTICKACT_Pos)              /*!< SCB 
 636:/home/jacoby/Documents/MCUXpresso_11.10.0_3148/DSP_workspace/DSP3/CMSIS/core_cm4.h **** 
 637:/home/jacoby/Documents/MCUXpresso_11.10.0_3148/DSP_workspace/DSP3/CMSIS/core_cm4.h **** #define SCB_SHCSR_PENDSVACT_Pos            10U                                            /*!< SCB 
 638:/home/jacoby/Documents/MCUXpresso_11.10.0_3148/DSP_workspace/DSP3/CMSIS/core_cm4.h **** #define SCB_SHCSR_PENDSVACT_Msk            (1UL << SCB_SHCSR_PENDSVACT_Pos)               /*!< SCB 
 639:/home/jacoby/Documents/MCUXpresso_11.10.0_3148/DSP_workspace/DSP3/CMSIS/core_cm4.h **** 
 640:/home/jacoby/Documents/MCUXpresso_11.10.0_3148/DSP_workspace/DSP3/CMSIS/core_cm4.h **** #define SCB_SHCSR_MONITORACT_Pos            8U                                            /*!< SCB 
 641:/home/jacoby/Documents/MCUXpresso_11.10.0_3148/DSP_workspace/DSP3/CMSIS/core_cm4.h **** #define SCB_SHCSR_MONITORACT_Msk           (1UL << SCB_SHCSR_MONITORACT_Pos)              /*!< SCB 
 642:/home/jacoby/Documents/MCUXpresso_11.10.0_3148/DSP_workspace/DSP3/CMSIS/core_cm4.h **** 
 643:/home/jacoby/Documents/MCUXpresso_11.10.0_3148/DSP_workspace/DSP3/CMSIS/core_cm4.h **** #define SCB_SHCSR_SVCALLACT_Pos             7U                                            /*!< SCB 
 644:/home/jacoby/Documents/MCUXpresso_11.10.0_3148/DSP_workspace/DSP3/CMSIS/core_cm4.h **** #define SCB_SHCSR_SVCALLACT_Msk            (1UL << SCB_SHCSR_SVCALLACT_Pos)               /*!< SCB 
 645:/home/jacoby/Documents/MCUXpresso_11.10.0_3148/DSP_workspace/DSP3/CMSIS/core_cm4.h **** 
 646:/home/jacoby/Documents/MCUXpresso_11.10.0_3148/DSP_workspace/DSP3/CMSIS/core_cm4.h **** #define SCB_SHCSR_USGFAULTACT_Pos           3U                                            /*!< SCB 
 647:/home/jacoby/Documents/MCUXpresso_11.10.0_3148/DSP_workspace/DSP3/CMSIS/core_cm4.h **** #define SCB_SHCSR_USGFAULTACT_Msk          (1UL << SCB_SHCSR_USGFAULTACT_Pos)             /*!< SCB 
 648:/home/jacoby/Documents/MCUXpresso_11.10.0_3148/DSP_workspace/DSP3/CMSIS/core_cm4.h **** 
 649:/home/jacoby/Documents/MCUXpresso_11.10.0_3148/DSP_workspace/DSP3/CMSIS/core_cm4.h **** #define SCB_SHCSR_BUSFAULTACT_Pos           1U                                            /*!< SCB 
 650:/home/jacoby/Documents/MCUXpresso_11.10.0_3148/DSP_workspace/DSP3/CMSIS/core_cm4.h **** #define SCB_SHCSR_BUSFAULTACT_Msk          (1UL << SCB_SHCSR_BUSFAULTACT_Pos)             /*!< SCB 
 651:/home/jacoby/Documents/MCUXpresso_11.10.0_3148/DSP_workspace/DSP3/CMSIS/core_cm4.h **** 
 652:/home/jacoby/Documents/MCUXpresso_11.10.0_3148/DSP_workspace/DSP3/CMSIS/core_cm4.h **** #define SCB_SHCSR_MEMFAULTACT_Pos           0U                                            /*!< SCB 
 653:/home/jacoby/Documents/MCUXpresso_11.10.0_3148/DSP_workspace/DSP3/CMSIS/core_cm4.h **** #define SCB_SHCSR_MEMFAULTACT_Msk          (1UL /*<< SCB_SHCSR_MEMFAULTACT_Pos*/)         /*!< SCB 
 654:/home/jacoby/Documents/MCUXpresso_11.10.0_3148/DSP_workspace/DSP3/CMSIS/core_cm4.h **** 
 655:/home/jacoby/Documents/MCUXpresso_11.10.0_3148/DSP_workspace/DSP3/CMSIS/core_cm4.h **** /* SCB Configurable Fault Status Register Definitions */
 656:/home/jacoby/Documents/MCUXpresso_11.10.0_3148/DSP_workspace/DSP3/CMSIS/core_cm4.h **** #define SCB_CFSR_USGFAULTSR_Pos            16U                                            /*!< SCB 
 657:/home/jacoby/Documents/MCUXpresso_11.10.0_3148/DSP_workspace/DSP3/CMSIS/core_cm4.h **** #define SCB_CFSR_USGFAULTSR_Msk            (0xFFFFUL << SCB_CFSR_USGFAULTSR_Pos)          /*!< SCB 
 658:/home/jacoby/Documents/MCUXpresso_11.10.0_3148/DSP_workspace/DSP3/CMSIS/core_cm4.h **** 
 659:/home/jacoby/Documents/MCUXpresso_11.10.0_3148/DSP_workspace/DSP3/CMSIS/core_cm4.h **** #define SCB_CFSR_BUSFAULTSR_Pos             8U                                            /*!< SCB 
 660:/home/jacoby/Documents/MCUXpresso_11.10.0_3148/DSP_workspace/DSP3/CMSIS/core_cm4.h **** #define SCB_CFSR_BUSFAULTSR_Msk            (0xFFUL << SCB_CFSR_BUSFAULTSR_Pos)            /*!< SCB 
 661:/home/jacoby/Documents/MCUXpresso_11.10.0_3148/DSP_workspace/DSP3/CMSIS/core_cm4.h **** 
 662:/home/jacoby/Documents/MCUXpresso_11.10.0_3148/DSP_workspace/DSP3/CMSIS/core_cm4.h **** #define SCB_CFSR_MEMFAULTSR_Pos             0U                                            /*!< SCB 
 663:/home/jacoby/Documents/MCUXpresso_11.10.0_3148/DSP_workspace/DSP3/CMSIS/core_cm4.h **** #define SCB_CFSR_MEMFAULTSR_Msk            (0xFFUL /*<< SCB_CFSR_MEMFAULTSR_Pos*/)        /*!< SCB 
 664:/home/jacoby/Documents/MCUXpresso_11.10.0_3148/DSP_workspace/DSP3/CMSIS/core_cm4.h **** 
 665:/home/jacoby/Documents/MCUXpresso_11.10.0_3148/DSP_workspace/DSP3/CMSIS/core_cm4.h **** /* SCB Hard Fault Status Register Definitions */
 666:/home/jacoby/Documents/MCUXpresso_11.10.0_3148/DSP_workspace/DSP3/CMSIS/core_cm4.h **** #define SCB_HFSR_DEBUGEVT_Pos              31U                                            /*!< SCB 
 667:/home/jacoby/Documents/MCUXpresso_11.10.0_3148/DSP_workspace/DSP3/CMSIS/core_cm4.h **** #define SCB_HFSR_DEBUGEVT_Msk              (1UL << SCB_HFSR_DEBUGEVT_Pos)                 /*!< SCB 
 668:/home/jacoby/Documents/MCUXpresso_11.10.0_3148/DSP_workspace/DSP3/CMSIS/core_cm4.h **** 
 669:/home/jacoby/Documents/MCUXpresso_11.10.0_3148/DSP_workspace/DSP3/CMSIS/core_cm4.h **** #define SCB_HFSR_FORCED_Pos                30U                                            /*!< SCB 
 670:/home/jacoby/Documents/MCUXpresso_11.10.0_3148/DSP_workspace/DSP3/CMSIS/core_cm4.h **** #define SCB_HFSR_FORCED_Msk                (1UL << SCB_HFSR_FORCED_Pos)                   /*!< SCB 
 671:/home/jacoby/Documents/MCUXpresso_11.10.0_3148/DSP_workspace/DSP3/CMSIS/core_cm4.h **** 
 672:/home/jacoby/Documents/MCUXpresso_11.10.0_3148/DSP_workspace/DSP3/CMSIS/core_cm4.h **** #define SCB_HFSR_VECTTBL_Pos                1U                                            /*!< SCB 
 673:/home/jacoby/Documents/MCUXpresso_11.10.0_3148/DSP_workspace/DSP3/CMSIS/core_cm4.h **** #define SCB_HFSR_VECTTBL_Msk               (1UL << SCB_HFSR_VECTTBL_Pos)                  /*!< SCB 
 674:/home/jacoby/Documents/MCUXpresso_11.10.0_3148/DSP_workspace/DSP3/CMSIS/core_cm4.h **** 
 675:/home/jacoby/Documents/MCUXpresso_11.10.0_3148/DSP_workspace/DSP3/CMSIS/core_cm4.h **** /* SCB Debug Fault Status Register Definitions */
 676:/home/jacoby/Documents/MCUXpresso_11.10.0_3148/DSP_workspace/DSP3/CMSIS/core_cm4.h **** #define SCB_DFSR_EXTERNAL_Pos               4U                                            /*!< SCB 
 677:/home/jacoby/Documents/MCUXpresso_11.10.0_3148/DSP_workspace/DSP3/CMSIS/core_cm4.h **** #define SCB_DFSR_EXTERNAL_Msk              (1UL << SCB_DFSR_EXTERNAL_Pos)                 /*!< SCB 
 678:/home/jacoby/Documents/MCUXpresso_11.10.0_3148/DSP_workspace/DSP3/CMSIS/core_cm4.h **** 
 679:/home/jacoby/Documents/MCUXpresso_11.10.0_3148/DSP_workspace/DSP3/CMSIS/core_cm4.h **** #define SCB_DFSR_VCATCH_Pos                 3U                                            /*!< SCB 
 680:/home/jacoby/Documents/MCUXpresso_11.10.0_3148/DSP_workspace/DSP3/CMSIS/core_cm4.h **** #define SCB_DFSR_VCATCH_Msk                (1UL << SCB_DFSR_VCATCH_Pos)                   /*!< SCB 
 681:/home/jacoby/Documents/MCUXpresso_11.10.0_3148/DSP_workspace/DSP3/CMSIS/core_cm4.h **** 
 682:/home/jacoby/Documents/MCUXpresso_11.10.0_3148/DSP_workspace/DSP3/CMSIS/core_cm4.h **** #define SCB_DFSR_DWTTRAP_Pos                2U                                            /*!< SCB 
 683:/home/jacoby/Documents/MCUXpresso_11.10.0_3148/DSP_workspace/DSP3/CMSIS/core_cm4.h **** #define SCB_DFSR_DWTTRAP_Msk               (1UL << SCB_DFSR_DWTTRAP_Pos)                  /*!< SCB 
 684:/home/jacoby/Documents/MCUXpresso_11.10.0_3148/DSP_workspace/DSP3/CMSIS/core_cm4.h **** 
 685:/home/jacoby/Documents/MCUXpresso_11.10.0_3148/DSP_workspace/DSP3/CMSIS/core_cm4.h **** #define SCB_DFSR_BKPT_Pos                   1U                                            /*!< SCB 
 686:/home/jacoby/Documents/MCUXpresso_11.10.0_3148/DSP_workspace/DSP3/CMSIS/core_cm4.h **** #define SCB_DFSR_BKPT_Msk                  (1UL << SCB_DFSR_BKPT_Pos)                     /*!< SCB 
 687:/home/jacoby/Documents/MCUXpresso_11.10.0_3148/DSP_workspace/DSP3/CMSIS/core_cm4.h **** 
 688:/home/jacoby/Documents/MCUXpresso_11.10.0_3148/DSP_workspace/DSP3/CMSIS/core_cm4.h **** #define SCB_DFSR_HALTED_Pos                 0U                                            /*!< SCB 
 689:/home/jacoby/Documents/MCUXpresso_11.10.0_3148/DSP_workspace/DSP3/CMSIS/core_cm4.h **** #define SCB_DFSR_HALTED_Msk                (1UL /*<< SCB_DFSR_HALTED_Pos*/)               /*!< SCB 
 690:/home/jacoby/Documents/MCUXpresso_11.10.0_3148/DSP_workspace/DSP3/CMSIS/core_cm4.h **** 
 691:/home/jacoby/Documents/MCUXpresso_11.10.0_3148/DSP_workspace/DSP3/CMSIS/core_cm4.h **** /*@} end of group CMSIS_SCB */
 692:/home/jacoby/Documents/MCUXpresso_11.10.0_3148/DSP_workspace/DSP3/CMSIS/core_cm4.h **** 
 693:/home/jacoby/Documents/MCUXpresso_11.10.0_3148/DSP_workspace/DSP3/CMSIS/core_cm4.h **** 
 694:/home/jacoby/Documents/MCUXpresso_11.10.0_3148/DSP_workspace/DSP3/CMSIS/core_cm4.h **** /**
 695:/home/jacoby/Documents/MCUXpresso_11.10.0_3148/DSP_workspace/DSP3/CMSIS/core_cm4.h ****   \ingroup  CMSIS_core_register
 696:/home/jacoby/Documents/MCUXpresso_11.10.0_3148/DSP_workspace/DSP3/CMSIS/core_cm4.h ****   \defgroup CMSIS_SCnSCB System Controls not in SCB (SCnSCB)
 697:/home/jacoby/Documents/MCUXpresso_11.10.0_3148/DSP_workspace/DSP3/CMSIS/core_cm4.h ****   \brief    Type definitions for the System Control and ID Register not in the SCB
 698:/home/jacoby/Documents/MCUXpresso_11.10.0_3148/DSP_workspace/DSP3/CMSIS/core_cm4.h ****   @{
 699:/home/jacoby/Documents/MCUXpresso_11.10.0_3148/DSP_workspace/DSP3/CMSIS/core_cm4.h ****  */
 700:/home/jacoby/Documents/MCUXpresso_11.10.0_3148/DSP_workspace/DSP3/CMSIS/core_cm4.h **** 
 701:/home/jacoby/Documents/MCUXpresso_11.10.0_3148/DSP_workspace/DSP3/CMSIS/core_cm4.h **** /**
 702:/home/jacoby/Documents/MCUXpresso_11.10.0_3148/DSP_workspace/DSP3/CMSIS/core_cm4.h ****   \brief  Structure type to access the System Control and ID Register not in the SCB.
 703:/home/jacoby/Documents/MCUXpresso_11.10.0_3148/DSP_workspace/DSP3/CMSIS/core_cm4.h ****  */
 704:/home/jacoby/Documents/MCUXpresso_11.10.0_3148/DSP_workspace/DSP3/CMSIS/core_cm4.h **** typedef struct
 705:/home/jacoby/Documents/MCUXpresso_11.10.0_3148/DSP_workspace/DSP3/CMSIS/core_cm4.h **** {
 706:/home/jacoby/Documents/MCUXpresso_11.10.0_3148/DSP_workspace/DSP3/CMSIS/core_cm4.h ****         uint32_t RESERVED0[1U];
 707:/home/jacoby/Documents/MCUXpresso_11.10.0_3148/DSP_workspace/DSP3/CMSIS/core_cm4.h ****   __IM  uint32_t ICTR;                   /*!< Offset: 0x004 (R/ )  Interrupt Controller Type Regist
 708:/home/jacoby/Documents/MCUXpresso_11.10.0_3148/DSP_workspace/DSP3/CMSIS/core_cm4.h ****   __IOM uint32_t ACTLR;                  /*!< Offset: 0x008 (R/W)  Auxiliary Control Register */
 709:/home/jacoby/Documents/MCUXpresso_11.10.0_3148/DSP_workspace/DSP3/CMSIS/core_cm4.h **** } SCnSCB_Type;
 710:/home/jacoby/Documents/MCUXpresso_11.10.0_3148/DSP_workspace/DSP3/CMSIS/core_cm4.h **** 
 711:/home/jacoby/Documents/MCUXpresso_11.10.0_3148/DSP_workspace/DSP3/CMSIS/core_cm4.h **** /* Interrupt Controller Type Register Definitions */
 712:/home/jacoby/Documents/MCUXpresso_11.10.0_3148/DSP_workspace/DSP3/CMSIS/core_cm4.h **** #define SCnSCB_ICTR_INTLINESNUM_Pos         0U                                         /*!< ICTR: I
 713:/home/jacoby/Documents/MCUXpresso_11.10.0_3148/DSP_workspace/DSP3/CMSIS/core_cm4.h **** #define SCnSCB_ICTR_INTLINESNUM_Msk        (0xFUL /*<< SCnSCB_ICTR_INTLINESNUM_Pos*/)  /*!< ICTR: I
 714:/home/jacoby/Documents/MCUXpresso_11.10.0_3148/DSP_workspace/DSP3/CMSIS/core_cm4.h **** 
 715:/home/jacoby/Documents/MCUXpresso_11.10.0_3148/DSP_workspace/DSP3/CMSIS/core_cm4.h **** /* Auxiliary Control Register Definitions */
 716:/home/jacoby/Documents/MCUXpresso_11.10.0_3148/DSP_workspace/DSP3/CMSIS/core_cm4.h **** #define SCnSCB_ACTLR_DISOOFP_Pos            9U                                         /*!< ACTLR: 
 717:/home/jacoby/Documents/MCUXpresso_11.10.0_3148/DSP_workspace/DSP3/CMSIS/core_cm4.h **** #define SCnSCB_ACTLR_DISOOFP_Msk           (1UL << SCnSCB_ACTLR_DISOOFP_Pos)           /*!< ACTLR: 
 718:/home/jacoby/Documents/MCUXpresso_11.10.0_3148/DSP_workspace/DSP3/CMSIS/core_cm4.h **** 
 719:/home/jacoby/Documents/MCUXpresso_11.10.0_3148/DSP_workspace/DSP3/CMSIS/core_cm4.h **** #define SCnSCB_ACTLR_DISFPCA_Pos            8U                                         /*!< ACTLR: 
 720:/home/jacoby/Documents/MCUXpresso_11.10.0_3148/DSP_workspace/DSP3/CMSIS/core_cm4.h **** #define SCnSCB_ACTLR_DISFPCA_Msk           (1UL << SCnSCB_ACTLR_DISFPCA_Pos)           /*!< ACTLR: 
 721:/home/jacoby/Documents/MCUXpresso_11.10.0_3148/DSP_workspace/DSP3/CMSIS/core_cm4.h **** 
 722:/home/jacoby/Documents/MCUXpresso_11.10.0_3148/DSP_workspace/DSP3/CMSIS/core_cm4.h **** #define SCnSCB_ACTLR_DISFOLD_Pos            2U                                         /*!< ACTLR: 
 723:/home/jacoby/Documents/MCUXpresso_11.10.0_3148/DSP_workspace/DSP3/CMSIS/core_cm4.h **** #define SCnSCB_ACTLR_DISFOLD_Msk           (1UL << SCnSCB_ACTLR_DISFOLD_Pos)           /*!< ACTLR: 
 724:/home/jacoby/Documents/MCUXpresso_11.10.0_3148/DSP_workspace/DSP3/CMSIS/core_cm4.h **** 
 725:/home/jacoby/Documents/MCUXpresso_11.10.0_3148/DSP_workspace/DSP3/CMSIS/core_cm4.h **** #define SCnSCB_ACTLR_DISDEFWBUF_Pos         1U                                         /*!< ACTLR: 
 726:/home/jacoby/Documents/MCUXpresso_11.10.0_3148/DSP_workspace/DSP3/CMSIS/core_cm4.h **** #define SCnSCB_ACTLR_DISDEFWBUF_Msk        (1UL << SCnSCB_ACTLR_DISDEFWBUF_Pos)        /*!< ACTLR: 
 727:/home/jacoby/Documents/MCUXpresso_11.10.0_3148/DSP_workspace/DSP3/CMSIS/core_cm4.h **** 
 728:/home/jacoby/Documents/MCUXpresso_11.10.0_3148/DSP_workspace/DSP3/CMSIS/core_cm4.h **** #define SCnSCB_ACTLR_DISMCYCINT_Pos         0U                                         /*!< ACTLR: 
 729:/home/jacoby/Documents/MCUXpresso_11.10.0_3148/DSP_workspace/DSP3/CMSIS/core_cm4.h **** #define SCnSCB_ACTLR_DISMCYCINT_Msk        (1UL /*<< SCnSCB_ACTLR_DISMCYCINT_Pos*/)    /*!< ACTLR: 
 730:/home/jacoby/Documents/MCUXpresso_11.10.0_3148/DSP_workspace/DSP3/CMSIS/core_cm4.h **** 
 731:/home/jacoby/Documents/MCUXpresso_11.10.0_3148/DSP_workspace/DSP3/CMSIS/core_cm4.h **** /*@} end of group CMSIS_SCnotSCB */
 732:/home/jacoby/Documents/MCUXpresso_11.10.0_3148/DSP_workspace/DSP3/CMSIS/core_cm4.h **** 
 733:/home/jacoby/Documents/MCUXpresso_11.10.0_3148/DSP_workspace/DSP3/CMSIS/core_cm4.h **** 
 734:/home/jacoby/Documents/MCUXpresso_11.10.0_3148/DSP_workspace/DSP3/CMSIS/core_cm4.h **** /**
 735:/home/jacoby/Documents/MCUXpresso_11.10.0_3148/DSP_workspace/DSP3/CMSIS/core_cm4.h ****   \ingroup  CMSIS_core_register
 736:/home/jacoby/Documents/MCUXpresso_11.10.0_3148/DSP_workspace/DSP3/CMSIS/core_cm4.h ****   \defgroup CMSIS_SysTick     System Tick Timer (SysTick)
 737:/home/jacoby/Documents/MCUXpresso_11.10.0_3148/DSP_workspace/DSP3/CMSIS/core_cm4.h ****   \brief    Type definitions for the System Timer Registers.
 738:/home/jacoby/Documents/MCUXpresso_11.10.0_3148/DSP_workspace/DSP3/CMSIS/core_cm4.h ****   @{
 739:/home/jacoby/Documents/MCUXpresso_11.10.0_3148/DSP_workspace/DSP3/CMSIS/core_cm4.h ****  */
 740:/home/jacoby/Documents/MCUXpresso_11.10.0_3148/DSP_workspace/DSP3/CMSIS/core_cm4.h **** 
 741:/home/jacoby/Documents/MCUXpresso_11.10.0_3148/DSP_workspace/DSP3/CMSIS/core_cm4.h **** /**
 742:/home/jacoby/Documents/MCUXpresso_11.10.0_3148/DSP_workspace/DSP3/CMSIS/core_cm4.h ****   \brief  Structure type to access the System Timer (SysTick).
 743:/home/jacoby/Documents/MCUXpresso_11.10.0_3148/DSP_workspace/DSP3/CMSIS/core_cm4.h ****  */
 744:/home/jacoby/Documents/MCUXpresso_11.10.0_3148/DSP_workspace/DSP3/CMSIS/core_cm4.h **** typedef struct
 745:/home/jacoby/Documents/MCUXpresso_11.10.0_3148/DSP_workspace/DSP3/CMSIS/core_cm4.h **** {
 746:/home/jacoby/Documents/MCUXpresso_11.10.0_3148/DSP_workspace/DSP3/CMSIS/core_cm4.h ****   __IOM uint32_t CTRL;                   /*!< Offset: 0x000 (R/W)  SysTick Control and Status Regis
 747:/home/jacoby/Documents/MCUXpresso_11.10.0_3148/DSP_workspace/DSP3/CMSIS/core_cm4.h ****   __IOM uint32_t LOAD;                   /*!< Offset: 0x004 (R/W)  SysTick Reload Value Register */
 748:/home/jacoby/Documents/MCUXpresso_11.10.0_3148/DSP_workspace/DSP3/CMSIS/core_cm4.h ****   __IOM uint32_t VAL;                    /*!< Offset: 0x008 (R/W)  SysTick Current Value Register *
 749:/home/jacoby/Documents/MCUXpresso_11.10.0_3148/DSP_workspace/DSP3/CMSIS/core_cm4.h ****   __IM  uint32_t CALIB;                  /*!< Offset: 0x00C (R/ )  SysTick Calibration Register */
 750:/home/jacoby/Documents/MCUXpresso_11.10.0_3148/DSP_workspace/DSP3/CMSIS/core_cm4.h **** } SysTick_Type;
 751:/home/jacoby/Documents/MCUXpresso_11.10.0_3148/DSP_workspace/DSP3/CMSIS/core_cm4.h **** 
 752:/home/jacoby/Documents/MCUXpresso_11.10.0_3148/DSP_workspace/DSP3/CMSIS/core_cm4.h **** /* SysTick Control / Status Register Definitions */
 753:/home/jacoby/Documents/MCUXpresso_11.10.0_3148/DSP_workspace/DSP3/CMSIS/core_cm4.h **** #define SysTick_CTRL_COUNTFLAG_Pos         16U                                            /*!< SysT
 754:/home/jacoby/Documents/MCUXpresso_11.10.0_3148/DSP_workspace/DSP3/CMSIS/core_cm4.h **** #define SysTick_CTRL_COUNTFLAG_Msk         (1UL << SysTick_CTRL_COUNTFLAG_Pos)            /*!< SysT
 755:/home/jacoby/Documents/MCUXpresso_11.10.0_3148/DSP_workspace/DSP3/CMSIS/core_cm4.h **** 
 756:/home/jacoby/Documents/MCUXpresso_11.10.0_3148/DSP_workspace/DSP3/CMSIS/core_cm4.h **** #define SysTick_CTRL_CLKSOURCE_Pos          2U                                            /*!< SysT
 757:/home/jacoby/Documents/MCUXpresso_11.10.0_3148/DSP_workspace/DSP3/CMSIS/core_cm4.h **** #define SysTick_CTRL_CLKSOURCE_Msk         (1UL << SysTick_CTRL_CLKSOURCE_Pos)            /*!< SysT
 758:/home/jacoby/Documents/MCUXpresso_11.10.0_3148/DSP_workspace/DSP3/CMSIS/core_cm4.h **** 
 759:/home/jacoby/Documents/MCUXpresso_11.10.0_3148/DSP_workspace/DSP3/CMSIS/core_cm4.h **** #define SysTick_CTRL_TICKINT_Pos            1U                                            /*!< SysT
 760:/home/jacoby/Documents/MCUXpresso_11.10.0_3148/DSP_workspace/DSP3/CMSIS/core_cm4.h **** #define SysTick_CTRL_TICKINT_Msk           (1UL << SysTick_CTRL_TICKINT_Pos)              /*!< SysT
 761:/home/jacoby/Documents/MCUXpresso_11.10.0_3148/DSP_workspace/DSP3/CMSIS/core_cm4.h **** 
 762:/home/jacoby/Documents/MCUXpresso_11.10.0_3148/DSP_workspace/DSP3/CMSIS/core_cm4.h **** #define SysTick_CTRL_ENABLE_Pos             0U                                            /*!< SysT
 763:/home/jacoby/Documents/MCUXpresso_11.10.0_3148/DSP_workspace/DSP3/CMSIS/core_cm4.h **** #define SysTick_CTRL_ENABLE_Msk            (1UL /*<< SysTick_CTRL_ENABLE_Pos*/)           /*!< SysT
 764:/home/jacoby/Documents/MCUXpresso_11.10.0_3148/DSP_workspace/DSP3/CMSIS/core_cm4.h **** 
 765:/home/jacoby/Documents/MCUXpresso_11.10.0_3148/DSP_workspace/DSP3/CMSIS/core_cm4.h **** /* SysTick Reload Register Definitions */
 766:/home/jacoby/Documents/MCUXpresso_11.10.0_3148/DSP_workspace/DSP3/CMSIS/core_cm4.h **** #define SysTick_LOAD_RELOAD_Pos             0U                                            /*!< SysT
 767:/home/jacoby/Documents/MCUXpresso_11.10.0_3148/DSP_workspace/DSP3/CMSIS/core_cm4.h **** #define SysTick_LOAD_RELOAD_Msk            (0xFFFFFFUL /*<< SysTick_LOAD_RELOAD_Pos*/)    /*!< SysT
 768:/home/jacoby/Documents/MCUXpresso_11.10.0_3148/DSP_workspace/DSP3/CMSIS/core_cm4.h **** 
 769:/home/jacoby/Documents/MCUXpresso_11.10.0_3148/DSP_workspace/DSP3/CMSIS/core_cm4.h **** /* SysTick Current Register Definitions */
 770:/home/jacoby/Documents/MCUXpresso_11.10.0_3148/DSP_workspace/DSP3/CMSIS/core_cm4.h **** #define SysTick_VAL_CURRENT_Pos             0U                                            /*!< SysT
 771:/home/jacoby/Documents/MCUXpresso_11.10.0_3148/DSP_workspace/DSP3/CMSIS/core_cm4.h **** #define SysTick_VAL_CURRENT_Msk            (0xFFFFFFUL /*<< SysTick_VAL_CURRENT_Pos*/)    /*!< SysT
 772:/home/jacoby/Documents/MCUXpresso_11.10.0_3148/DSP_workspace/DSP3/CMSIS/core_cm4.h **** 
 773:/home/jacoby/Documents/MCUXpresso_11.10.0_3148/DSP_workspace/DSP3/CMSIS/core_cm4.h **** /* SysTick Calibration Register Definitions */
 774:/home/jacoby/Documents/MCUXpresso_11.10.0_3148/DSP_workspace/DSP3/CMSIS/core_cm4.h **** #define SysTick_CALIB_NOREF_Pos            31U                                            /*!< SysT
 775:/home/jacoby/Documents/MCUXpresso_11.10.0_3148/DSP_workspace/DSP3/CMSIS/core_cm4.h **** #define SysTick_CALIB_NOREF_Msk            (1UL << SysTick_CALIB_NOREF_Pos)               /*!< SysT
 776:/home/jacoby/Documents/MCUXpresso_11.10.0_3148/DSP_workspace/DSP3/CMSIS/core_cm4.h **** 
 777:/home/jacoby/Documents/MCUXpresso_11.10.0_3148/DSP_workspace/DSP3/CMSIS/core_cm4.h **** #define SysTick_CALIB_SKEW_Pos             30U                                            /*!< SysT
 778:/home/jacoby/Documents/MCUXpresso_11.10.0_3148/DSP_workspace/DSP3/CMSIS/core_cm4.h **** #define SysTick_CALIB_SKEW_Msk             (1UL << SysTick_CALIB_SKEW_Pos)                /*!< SysT
 779:/home/jacoby/Documents/MCUXpresso_11.10.0_3148/DSP_workspace/DSP3/CMSIS/core_cm4.h **** 
 780:/home/jacoby/Documents/MCUXpresso_11.10.0_3148/DSP_workspace/DSP3/CMSIS/core_cm4.h **** #define SysTick_CALIB_TENMS_Pos             0U                                            /*!< SysT
 781:/home/jacoby/Documents/MCUXpresso_11.10.0_3148/DSP_workspace/DSP3/CMSIS/core_cm4.h **** #define SysTick_CALIB_TENMS_Msk            (0xFFFFFFUL /*<< SysTick_CALIB_TENMS_Pos*/)    /*!< SysT
 782:/home/jacoby/Documents/MCUXpresso_11.10.0_3148/DSP_workspace/DSP3/CMSIS/core_cm4.h **** 
 783:/home/jacoby/Documents/MCUXpresso_11.10.0_3148/DSP_workspace/DSP3/CMSIS/core_cm4.h **** /*@} end of group CMSIS_SysTick */
 784:/home/jacoby/Documents/MCUXpresso_11.10.0_3148/DSP_workspace/DSP3/CMSIS/core_cm4.h **** 
 785:/home/jacoby/Documents/MCUXpresso_11.10.0_3148/DSP_workspace/DSP3/CMSIS/core_cm4.h **** 
 786:/home/jacoby/Documents/MCUXpresso_11.10.0_3148/DSP_workspace/DSP3/CMSIS/core_cm4.h **** /**
 787:/home/jacoby/Documents/MCUXpresso_11.10.0_3148/DSP_workspace/DSP3/CMSIS/core_cm4.h ****   \ingroup  CMSIS_core_register
 788:/home/jacoby/Documents/MCUXpresso_11.10.0_3148/DSP_workspace/DSP3/CMSIS/core_cm4.h ****   \defgroup CMSIS_ITM     Instrumentation Trace Macrocell (ITM)
 789:/home/jacoby/Documents/MCUXpresso_11.10.0_3148/DSP_workspace/DSP3/CMSIS/core_cm4.h ****   \brief    Type definitions for the Instrumentation Trace Macrocell (ITM)
 790:/home/jacoby/Documents/MCUXpresso_11.10.0_3148/DSP_workspace/DSP3/CMSIS/core_cm4.h ****   @{
 791:/home/jacoby/Documents/MCUXpresso_11.10.0_3148/DSP_workspace/DSP3/CMSIS/core_cm4.h ****  */
 792:/home/jacoby/Documents/MCUXpresso_11.10.0_3148/DSP_workspace/DSP3/CMSIS/core_cm4.h **** 
 793:/home/jacoby/Documents/MCUXpresso_11.10.0_3148/DSP_workspace/DSP3/CMSIS/core_cm4.h **** /**
 794:/home/jacoby/Documents/MCUXpresso_11.10.0_3148/DSP_workspace/DSP3/CMSIS/core_cm4.h ****   \brief  Structure type to access the Instrumentation Trace Macrocell Register (ITM).
 795:/home/jacoby/Documents/MCUXpresso_11.10.0_3148/DSP_workspace/DSP3/CMSIS/core_cm4.h ****  */
 796:/home/jacoby/Documents/MCUXpresso_11.10.0_3148/DSP_workspace/DSP3/CMSIS/core_cm4.h **** typedef struct
 797:/home/jacoby/Documents/MCUXpresso_11.10.0_3148/DSP_workspace/DSP3/CMSIS/core_cm4.h **** {
 798:/home/jacoby/Documents/MCUXpresso_11.10.0_3148/DSP_workspace/DSP3/CMSIS/core_cm4.h ****   __OM  union
 799:/home/jacoby/Documents/MCUXpresso_11.10.0_3148/DSP_workspace/DSP3/CMSIS/core_cm4.h ****   {
 800:/home/jacoby/Documents/MCUXpresso_11.10.0_3148/DSP_workspace/DSP3/CMSIS/core_cm4.h ****     __OM  uint8_t    u8;                 /*!< Offset: 0x000 ( /W)  ITM Stimulus Port 8-bit */
 801:/home/jacoby/Documents/MCUXpresso_11.10.0_3148/DSP_workspace/DSP3/CMSIS/core_cm4.h ****     __OM  uint16_t   u16;                /*!< Offset: 0x000 ( /W)  ITM Stimulus Port 16-bit */
 802:/home/jacoby/Documents/MCUXpresso_11.10.0_3148/DSP_workspace/DSP3/CMSIS/core_cm4.h ****     __OM  uint32_t   u32;                /*!< Offset: 0x000 ( /W)  ITM Stimulus Port 32-bit */
 803:/home/jacoby/Documents/MCUXpresso_11.10.0_3148/DSP_workspace/DSP3/CMSIS/core_cm4.h ****   }  PORT [32U];                         /*!< Offset: 0x000 ( /W)  ITM Stimulus Port Registers */
 804:/home/jacoby/Documents/MCUXpresso_11.10.0_3148/DSP_workspace/DSP3/CMSIS/core_cm4.h ****         uint32_t RESERVED0[864U];
 805:/home/jacoby/Documents/MCUXpresso_11.10.0_3148/DSP_workspace/DSP3/CMSIS/core_cm4.h ****   __IOM uint32_t TER;                    /*!< Offset: 0xE00 (R/W)  ITM Trace Enable Register */
 806:/home/jacoby/Documents/MCUXpresso_11.10.0_3148/DSP_workspace/DSP3/CMSIS/core_cm4.h ****         uint32_t RESERVED1[15U];
 807:/home/jacoby/Documents/MCUXpresso_11.10.0_3148/DSP_workspace/DSP3/CMSIS/core_cm4.h ****   __IOM uint32_t TPR;                    /*!< Offset: 0xE40 (R/W)  ITM Trace Privilege Register */
 808:/home/jacoby/Documents/MCUXpresso_11.10.0_3148/DSP_workspace/DSP3/CMSIS/core_cm4.h ****         uint32_t RESERVED2[15U];
 809:/home/jacoby/Documents/MCUXpresso_11.10.0_3148/DSP_workspace/DSP3/CMSIS/core_cm4.h ****   __IOM uint32_t TCR;                    /*!< Offset: 0xE80 (R/W)  ITM Trace Control Register */
 810:/home/jacoby/Documents/MCUXpresso_11.10.0_3148/DSP_workspace/DSP3/CMSIS/core_cm4.h ****         uint32_t RESERVED3[29U];
 811:/home/jacoby/Documents/MCUXpresso_11.10.0_3148/DSP_workspace/DSP3/CMSIS/core_cm4.h ****   __OM  uint32_t IWR;                    /*!< Offset: 0xEF8 ( /W)  ITM Integration Write Register *
 812:/home/jacoby/Documents/MCUXpresso_11.10.0_3148/DSP_workspace/DSP3/CMSIS/core_cm4.h ****   __IM  uint32_t IRR;                    /*!< Offset: 0xEFC (R/ )  ITM Integration Read Register */
 813:/home/jacoby/Documents/MCUXpresso_11.10.0_3148/DSP_workspace/DSP3/CMSIS/core_cm4.h ****   __IOM uint32_t IMCR;                   /*!< Offset: 0xF00 (R/W)  ITM Integration Mode Control Reg
 814:/home/jacoby/Documents/MCUXpresso_11.10.0_3148/DSP_workspace/DSP3/CMSIS/core_cm4.h ****         uint32_t RESERVED4[43U];
 815:/home/jacoby/Documents/MCUXpresso_11.10.0_3148/DSP_workspace/DSP3/CMSIS/core_cm4.h ****   __OM  uint32_t LAR;                    /*!< Offset: 0xFB0 ( /W)  ITM Lock Access Register */
 816:/home/jacoby/Documents/MCUXpresso_11.10.0_3148/DSP_workspace/DSP3/CMSIS/core_cm4.h ****   __IM  uint32_t LSR;                    /*!< Offset: 0xFB4 (R/ )  ITM Lock Status Register */
 817:/home/jacoby/Documents/MCUXpresso_11.10.0_3148/DSP_workspace/DSP3/CMSIS/core_cm4.h ****         uint32_t RESERVED5[6U];
 818:/home/jacoby/Documents/MCUXpresso_11.10.0_3148/DSP_workspace/DSP3/CMSIS/core_cm4.h ****   __IM  uint32_t PID4;                   /*!< Offset: 0xFD0 (R/ )  ITM Peripheral Identification Re
 819:/home/jacoby/Documents/MCUXpresso_11.10.0_3148/DSP_workspace/DSP3/CMSIS/core_cm4.h ****   __IM  uint32_t PID5;                   /*!< Offset: 0xFD4 (R/ )  ITM Peripheral Identification Re
 820:/home/jacoby/Documents/MCUXpresso_11.10.0_3148/DSP_workspace/DSP3/CMSIS/core_cm4.h ****   __IM  uint32_t PID6;                   /*!< Offset: 0xFD8 (R/ )  ITM Peripheral Identification Re
 821:/home/jacoby/Documents/MCUXpresso_11.10.0_3148/DSP_workspace/DSP3/CMSIS/core_cm4.h ****   __IM  uint32_t PID7;                   /*!< Offset: 0xFDC (R/ )  ITM Peripheral Identification Re
 822:/home/jacoby/Documents/MCUXpresso_11.10.0_3148/DSP_workspace/DSP3/CMSIS/core_cm4.h ****   __IM  uint32_t PID0;                   /*!< Offset: 0xFE0 (R/ )  ITM Peripheral Identification Re
 823:/home/jacoby/Documents/MCUXpresso_11.10.0_3148/DSP_workspace/DSP3/CMSIS/core_cm4.h ****   __IM  uint32_t PID1;                   /*!< Offset: 0xFE4 (R/ )  ITM Peripheral Identification Re
 824:/home/jacoby/Documents/MCUXpresso_11.10.0_3148/DSP_workspace/DSP3/CMSIS/core_cm4.h ****   __IM  uint32_t PID2;                   /*!< Offset: 0xFE8 (R/ )  ITM Peripheral Identification Re
 825:/home/jacoby/Documents/MCUXpresso_11.10.0_3148/DSP_workspace/DSP3/CMSIS/core_cm4.h ****   __IM  uint32_t PID3;                   /*!< Offset: 0xFEC (R/ )  ITM Peripheral Identification Re
 826:/home/jacoby/Documents/MCUXpresso_11.10.0_3148/DSP_workspace/DSP3/CMSIS/core_cm4.h ****   __IM  uint32_t CID0;                   /*!< Offset: 0xFF0 (R/ )  ITM Component  Identification Re
 827:/home/jacoby/Documents/MCUXpresso_11.10.0_3148/DSP_workspace/DSP3/CMSIS/core_cm4.h ****   __IM  uint32_t CID1;                   /*!< Offset: 0xFF4 (R/ )  ITM Component  Identification Re
 828:/home/jacoby/Documents/MCUXpresso_11.10.0_3148/DSP_workspace/DSP3/CMSIS/core_cm4.h ****   __IM  uint32_t CID2;                   /*!< Offset: 0xFF8 (R/ )  ITM Component  Identification Re
 829:/home/jacoby/Documents/MCUXpresso_11.10.0_3148/DSP_workspace/DSP3/CMSIS/core_cm4.h ****   __IM  uint32_t CID3;                   /*!< Offset: 0xFFC (R/ )  ITM Component  Identification Re
 830:/home/jacoby/Documents/MCUXpresso_11.10.0_3148/DSP_workspace/DSP3/CMSIS/core_cm4.h **** } ITM_Type;
 831:/home/jacoby/Documents/MCUXpresso_11.10.0_3148/DSP_workspace/DSP3/CMSIS/core_cm4.h **** 
 832:/home/jacoby/Documents/MCUXpresso_11.10.0_3148/DSP_workspace/DSP3/CMSIS/core_cm4.h **** /* ITM Trace Privilege Register Definitions */
 833:/home/jacoby/Documents/MCUXpresso_11.10.0_3148/DSP_workspace/DSP3/CMSIS/core_cm4.h **** #define ITM_TPR_PRIVMASK_Pos                0U                                            /*!< ITM 
 834:/home/jacoby/Documents/MCUXpresso_11.10.0_3148/DSP_workspace/DSP3/CMSIS/core_cm4.h **** #define ITM_TPR_PRIVMASK_Msk               (0xFUL /*<< ITM_TPR_PRIVMASK_Pos*/)            /*!< ITM 
 835:/home/jacoby/Documents/MCUXpresso_11.10.0_3148/DSP_workspace/DSP3/CMSIS/core_cm4.h **** 
 836:/home/jacoby/Documents/MCUXpresso_11.10.0_3148/DSP_workspace/DSP3/CMSIS/core_cm4.h **** /* ITM Trace Control Register Definitions */
 837:/home/jacoby/Documents/MCUXpresso_11.10.0_3148/DSP_workspace/DSP3/CMSIS/core_cm4.h **** #define ITM_TCR_BUSY_Pos                   23U                                            /*!< ITM 
 838:/home/jacoby/Documents/MCUXpresso_11.10.0_3148/DSP_workspace/DSP3/CMSIS/core_cm4.h **** #define ITM_TCR_BUSY_Msk                   (1UL << ITM_TCR_BUSY_Pos)                      /*!< ITM 
 839:/home/jacoby/Documents/MCUXpresso_11.10.0_3148/DSP_workspace/DSP3/CMSIS/core_cm4.h **** 
 840:/home/jacoby/Documents/MCUXpresso_11.10.0_3148/DSP_workspace/DSP3/CMSIS/core_cm4.h **** #define ITM_TCR_TraceBusID_Pos             16U                                            /*!< ITM 
 841:/home/jacoby/Documents/MCUXpresso_11.10.0_3148/DSP_workspace/DSP3/CMSIS/core_cm4.h **** #define ITM_TCR_TraceBusID_Msk             (0x7FUL << ITM_TCR_TraceBusID_Pos)             /*!< ITM 
 842:/home/jacoby/Documents/MCUXpresso_11.10.0_3148/DSP_workspace/DSP3/CMSIS/core_cm4.h **** 
 843:/home/jacoby/Documents/MCUXpresso_11.10.0_3148/DSP_workspace/DSP3/CMSIS/core_cm4.h **** #define ITM_TCR_GTSFREQ_Pos                10U                                            /*!< ITM 
 844:/home/jacoby/Documents/MCUXpresso_11.10.0_3148/DSP_workspace/DSP3/CMSIS/core_cm4.h **** #define ITM_TCR_GTSFREQ_Msk                (3UL << ITM_TCR_GTSFREQ_Pos)                   /*!< ITM 
 845:/home/jacoby/Documents/MCUXpresso_11.10.0_3148/DSP_workspace/DSP3/CMSIS/core_cm4.h **** 
 846:/home/jacoby/Documents/MCUXpresso_11.10.0_3148/DSP_workspace/DSP3/CMSIS/core_cm4.h **** #define ITM_TCR_TSPrescale_Pos              8U                                            /*!< ITM 
 847:/home/jacoby/Documents/MCUXpresso_11.10.0_3148/DSP_workspace/DSP3/CMSIS/core_cm4.h **** #define ITM_TCR_TSPrescale_Msk             (3UL << ITM_TCR_TSPrescale_Pos)                /*!< ITM 
 848:/home/jacoby/Documents/MCUXpresso_11.10.0_3148/DSP_workspace/DSP3/CMSIS/core_cm4.h **** 
 849:/home/jacoby/Documents/MCUXpresso_11.10.0_3148/DSP_workspace/DSP3/CMSIS/core_cm4.h **** #define ITM_TCR_SWOENA_Pos                  4U                                            /*!< ITM 
 850:/home/jacoby/Documents/MCUXpresso_11.10.0_3148/DSP_workspace/DSP3/CMSIS/core_cm4.h **** #define ITM_TCR_SWOENA_Msk                 (1UL << ITM_TCR_SWOENA_Pos)                    /*!< ITM 
 851:/home/jacoby/Documents/MCUXpresso_11.10.0_3148/DSP_workspace/DSP3/CMSIS/core_cm4.h **** 
 852:/home/jacoby/Documents/MCUXpresso_11.10.0_3148/DSP_workspace/DSP3/CMSIS/core_cm4.h **** #define ITM_TCR_DWTENA_Pos                  3U                                            /*!< ITM 
 853:/home/jacoby/Documents/MCUXpresso_11.10.0_3148/DSP_workspace/DSP3/CMSIS/core_cm4.h **** #define ITM_TCR_DWTENA_Msk                 (1UL << ITM_TCR_DWTENA_Pos)                    /*!< ITM 
 854:/home/jacoby/Documents/MCUXpresso_11.10.0_3148/DSP_workspace/DSP3/CMSIS/core_cm4.h **** 
 855:/home/jacoby/Documents/MCUXpresso_11.10.0_3148/DSP_workspace/DSP3/CMSIS/core_cm4.h **** #define ITM_TCR_SYNCENA_Pos                 2U                                            /*!< ITM 
 856:/home/jacoby/Documents/MCUXpresso_11.10.0_3148/DSP_workspace/DSP3/CMSIS/core_cm4.h **** #define ITM_TCR_SYNCENA_Msk                (1UL << ITM_TCR_SYNCENA_Pos)                   /*!< ITM 
 857:/home/jacoby/Documents/MCUXpresso_11.10.0_3148/DSP_workspace/DSP3/CMSIS/core_cm4.h **** 
 858:/home/jacoby/Documents/MCUXpresso_11.10.0_3148/DSP_workspace/DSP3/CMSIS/core_cm4.h **** #define ITM_TCR_TSENA_Pos                   1U                                            /*!< ITM 
 859:/home/jacoby/Documents/MCUXpresso_11.10.0_3148/DSP_workspace/DSP3/CMSIS/core_cm4.h **** #define ITM_TCR_TSENA_Msk                  (1UL << ITM_TCR_TSENA_Pos)                     /*!< ITM 
 860:/home/jacoby/Documents/MCUXpresso_11.10.0_3148/DSP_workspace/DSP3/CMSIS/core_cm4.h **** 
 861:/home/jacoby/Documents/MCUXpresso_11.10.0_3148/DSP_workspace/DSP3/CMSIS/core_cm4.h **** #define ITM_TCR_ITMENA_Pos                  0U                                            /*!< ITM 
 862:/home/jacoby/Documents/MCUXpresso_11.10.0_3148/DSP_workspace/DSP3/CMSIS/core_cm4.h **** #define ITM_TCR_ITMENA_Msk                 (1UL /*<< ITM_TCR_ITMENA_Pos*/)                /*!< ITM 
 863:/home/jacoby/Documents/MCUXpresso_11.10.0_3148/DSP_workspace/DSP3/CMSIS/core_cm4.h **** 
 864:/home/jacoby/Documents/MCUXpresso_11.10.0_3148/DSP_workspace/DSP3/CMSIS/core_cm4.h **** /* ITM Integration Write Register Definitions */
 865:/home/jacoby/Documents/MCUXpresso_11.10.0_3148/DSP_workspace/DSP3/CMSIS/core_cm4.h **** #define ITM_IWR_ATVALIDM_Pos                0U                                            /*!< ITM 
 866:/home/jacoby/Documents/MCUXpresso_11.10.0_3148/DSP_workspace/DSP3/CMSIS/core_cm4.h **** #define ITM_IWR_ATVALIDM_Msk               (1UL /*<< ITM_IWR_ATVALIDM_Pos*/)              /*!< ITM 
 867:/home/jacoby/Documents/MCUXpresso_11.10.0_3148/DSP_workspace/DSP3/CMSIS/core_cm4.h **** 
 868:/home/jacoby/Documents/MCUXpresso_11.10.0_3148/DSP_workspace/DSP3/CMSIS/core_cm4.h **** /* ITM Integration Read Register Definitions */
 869:/home/jacoby/Documents/MCUXpresso_11.10.0_3148/DSP_workspace/DSP3/CMSIS/core_cm4.h **** #define ITM_IRR_ATREADYM_Pos                0U                                            /*!< ITM 
 870:/home/jacoby/Documents/MCUXpresso_11.10.0_3148/DSP_workspace/DSP3/CMSIS/core_cm4.h **** #define ITM_IRR_ATREADYM_Msk               (1UL /*<< ITM_IRR_ATREADYM_Pos*/)              /*!< ITM 
 871:/home/jacoby/Documents/MCUXpresso_11.10.0_3148/DSP_workspace/DSP3/CMSIS/core_cm4.h **** 
 872:/home/jacoby/Documents/MCUXpresso_11.10.0_3148/DSP_workspace/DSP3/CMSIS/core_cm4.h **** /* ITM Integration Mode Control Register Definitions */
 873:/home/jacoby/Documents/MCUXpresso_11.10.0_3148/DSP_workspace/DSP3/CMSIS/core_cm4.h **** #define ITM_IMCR_INTEGRATION_Pos            0U                                            /*!< ITM 
 874:/home/jacoby/Documents/MCUXpresso_11.10.0_3148/DSP_workspace/DSP3/CMSIS/core_cm4.h **** #define ITM_IMCR_INTEGRATION_Msk           (1UL /*<< ITM_IMCR_INTEGRATION_Pos*/)          /*!< ITM 
 875:/home/jacoby/Documents/MCUXpresso_11.10.0_3148/DSP_workspace/DSP3/CMSIS/core_cm4.h **** 
 876:/home/jacoby/Documents/MCUXpresso_11.10.0_3148/DSP_workspace/DSP3/CMSIS/core_cm4.h **** /* ITM Lock Status Register Definitions */
 877:/home/jacoby/Documents/MCUXpresso_11.10.0_3148/DSP_workspace/DSP3/CMSIS/core_cm4.h **** #define ITM_LSR_ByteAcc_Pos                 2U                                            /*!< ITM 
 878:/home/jacoby/Documents/MCUXpresso_11.10.0_3148/DSP_workspace/DSP3/CMSIS/core_cm4.h **** #define ITM_LSR_ByteAcc_Msk                (1UL << ITM_LSR_ByteAcc_Pos)                   /*!< ITM 
 879:/home/jacoby/Documents/MCUXpresso_11.10.0_3148/DSP_workspace/DSP3/CMSIS/core_cm4.h **** 
 880:/home/jacoby/Documents/MCUXpresso_11.10.0_3148/DSP_workspace/DSP3/CMSIS/core_cm4.h **** #define ITM_LSR_Access_Pos                  1U                                            /*!< ITM 
 881:/home/jacoby/Documents/MCUXpresso_11.10.0_3148/DSP_workspace/DSP3/CMSIS/core_cm4.h **** #define ITM_LSR_Access_Msk                 (1UL << ITM_LSR_Access_Pos)                    /*!< ITM 
 882:/home/jacoby/Documents/MCUXpresso_11.10.0_3148/DSP_workspace/DSP3/CMSIS/core_cm4.h **** 
 883:/home/jacoby/Documents/MCUXpresso_11.10.0_3148/DSP_workspace/DSP3/CMSIS/core_cm4.h **** #define ITM_LSR_Present_Pos                 0U                                            /*!< ITM 
 884:/home/jacoby/Documents/MCUXpresso_11.10.0_3148/DSP_workspace/DSP3/CMSIS/core_cm4.h **** #define ITM_LSR_Present_Msk                (1UL /*<< ITM_LSR_Present_Pos*/)               /*!< ITM 
 885:/home/jacoby/Documents/MCUXpresso_11.10.0_3148/DSP_workspace/DSP3/CMSIS/core_cm4.h **** 
 886:/home/jacoby/Documents/MCUXpresso_11.10.0_3148/DSP_workspace/DSP3/CMSIS/core_cm4.h **** /*@}*/ /* end of group CMSIS_ITM */
 887:/home/jacoby/Documents/MCUXpresso_11.10.0_3148/DSP_workspace/DSP3/CMSIS/core_cm4.h **** 
 888:/home/jacoby/Documents/MCUXpresso_11.10.0_3148/DSP_workspace/DSP3/CMSIS/core_cm4.h **** 
 889:/home/jacoby/Documents/MCUXpresso_11.10.0_3148/DSP_workspace/DSP3/CMSIS/core_cm4.h **** /**
 890:/home/jacoby/Documents/MCUXpresso_11.10.0_3148/DSP_workspace/DSP3/CMSIS/core_cm4.h ****   \ingroup  CMSIS_core_register
 891:/home/jacoby/Documents/MCUXpresso_11.10.0_3148/DSP_workspace/DSP3/CMSIS/core_cm4.h ****   \defgroup CMSIS_DWT     Data Watchpoint and Trace (DWT)
 892:/home/jacoby/Documents/MCUXpresso_11.10.0_3148/DSP_workspace/DSP3/CMSIS/core_cm4.h ****   \brief    Type definitions for the Data Watchpoint and Trace (DWT)
 893:/home/jacoby/Documents/MCUXpresso_11.10.0_3148/DSP_workspace/DSP3/CMSIS/core_cm4.h ****   @{
 894:/home/jacoby/Documents/MCUXpresso_11.10.0_3148/DSP_workspace/DSP3/CMSIS/core_cm4.h ****  */
 895:/home/jacoby/Documents/MCUXpresso_11.10.0_3148/DSP_workspace/DSP3/CMSIS/core_cm4.h **** 
 896:/home/jacoby/Documents/MCUXpresso_11.10.0_3148/DSP_workspace/DSP3/CMSIS/core_cm4.h **** /**
 897:/home/jacoby/Documents/MCUXpresso_11.10.0_3148/DSP_workspace/DSP3/CMSIS/core_cm4.h ****   \brief  Structure type to access the Data Watchpoint and Trace Register (DWT).
 898:/home/jacoby/Documents/MCUXpresso_11.10.0_3148/DSP_workspace/DSP3/CMSIS/core_cm4.h ****  */
 899:/home/jacoby/Documents/MCUXpresso_11.10.0_3148/DSP_workspace/DSP3/CMSIS/core_cm4.h **** typedef struct
 900:/home/jacoby/Documents/MCUXpresso_11.10.0_3148/DSP_workspace/DSP3/CMSIS/core_cm4.h **** {
 901:/home/jacoby/Documents/MCUXpresso_11.10.0_3148/DSP_workspace/DSP3/CMSIS/core_cm4.h ****   __IOM uint32_t CTRL;                   /*!< Offset: 0x000 (R/W)  Control Register */
 902:/home/jacoby/Documents/MCUXpresso_11.10.0_3148/DSP_workspace/DSP3/CMSIS/core_cm4.h ****   __IOM uint32_t CYCCNT;                 /*!< Offset: 0x004 (R/W)  Cycle Count Register */
 903:/home/jacoby/Documents/MCUXpresso_11.10.0_3148/DSP_workspace/DSP3/CMSIS/core_cm4.h ****   __IOM uint32_t CPICNT;                 /*!< Offset: 0x008 (R/W)  CPI Count Register */
 904:/home/jacoby/Documents/MCUXpresso_11.10.0_3148/DSP_workspace/DSP3/CMSIS/core_cm4.h ****   __IOM uint32_t EXCCNT;                 /*!< Offset: 0x00C (R/W)  Exception Overhead Count Registe
 905:/home/jacoby/Documents/MCUXpresso_11.10.0_3148/DSP_workspace/DSP3/CMSIS/core_cm4.h ****   __IOM uint32_t SLEEPCNT;               /*!< Offset: 0x010 (R/W)  Sleep Count Register */
 906:/home/jacoby/Documents/MCUXpresso_11.10.0_3148/DSP_workspace/DSP3/CMSIS/core_cm4.h ****   __IOM uint32_t LSUCNT;                 /*!< Offset: 0x014 (R/W)  LSU Count Register */
 907:/home/jacoby/Documents/MCUXpresso_11.10.0_3148/DSP_workspace/DSP3/CMSIS/core_cm4.h ****   __IOM uint32_t FOLDCNT;                /*!< Offset: 0x018 (R/W)  Folded-instruction Count Registe
 908:/home/jacoby/Documents/MCUXpresso_11.10.0_3148/DSP_workspace/DSP3/CMSIS/core_cm4.h ****   __IM  uint32_t PCSR;                   /*!< Offset: 0x01C (R/ )  Program Counter Sample Register 
 909:/home/jacoby/Documents/MCUXpresso_11.10.0_3148/DSP_workspace/DSP3/CMSIS/core_cm4.h ****   __IOM uint32_t COMP0;                  /*!< Offset: 0x020 (R/W)  Comparator Register 0 */
 910:/home/jacoby/Documents/MCUXpresso_11.10.0_3148/DSP_workspace/DSP3/CMSIS/core_cm4.h ****   __IOM uint32_t MASK0;                  /*!< Offset: 0x024 (R/W)  Mask Register 0 */
 911:/home/jacoby/Documents/MCUXpresso_11.10.0_3148/DSP_workspace/DSP3/CMSIS/core_cm4.h ****   __IOM uint32_t FUNCTION0;              /*!< Offset: 0x028 (R/W)  Function Register 0 */
 912:/home/jacoby/Documents/MCUXpresso_11.10.0_3148/DSP_workspace/DSP3/CMSIS/core_cm4.h ****         uint32_t RESERVED0[1U];
 913:/home/jacoby/Documents/MCUXpresso_11.10.0_3148/DSP_workspace/DSP3/CMSIS/core_cm4.h ****   __IOM uint32_t COMP1;                  /*!< Offset: 0x030 (R/W)  Comparator Register 1 */
 914:/home/jacoby/Documents/MCUXpresso_11.10.0_3148/DSP_workspace/DSP3/CMSIS/core_cm4.h ****   __IOM uint32_t MASK1;                  /*!< Offset: 0x034 (R/W)  Mask Register 1 */
 915:/home/jacoby/Documents/MCUXpresso_11.10.0_3148/DSP_workspace/DSP3/CMSIS/core_cm4.h ****   __IOM uint32_t FUNCTION1;              /*!< Offset: 0x038 (R/W)  Function Register 1 */
 916:/home/jacoby/Documents/MCUXpresso_11.10.0_3148/DSP_workspace/DSP3/CMSIS/core_cm4.h ****         uint32_t RESERVED1[1U];
 917:/home/jacoby/Documents/MCUXpresso_11.10.0_3148/DSP_workspace/DSP3/CMSIS/core_cm4.h ****   __IOM uint32_t COMP2;                  /*!< Offset: 0x040 (R/W)  Comparator Register 2 */
 918:/home/jacoby/Documents/MCUXpresso_11.10.0_3148/DSP_workspace/DSP3/CMSIS/core_cm4.h ****   __IOM uint32_t MASK2;                  /*!< Offset: 0x044 (R/W)  Mask Register 2 */
 919:/home/jacoby/Documents/MCUXpresso_11.10.0_3148/DSP_workspace/DSP3/CMSIS/core_cm4.h ****   __IOM uint32_t FUNCTION2;              /*!< Offset: 0x048 (R/W)  Function Register 2 */
 920:/home/jacoby/Documents/MCUXpresso_11.10.0_3148/DSP_workspace/DSP3/CMSIS/core_cm4.h ****         uint32_t RESERVED2[1U];
 921:/home/jacoby/Documents/MCUXpresso_11.10.0_3148/DSP_workspace/DSP3/CMSIS/core_cm4.h ****   __IOM uint32_t COMP3;                  /*!< Offset: 0x050 (R/W)  Comparator Register 3 */
 922:/home/jacoby/Documents/MCUXpresso_11.10.0_3148/DSP_workspace/DSP3/CMSIS/core_cm4.h ****   __IOM uint32_t MASK3;                  /*!< Offset: 0x054 (R/W)  Mask Register 3 */
 923:/home/jacoby/Documents/MCUXpresso_11.10.0_3148/DSP_workspace/DSP3/CMSIS/core_cm4.h ****   __IOM uint32_t FUNCTION3;              /*!< Offset: 0x058 (R/W)  Function Register 3 */
 924:/home/jacoby/Documents/MCUXpresso_11.10.0_3148/DSP_workspace/DSP3/CMSIS/core_cm4.h **** } DWT_Type;
 925:/home/jacoby/Documents/MCUXpresso_11.10.0_3148/DSP_workspace/DSP3/CMSIS/core_cm4.h **** 
 926:/home/jacoby/Documents/MCUXpresso_11.10.0_3148/DSP_workspace/DSP3/CMSIS/core_cm4.h **** /* DWT Control Register Definitions */
 927:/home/jacoby/Documents/MCUXpresso_11.10.0_3148/DSP_workspace/DSP3/CMSIS/core_cm4.h **** #define DWT_CTRL_NUMCOMP_Pos               28U                                         /*!< DWT CTR
 928:/home/jacoby/Documents/MCUXpresso_11.10.0_3148/DSP_workspace/DSP3/CMSIS/core_cm4.h **** #define DWT_CTRL_NUMCOMP_Msk               (0xFUL << DWT_CTRL_NUMCOMP_Pos)             /*!< DWT CTR
 929:/home/jacoby/Documents/MCUXpresso_11.10.0_3148/DSP_workspace/DSP3/CMSIS/core_cm4.h **** 
 930:/home/jacoby/Documents/MCUXpresso_11.10.0_3148/DSP_workspace/DSP3/CMSIS/core_cm4.h **** #define DWT_CTRL_NOTRCPKT_Pos              27U                                         /*!< DWT CTR
 931:/home/jacoby/Documents/MCUXpresso_11.10.0_3148/DSP_workspace/DSP3/CMSIS/core_cm4.h **** #define DWT_CTRL_NOTRCPKT_Msk              (0x1UL << DWT_CTRL_NOTRCPKT_Pos)            /*!< DWT CTR
 932:/home/jacoby/Documents/MCUXpresso_11.10.0_3148/DSP_workspace/DSP3/CMSIS/core_cm4.h **** 
 933:/home/jacoby/Documents/MCUXpresso_11.10.0_3148/DSP_workspace/DSP3/CMSIS/core_cm4.h **** #define DWT_CTRL_NOEXTTRIG_Pos             26U                                         /*!< DWT CTR
 934:/home/jacoby/Documents/MCUXpresso_11.10.0_3148/DSP_workspace/DSP3/CMSIS/core_cm4.h **** #define DWT_CTRL_NOEXTTRIG_Msk             (0x1UL << DWT_CTRL_NOEXTTRIG_Pos)           /*!< DWT CTR
 935:/home/jacoby/Documents/MCUXpresso_11.10.0_3148/DSP_workspace/DSP3/CMSIS/core_cm4.h **** 
 936:/home/jacoby/Documents/MCUXpresso_11.10.0_3148/DSP_workspace/DSP3/CMSIS/core_cm4.h **** #define DWT_CTRL_NOCYCCNT_Pos              25U                                         /*!< DWT CTR
 937:/home/jacoby/Documents/MCUXpresso_11.10.0_3148/DSP_workspace/DSP3/CMSIS/core_cm4.h **** #define DWT_CTRL_NOCYCCNT_Msk              (0x1UL << DWT_CTRL_NOCYCCNT_Pos)            /*!< DWT CTR
 938:/home/jacoby/Documents/MCUXpresso_11.10.0_3148/DSP_workspace/DSP3/CMSIS/core_cm4.h **** 
 939:/home/jacoby/Documents/MCUXpresso_11.10.0_3148/DSP_workspace/DSP3/CMSIS/core_cm4.h **** #define DWT_CTRL_NOPRFCNT_Pos              24U                                         /*!< DWT CTR
 940:/home/jacoby/Documents/MCUXpresso_11.10.0_3148/DSP_workspace/DSP3/CMSIS/core_cm4.h **** #define DWT_CTRL_NOPRFCNT_Msk              (0x1UL << DWT_CTRL_NOPRFCNT_Pos)            /*!< DWT CTR
 941:/home/jacoby/Documents/MCUXpresso_11.10.0_3148/DSP_workspace/DSP3/CMSIS/core_cm4.h **** 
 942:/home/jacoby/Documents/MCUXpresso_11.10.0_3148/DSP_workspace/DSP3/CMSIS/core_cm4.h **** #define DWT_CTRL_CYCEVTENA_Pos             22U                                         /*!< DWT CTR
 943:/home/jacoby/Documents/MCUXpresso_11.10.0_3148/DSP_workspace/DSP3/CMSIS/core_cm4.h **** #define DWT_CTRL_CYCEVTENA_Msk             (0x1UL << DWT_CTRL_CYCEVTENA_Pos)           /*!< DWT CTR
 944:/home/jacoby/Documents/MCUXpresso_11.10.0_3148/DSP_workspace/DSP3/CMSIS/core_cm4.h **** 
 945:/home/jacoby/Documents/MCUXpresso_11.10.0_3148/DSP_workspace/DSP3/CMSIS/core_cm4.h **** #define DWT_CTRL_FOLDEVTENA_Pos            21U                                         /*!< DWT CTR
 946:/home/jacoby/Documents/MCUXpresso_11.10.0_3148/DSP_workspace/DSP3/CMSIS/core_cm4.h **** #define DWT_CTRL_FOLDEVTENA_Msk            (0x1UL << DWT_CTRL_FOLDEVTENA_Pos)          /*!< DWT CTR
 947:/home/jacoby/Documents/MCUXpresso_11.10.0_3148/DSP_workspace/DSP3/CMSIS/core_cm4.h **** 
 948:/home/jacoby/Documents/MCUXpresso_11.10.0_3148/DSP_workspace/DSP3/CMSIS/core_cm4.h **** #define DWT_CTRL_LSUEVTENA_Pos             20U                                         /*!< DWT CTR
 949:/home/jacoby/Documents/MCUXpresso_11.10.0_3148/DSP_workspace/DSP3/CMSIS/core_cm4.h **** #define DWT_CTRL_LSUEVTENA_Msk             (0x1UL << DWT_CTRL_LSUEVTENA_Pos)           /*!< DWT CTR
 950:/home/jacoby/Documents/MCUXpresso_11.10.0_3148/DSP_workspace/DSP3/CMSIS/core_cm4.h **** 
 951:/home/jacoby/Documents/MCUXpresso_11.10.0_3148/DSP_workspace/DSP3/CMSIS/core_cm4.h **** #define DWT_CTRL_SLEEPEVTENA_Pos           19U                                         /*!< DWT CTR
 952:/home/jacoby/Documents/MCUXpresso_11.10.0_3148/DSP_workspace/DSP3/CMSIS/core_cm4.h **** #define DWT_CTRL_SLEEPEVTENA_Msk           (0x1UL << DWT_CTRL_SLEEPEVTENA_Pos)         /*!< DWT CTR
 953:/home/jacoby/Documents/MCUXpresso_11.10.0_3148/DSP_workspace/DSP3/CMSIS/core_cm4.h **** 
 954:/home/jacoby/Documents/MCUXpresso_11.10.0_3148/DSP_workspace/DSP3/CMSIS/core_cm4.h **** #define DWT_CTRL_EXCEVTENA_Pos             18U                                         /*!< DWT CTR
 955:/home/jacoby/Documents/MCUXpresso_11.10.0_3148/DSP_workspace/DSP3/CMSIS/core_cm4.h **** #define DWT_CTRL_EXCEVTENA_Msk             (0x1UL << DWT_CTRL_EXCEVTENA_Pos)           /*!< DWT CTR
 956:/home/jacoby/Documents/MCUXpresso_11.10.0_3148/DSP_workspace/DSP3/CMSIS/core_cm4.h **** 
 957:/home/jacoby/Documents/MCUXpresso_11.10.0_3148/DSP_workspace/DSP3/CMSIS/core_cm4.h **** #define DWT_CTRL_CPIEVTENA_Pos             17U                                         /*!< DWT CTR
 958:/home/jacoby/Documents/MCUXpresso_11.10.0_3148/DSP_workspace/DSP3/CMSIS/core_cm4.h **** #define DWT_CTRL_CPIEVTENA_Msk             (0x1UL << DWT_CTRL_CPIEVTENA_Pos)           /*!< DWT CTR
 959:/home/jacoby/Documents/MCUXpresso_11.10.0_3148/DSP_workspace/DSP3/CMSIS/core_cm4.h **** 
 960:/home/jacoby/Documents/MCUXpresso_11.10.0_3148/DSP_workspace/DSP3/CMSIS/core_cm4.h **** #define DWT_CTRL_EXCTRCENA_Pos             16U                                         /*!< DWT CTR
 961:/home/jacoby/Documents/MCUXpresso_11.10.0_3148/DSP_workspace/DSP3/CMSIS/core_cm4.h **** #define DWT_CTRL_EXCTRCENA_Msk             (0x1UL << DWT_CTRL_EXCTRCENA_Pos)           /*!< DWT CTR
 962:/home/jacoby/Documents/MCUXpresso_11.10.0_3148/DSP_workspace/DSP3/CMSIS/core_cm4.h **** 
 963:/home/jacoby/Documents/MCUXpresso_11.10.0_3148/DSP_workspace/DSP3/CMSIS/core_cm4.h **** #define DWT_CTRL_PCSAMPLENA_Pos            12U                                         /*!< DWT CTR
 964:/home/jacoby/Documents/MCUXpresso_11.10.0_3148/DSP_workspace/DSP3/CMSIS/core_cm4.h **** #define DWT_CTRL_PCSAMPLENA_Msk            (0x1UL << DWT_CTRL_PCSAMPLENA_Pos)          /*!< DWT CTR
 965:/home/jacoby/Documents/MCUXpresso_11.10.0_3148/DSP_workspace/DSP3/CMSIS/core_cm4.h **** 
 966:/home/jacoby/Documents/MCUXpresso_11.10.0_3148/DSP_workspace/DSP3/CMSIS/core_cm4.h **** #define DWT_CTRL_SYNCTAP_Pos               10U                                         /*!< DWT CTR
 967:/home/jacoby/Documents/MCUXpresso_11.10.0_3148/DSP_workspace/DSP3/CMSIS/core_cm4.h **** #define DWT_CTRL_SYNCTAP_Msk               (0x3UL << DWT_CTRL_SYNCTAP_Pos)             /*!< DWT CTR
 968:/home/jacoby/Documents/MCUXpresso_11.10.0_3148/DSP_workspace/DSP3/CMSIS/core_cm4.h **** 
 969:/home/jacoby/Documents/MCUXpresso_11.10.0_3148/DSP_workspace/DSP3/CMSIS/core_cm4.h **** #define DWT_CTRL_CYCTAP_Pos                 9U                                         /*!< DWT CTR
 970:/home/jacoby/Documents/MCUXpresso_11.10.0_3148/DSP_workspace/DSP3/CMSIS/core_cm4.h **** #define DWT_CTRL_CYCTAP_Msk                (0x1UL << DWT_CTRL_CYCTAP_Pos)              /*!< DWT CTR
 971:/home/jacoby/Documents/MCUXpresso_11.10.0_3148/DSP_workspace/DSP3/CMSIS/core_cm4.h **** 
 972:/home/jacoby/Documents/MCUXpresso_11.10.0_3148/DSP_workspace/DSP3/CMSIS/core_cm4.h **** #define DWT_CTRL_POSTINIT_Pos               5U                                         /*!< DWT CTR
 973:/home/jacoby/Documents/MCUXpresso_11.10.0_3148/DSP_workspace/DSP3/CMSIS/core_cm4.h **** #define DWT_CTRL_POSTINIT_Msk              (0xFUL << DWT_CTRL_POSTINIT_Pos)            /*!< DWT CTR
 974:/home/jacoby/Documents/MCUXpresso_11.10.0_3148/DSP_workspace/DSP3/CMSIS/core_cm4.h **** 
 975:/home/jacoby/Documents/MCUXpresso_11.10.0_3148/DSP_workspace/DSP3/CMSIS/core_cm4.h **** #define DWT_CTRL_POSTPRESET_Pos             1U                                         /*!< DWT CTR
 976:/home/jacoby/Documents/MCUXpresso_11.10.0_3148/DSP_workspace/DSP3/CMSIS/core_cm4.h **** #define DWT_CTRL_POSTPRESET_Msk            (0xFUL << DWT_CTRL_POSTPRESET_Pos)          /*!< DWT CTR
 977:/home/jacoby/Documents/MCUXpresso_11.10.0_3148/DSP_workspace/DSP3/CMSIS/core_cm4.h **** 
 978:/home/jacoby/Documents/MCUXpresso_11.10.0_3148/DSP_workspace/DSP3/CMSIS/core_cm4.h **** #define DWT_CTRL_CYCCNTENA_Pos              0U                                         /*!< DWT CTR
 979:/home/jacoby/Documents/MCUXpresso_11.10.0_3148/DSP_workspace/DSP3/CMSIS/core_cm4.h **** #define DWT_CTRL_CYCCNTENA_Msk             (0x1UL /*<< DWT_CTRL_CYCCNTENA_Pos*/)       /*!< DWT CTR
 980:/home/jacoby/Documents/MCUXpresso_11.10.0_3148/DSP_workspace/DSP3/CMSIS/core_cm4.h **** 
 981:/home/jacoby/Documents/MCUXpresso_11.10.0_3148/DSP_workspace/DSP3/CMSIS/core_cm4.h **** /* DWT CPI Count Register Definitions */
 982:/home/jacoby/Documents/MCUXpresso_11.10.0_3148/DSP_workspace/DSP3/CMSIS/core_cm4.h **** #define DWT_CPICNT_CPICNT_Pos               0U                                         /*!< DWT CPI
 983:/home/jacoby/Documents/MCUXpresso_11.10.0_3148/DSP_workspace/DSP3/CMSIS/core_cm4.h **** #define DWT_CPICNT_CPICNT_Msk              (0xFFUL /*<< DWT_CPICNT_CPICNT_Pos*/)       /*!< DWT CPI
 984:/home/jacoby/Documents/MCUXpresso_11.10.0_3148/DSP_workspace/DSP3/CMSIS/core_cm4.h **** 
 985:/home/jacoby/Documents/MCUXpresso_11.10.0_3148/DSP_workspace/DSP3/CMSIS/core_cm4.h **** /* DWT Exception Overhead Count Register Definitions */
 986:/home/jacoby/Documents/MCUXpresso_11.10.0_3148/DSP_workspace/DSP3/CMSIS/core_cm4.h **** #define DWT_EXCCNT_EXCCNT_Pos               0U                                         /*!< DWT EXC
 987:/home/jacoby/Documents/MCUXpresso_11.10.0_3148/DSP_workspace/DSP3/CMSIS/core_cm4.h **** #define DWT_EXCCNT_EXCCNT_Msk              (0xFFUL /*<< DWT_EXCCNT_EXCCNT_Pos*/)       /*!< DWT EXC
 988:/home/jacoby/Documents/MCUXpresso_11.10.0_3148/DSP_workspace/DSP3/CMSIS/core_cm4.h **** 
 989:/home/jacoby/Documents/MCUXpresso_11.10.0_3148/DSP_workspace/DSP3/CMSIS/core_cm4.h **** /* DWT Sleep Count Register Definitions */
 990:/home/jacoby/Documents/MCUXpresso_11.10.0_3148/DSP_workspace/DSP3/CMSIS/core_cm4.h **** #define DWT_SLEEPCNT_SLEEPCNT_Pos           0U                                         /*!< DWT SLE
 991:/home/jacoby/Documents/MCUXpresso_11.10.0_3148/DSP_workspace/DSP3/CMSIS/core_cm4.h **** #define DWT_SLEEPCNT_SLEEPCNT_Msk          (0xFFUL /*<< DWT_SLEEPCNT_SLEEPCNT_Pos*/)   /*!< DWT SLE
 992:/home/jacoby/Documents/MCUXpresso_11.10.0_3148/DSP_workspace/DSP3/CMSIS/core_cm4.h **** 
 993:/home/jacoby/Documents/MCUXpresso_11.10.0_3148/DSP_workspace/DSP3/CMSIS/core_cm4.h **** /* DWT LSU Count Register Definitions */
 994:/home/jacoby/Documents/MCUXpresso_11.10.0_3148/DSP_workspace/DSP3/CMSIS/core_cm4.h **** #define DWT_LSUCNT_LSUCNT_Pos               0U                                         /*!< DWT LSU
 995:/home/jacoby/Documents/MCUXpresso_11.10.0_3148/DSP_workspace/DSP3/CMSIS/core_cm4.h **** #define DWT_LSUCNT_LSUCNT_Msk              (0xFFUL /*<< DWT_LSUCNT_LSUCNT_Pos*/)       /*!< DWT LSU
 996:/home/jacoby/Documents/MCUXpresso_11.10.0_3148/DSP_workspace/DSP3/CMSIS/core_cm4.h **** 
 997:/home/jacoby/Documents/MCUXpresso_11.10.0_3148/DSP_workspace/DSP3/CMSIS/core_cm4.h **** /* DWT Folded-instruction Count Register Definitions */
 998:/home/jacoby/Documents/MCUXpresso_11.10.0_3148/DSP_workspace/DSP3/CMSIS/core_cm4.h **** #define DWT_FOLDCNT_FOLDCNT_Pos             0U                                         /*!< DWT FOL
 999:/home/jacoby/Documents/MCUXpresso_11.10.0_3148/DSP_workspace/DSP3/CMSIS/core_cm4.h **** #define DWT_FOLDCNT_FOLDCNT_Msk            (0xFFUL /*<< DWT_FOLDCNT_FOLDCNT_Pos*/)     /*!< DWT FOL
1000:/home/jacoby/Documents/MCUXpresso_11.10.0_3148/DSP_workspace/DSP3/CMSIS/core_cm4.h **** 
1001:/home/jacoby/Documents/MCUXpresso_11.10.0_3148/DSP_workspace/DSP3/CMSIS/core_cm4.h **** /* DWT Comparator Mask Register Definitions */
1002:/home/jacoby/Documents/MCUXpresso_11.10.0_3148/DSP_workspace/DSP3/CMSIS/core_cm4.h **** #define DWT_MASK_MASK_Pos                   0U                                         /*!< DWT MAS
1003:/home/jacoby/Documents/MCUXpresso_11.10.0_3148/DSP_workspace/DSP3/CMSIS/core_cm4.h **** #define DWT_MASK_MASK_Msk                  (0x1FUL /*<< DWT_MASK_MASK_Pos*/)           /*!< DWT MAS
1004:/home/jacoby/Documents/MCUXpresso_11.10.0_3148/DSP_workspace/DSP3/CMSIS/core_cm4.h **** 
1005:/home/jacoby/Documents/MCUXpresso_11.10.0_3148/DSP_workspace/DSP3/CMSIS/core_cm4.h **** /* DWT Comparator Function Register Definitions */
1006:/home/jacoby/Documents/MCUXpresso_11.10.0_3148/DSP_workspace/DSP3/CMSIS/core_cm4.h **** #define DWT_FUNCTION_MATCHED_Pos           24U                                         /*!< DWT FUN
1007:/home/jacoby/Documents/MCUXpresso_11.10.0_3148/DSP_workspace/DSP3/CMSIS/core_cm4.h **** #define DWT_FUNCTION_MATCHED_Msk           (0x1UL << DWT_FUNCTION_MATCHED_Pos)         /*!< DWT FUN
1008:/home/jacoby/Documents/MCUXpresso_11.10.0_3148/DSP_workspace/DSP3/CMSIS/core_cm4.h **** 
1009:/home/jacoby/Documents/MCUXpresso_11.10.0_3148/DSP_workspace/DSP3/CMSIS/core_cm4.h **** #define DWT_FUNCTION_DATAVADDR1_Pos        16U                                         /*!< DWT FUN
1010:/home/jacoby/Documents/MCUXpresso_11.10.0_3148/DSP_workspace/DSP3/CMSIS/core_cm4.h **** #define DWT_FUNCTION_DATAVADDR1_Msk        (0xFUL << DWT_FUNCTION_DATAVADDR1_Pos)      /*!< DWT FUN
1011:/home/jacoby/Documents/MCUXpresso_11.10.0_3148/DSP_workspace/DSP3/CMSIS/core_cm4.h **** 
1012:/home/jacoby/Documents/MCUXpresso_11.10.0_3148/DSP_workspace/DSP3/CMSIS/core_cm4.h **** #define DWT_FUNCTION_DATAVADDR0_Pos        12U                                         /*!< DWT FUN
1013:/home/jacoby/Documents/MCUXpresso_11.10.0_3148/DSP_workspace/DSP3/CMSIS/core_cm4.h **** #define DWT_FUNCTION_DATAVADDR0_Msk        (0xFUL << DWT_FUNCTION_DATAVADDR0_Pos)      /*!< DWT FUN
1014:/home/jacoby/Documents/MCUXpresso_11.10.0_3148/DSP_workspace/DSP3/CMSIS/core_cm4.h **** 
1015:/home/jacoby/Documents/MCUXpresso_11.10.0_3148/DSP_workspace/DSP3/CMSIS/core_cm4.h **** #define DWT_FUNCTION_DATAVSIZE_Pos         10U                                         /*!< DWT FUN
1016:/home/jacoby/Documents/MCUXpresso_11.10.0_3148/DSP_workspace/DSP3/CMSIS/core_cm4.h **** #define DWT_FUNCTION_DATAVSIZE_Msk         (0x3UL << DWT_FUNCTION_DATAVSIZE_Pos)       /*!< DWT FUN
1017:/home/jacoby/Documents/MCUXpresso_11.10.0_3148/DSP_workspace/DSP3/CMSIS/core_cm4.h **** 
1018:/home/jacoby/Documents/MCUXpresso_11.10.0_3148/DSP_workspace/DSP3/CMSIS/core_cm4.h **** #define DWT_FUNCTION_LNK1ENA_Pos            9U                                         /*!< DWT FUN
1019:/home/jacoby/Documents/MCUXpresso_11.10.0_3148/DSP_workspace/DSP3/CMSIS/core_cm4.h **** #define DWT_FUNCTION_LNK1ENA_Msk           (0x1UL << DWT_FUNCTION_LNK1ENA_Pos)         /*!< DWT FUN
1020:/home/jacoby/Documents/MCUXpresso_11.10.0_3148/DSP_workspace/DSP3/CMSIS/core_cm4.h **** 
1021:/home/jacoby/Documents/MCUXpresso_11.10.0_3148/DSP_workspace/DSP3/CMSIS/core_cm4.h **** #define DWT_FUNCTION_DATAVMATCH_Pos         8U                                         /*!< DWT FUN
1022:/home/jacoby/Documents/MCUXpresso_11.10.0_3148/DSP_workspace/DSP3/CMSIS/core_cm4.h **** #define DWT_FUNCTION_DATAVMATCH_Msk        (0x1UL << DWT_FUNCTION_DATAVMATCH_Pos)      /*!< DWT FUN
1023:/home/jacoby/Documents/MCUXpresso_11.10.0_3148/DSP_workspace/DSP3/CMSIS/core_cm4.h **** 
1024:/home/jacoby/Documents/MCUXpresso_11.10.0_3148/DSP_workspace/DSP3/CMSIS/core_cm4.h **** #define DWT_FUNCTION_CYCMATCH_Pos           7U                                         /*!< DWT FUN
1025:/home/jacoby/Documents/MCUXpresso_11.10.0_3148/DSP_workspace/DSP3/CMSIS/core_cm4.h **** #define DWT_FUNCTION_CYCMATCH_Msk          (0x1UL << DWT_FUNCTION_CYCMATCH_Pos)        /*!< DWT FUN
1026:/home/jacoby/Documents/MCUXpresso_11.10.0_3148/DSP_workspace/DSP3/CMSIS/core_cm4.h **** 
1027:/home/jacoby/Documents/MCUXpresso_11.10.0_3148/DSP_workspace/DSP3/CMSIS/core_cm4.h **** #define DWT_FUNCTION_EMITRANGE_Pos          5U                                         /*!< DWT FUN
1028:/home/jacoby/Documents/MCUXpresso_11.10.0_3148/DSP_workspace/DSP3/CMSIS/core_cm4.h **** #define DWT_FUNCTION_EMITRANGE_Msk         (0x1UL << DWT_FUNCTION_EMITRANGE_Pos)       /*!< DWT FUN
1029:/home/jacoby/Documents/MCUXpresso_11.10.0_3148/DSP_workspace/DSP3/CMSIS/core_cm4.h **** 
1030:/home/jacoby/Documents/MCUXpresso_11.10.0_3148/DSP_workspace/DSP3/CMSIS/core_cm4.h **** #define DWT_FUNCTION_FUNCTION_Pos           0U                                         /*!< DWT FUN
1031:/home/jacoby/Documents/MCUXpresso_11.10.0_3148/DSP_workspace/DSP3/CMSIS/core_cm4.h **** #define DWT_FUNCTION_FUNCTION_Msk          (0xFUL /*<< DWT_FUNCTION_FUNCTION_Pos*/)    /*!< DWT FUN
1032:/home/jacoby/Documents/MCUXpresso_11.10.0_3148/DSP_workspace/DSP3/CMSIS/core_cm4.h **** 
1033:/home/jacoby/Documents/MCUXpresso_11.10.0_3148/DSP_workspace/DSP3/CMSIS/core_cm4.h **** /*@}*/ /* end of group CMSIS_DWT */
1034:/home/jacoby/Documents/MCUXpresso_11.10.0_3148/DSP_workspace/DSP3/CMSIS/core_cm4.h **** 
1035:/home/jacoby/Documents/MCUXpresso_11.10.0_3148/DSP_workspace/DSP3/CMSIS/core_cm4.h **** 
1036:/home/jacoby/Documents/MCUXpresso_11.10.0_3148/DSP_workspace/DSP3/CMSIS/core_cm4.h **** /**
1037:/home/jacoby/Documents/MCUXpresso_11.10.0_3148/DSP_workspace/DSP3/CMSIS/core_cm4.h ****   \ingroup  CMSIS_core_register
1038:/home/jacoby/Documents/MCUXpresso_11.10.0_3148/DSP_workspace/DSP3/CMSIS/core_cm4.h ****   \defgroup CMSIS_TPI     Trace Port Interface (TPI)
1039:/home/jacoby/Documents/MCUXpresso_11.10.0_3148/DSP_workspace/DSP3/CMSIS/core_cm4.h ****   \brief    Type definitions for the Trace Port Interface (TPI)
1040:/home/jacoby/Documents/MCUXpresso_11.10.0_3148/DSP_workspace/DSP3/CMSIS/core_cm4.h ****   @{
1041:/home/jacoby/Documents/MCUXpresso_11.10.0_3148/DSP_workspace/DSP3/CMSIS/core_cm4.h ****  */
1042:/home/jacoby/Documents/MCUXpresso_11.10.0_3148/DSP_workspace/DSP3/CMSIS/core_cm4.h **** 
1043:/home/jacoby/Documents/MCUXpresso_11.10.0_3148/DSP_workspace/DSP3/CMSIS/core_cm4.h **** /**
1044:/home/jacoby/Documents/MCUXpresso_11.10.0_3148/DSP_workspace/DSP3/CMSIS/core_cm4.h ****   \brief  Structure type to access the Trace Port Interface Register (TPI).
1045:/home/jacoby/Documents/MCUXpresso_11.10.0_3148/DSP_workspace/DSP3/CMSIS/core_cm4.h ****  */
1046:/home/jacoby/Documents/MCUXpresso_11.10.0_3148/DSP_workspace/DSP3/CMSIS/core_cm4.h **** typedef struct
1047:/home/jacoby/Documents/MCUXpresso_11.10.0_3148/DSP_workspace/DSP3/CMSIS/core_cm4.h **** {
1048:/home/jacoby/Documents/MCUXpresso_11.10.0_3148/DSP_workspace/DSP3/CMSIS/core_cm4.h ****   __IOM uint32_t SSPSR;                  /*!< Offset: 0x000 (R/ )  Supported Parallel Port Size Reg
1049:/home/jacoby/Documents/MCUXpresso_11.10.0_3148/DSP_workspace/DSP3/CMSIS/core_cm4.h ****   __IOM uint32_t CSPSR;                  /*!< Offset: 0x004 (R/W)  Current Parallel Port Size Regis
1050:/home/jacoby/Documents/MCUXpresso_11.10.0_3148/DSP_workspace/DSP3/CMSIS/core_cm4.h ****         uint32_t RESERVED0[2U];
1051:/home/jacoby/Documents/MCUXpresso_11.10.0_3148/DSP_workspace/DSP3/CMSIS/core_cm4.h ****   __IOM uint32_t ACPR;                   /*!< Offset: 0x010 (R/W)  Asynchronous Clock Prescaler Reg
1052:/home/jacoby/Documents/MCUXpresso_11.10.0_3148/DSP_workspace/DSP3/CMSIS/core_cm4.h ****         uint32_t RESERVED1[55U];
1053:/home/jacoby/Documents/MCUXpresso_11.10.0_3148/DSP_workspace/DSP3/CMSIS/core_cm4.h ****   __IOM uint32_t SPPR;                   /*!< Offset: 0x0F0 (R/W)  Selected Pin Protocol Register *
1054:/home/jacoby/Documents/MCUXpresso_11.10.0_3148/DSP_workspace/DSP3/CMSIS/core_cm4.h ****         uint32_t RESERVED2[131U];
1055:/home/jacoby/Documents/MCUXpresso_11.10.0_3148/DSP_workspace/DSP3/CMSIS/core_cm4.h ****   __IM  uint32_t FFSR;                   /*!< Offset: 0x300 (R/ )  Formatter and Flush Status Regis
1056:/home/jacoby/Documents/MCUXpresso_11.10.0_3148/DSP_workspace/DSP3/CMSIS/core_cm4.h ****   __IOM uint32_t FFCR;                   /*!< Offset: 0x304 (R/W)  Formatter and Flush Control Regi
1057:/home/jacoby/Documents/MCUXpresso_11.10.0_3148/DSP_workspace/DSP3/CMSIS/core_cm4.h ****   __IM  uint32_t FSCR;                   /*!< Offset: 0x308 (R/ )  Formatter Synchronization Counte
1058:/home/jacoby/Documents/MCUXpresso_11.10.0_3148/DSP_workspace/DSP3/CMSIS/core_cm4.h ****         uint32_t RESERVED3[759U];
1059:/home/jacoby/Documents/MCUXpresso_11.10.0_3148/DSP_workspace/DSP3/CMSIS/core_cm4.h ****   __IM  uint32_t TRIGGER;                /*!< Offset: 0xEE8 (R/ )  TRIGGER */
1060:/home/jacoby/Documents/MCUXpresso_11.10.0_3148/DSP_workspace/DSP3/CMSIS/core_cm4.h ****   __IM  uint32_t FIFO0;                  /*!< Offset: 0xEEC (R/ )  Integration ETM Data */
1061:/home/jacoby/Documents/MCUXpresso_11.10.0_3148/DSP_workspace/DSP3/CMSIS/core_cm4.h ****   __IM  uint32_t ITATBCTR2;              /*!< Offset: 0xEF0 (R/ )  ITATBCTR2 */
1062:/home/jacoby/Documents/MCUXpresso_11.10.0_3148/DSP_workspace/DSP3/CMSIS/core_cm4.h ****         uint32_t RESERVED4[1U];
1063:/home/jacoby/Documents/MCUXpresso_11.10.0_3148/DSP_workspace/DSP3/CMSIS/core_cm4.h ****   __IM  uint32_t ITATBCTR0;              /*!< Offset: 0xEF8 (R/ )  ITATBCTR0 */
1064:/home/jacoby/Documents/MCUXpresso_11.10.0_3148/DSP_workspace/DSP3/CMSIS/core_cm4.h ****   __IM  uint32_t FIFO1;                  /*!< Offset: 0xEFC (R/ )  Integration ITM Data */
1065:/home/jacoby/Documents/MCUXpresso_11.10.0_3148/DSP_workspace/DSP3/CMSIS/core_cm4.h ****   __IOM uint32_t ITCTRL;                 /*!< Offset: 0xF00 (R/W)  Integration Mode Control */
1066:/home/jacoby/Documents/MCUXpresso_11.10.0_3148/DSP_workspace/DSP3/CMSIS/core_cm4.h ****         uint32_t RESERVED5[39U];
1067:/home/jacoby/Documents/MCUXpresso_11.10.0_3148/DSP_workspace/DSP3/CMSIS/core_cm4.h ****   __IOM uint32_t CLAIMSET;               /*!< Offset: 0xFA0 (R/W)  Claim tag set */
1068:/home/jacoby/Documents/MCUXpresso_11.10.0_3148/DSP_workspace/DSP3/CMSIS/core_cm4.h ****   __IOM uint32_t CLAIMCLR;               /*!< Offset: 0xFA4 (R/W)  Claim tag clear */
1069:/home/jacoby/Documents/MCUXpresso_11.10.0_3148/DSP_workspace/DSP3/CMSIS/core_cm4.h ****         uint32_t RESERVED7[8U];
1070:/home/jacoby/Documents/MCUXpresso_11.10.0_3148/DSP_workspace/DSP3/CMSIS/core_cm4.h ****   __IM  uint32_t DEVID;                  /*!< Offset: 0xFC8 (R/ )  TPIU_DEVID */
1071:/home/jacoby/Documents/MCUXpresso_11.10.0_3148/DSP_workspace/DSP3/CMSIS/core_cm4.h ****   __IM  uint32_t DEVTYPE;                /*!< Offset: 0xFCC (R/ )  TPIU_DEVTYPE */
1072:/home/jacoby/Documents/MCUXpresso_11.10.0_3148/DSP_workspace/DSP3/CMSIS/core_cm4.h **** } TPI_Type;
1073:/home/jacoby/Documents/MCUXpresso_11.10.0_3148/DSP_workspace/DSP3/CMSIS/core_cm4.h **** 
1074:/home/jacoby/Documents/MCUXpresso_11.10.0_3148/DSP_workspace/DSP3/CMSIS/core_cm4.h **** /* TPI Asynchronous Clock Prescaler Register Definitions */
1075:/home/jacoby/Documents/MCUXpresso_11.10.0_3148/DSP_workspace/DSP3/CMSIS/core_cm4.h **** #define TPI_ACPR_PRESCALER_Pos              0U                                         /*!< TPI ACP
1076:/home/jacoby/Documents/MCUXpresso_11.10.0_3148/DSP_workspace/DSP3/CMSIS/core_cm4.h **** #define TPI_ACPR_PRESCALER_Msk             (0x1FFFUL /*<< TPI_ACPR_PRESCALER_Pos*/)    /*!< TPI ACP
1077:/home/jacoby/Documents/MCUXpresso_11.10.0_3148/DSP_workspace/DSP3/CMSIS/core_cm4.h **** 
1078:/home/jacoby/Documents/MCUXpresso_11.10.0_3148/DSP_workspace/DSP3/CMSIS/core_cm4.h **** /* TPI Selected Pin Protocol Register Definitions */
1079:/home/jacoby/Documents/MCUXpresso_11.10.0_3148/DSP_workspace/DSP3/CMSIS/core_cm4.h **** #define TPI_SPPR_TXMODE_Pos                 0U                                         /*!< TPI SPP
1080:/home/jacoby/Documents/MCUXpresso_11.10.0_3148/DSP_workspace/DSP3/CMSIS/core_cm4.h **** #define TPI_SPPR_TXMODE_Msk                (0x3UL /*<< TPI_SPPR_TXMODE_Pos*/)          /*!< TPI SPP
1081:/home/jacoby/Documents/MCUXpresso_11.10.0_3148/DSP_workspace/DSP3/CMSIS/core_cm4.h **** 
1082:/home/jacoby/Documents/MCUXpresso_11.10.0_3148/DSP_workspace/DSP3/CMSIS/core_cm4.h **** /* TPI Formatter and Flush Status Register Definitions */
1083:/home/jacoby/Documents/MCUXpresso_11.10.0_3148/DSP_workspace/DSP3/CMSIS/core_cm4.h **** #define TPI_FFSR_FtNonStop_Pos              3U                                         /*!< TPI FFS
1084:/home/jacoby/Documents/MCUXpresso_11.10.0_3148/DSP_workspace/DSP3/CMSIS/core_cm4.h **** #define TPI_FFSR_FtNonStop_Msk             (0x1UL << TPI_FFSR_FtNonStop_Pos)           /*!< TPI FFS
1085:/home/jacoby/Documents/MCUXpresso_11.10.0_3148/DSP_workspace/DSP3/CMSIS/core_cm4.h **** 
1086:/home/jacoby/Documents/MCUXpresso_11.10.0_3148/DSP_workspace/DSP3/CMSIS/core_cm4.h **** #define TPI_FFSR_TCPresent_Pos              2U                                         /*!< TPI FFS
1087:/home/jacoby/Documents/MCUXpresso_11.10.0_3148/DSP_workspace/DSP3/CMSIS/core_cm4.h **** #define TPI_FFSR_TCPresent_Msk             (0x1UL << TPI_FFSR_TCPresent_Pos)           /*!< TPI FFS
1088:/home/jacoby/Documents/MCUXpresso_11.10.0_3148/DSP_workspace/DSP3/CMSIS/core_cm4.h **** 
1089:/home/jacoby/Documents/MCUXpresso_11.10.0_3148/DSP_workspace/DSP3/CMSIS/core_cm4.h **** #define TPI_FFSR_FtStopped_Pos              1U                                         /*!< TPI FFS
1090:/home/jacoby/Documents/MCUXpresso_11.10.0_3148/DSP_workspace/DSP3/CMSIS/core_cm4.h **** #define TPI_FFSR_FtStopped_Msk             (0x1UL << TPI_FFSR_FtStopped_Pos)           /*!< TPI FFS
1091:/home/jacoby/Documents/MCUXpresso_11.10.0_3148/DSP_workspace/DSP3/CMSIS/core_cm4.h **** 
1092:/home/jacoby/Documents/MCUXpresso_11.10.0_3148/DSP_workspace/DSP3/CMSIS/core_cm4.h **** #define TPI_FFSR_FlInProg_Pos               0U                                         /*!< TPI FFS
1093:/home/jacoby/Documents/MCUXpresso_11.10.0_3148/DSP_workspace/DSP3/CMSIS/core_cm4.h **** #define TPI_FFSR_FlInProg_Msk              (0x1UL /*<< TPI_FFSR_FlInProg_Pos*/)        /*!< TPI FFS
1094:/home/jacoby/Documents/MCUXpresso_11.10.0_3148/DSP_workspace/DSP3/CMSIS/core_cm4.h **** 
1095:/home/jacoby/Documents/MCUXpresso_11.10.0_3148/DSP_workspace/DSP3/CMSIS/core_cm4.h **** /* TPI Formatter and Flush Control Register Definitions */
1096:/home/jacoby/Documents/MCUXpresso_11.10.0_3148/DSP_workspace/DSP3/CMSIS/core_cm4.h **** #define TPI_FFCR_TrigIn_Pos                 8U                                         /*!< TPI FFC
1097:/home/jacoby/Documents/MCUXpresso_11.10.0_3148/DSP_workspace/DSP3/CMSIS/core_cm4.h **** #define TPI_FFCR_TrigIn_Msk                (0x1UL << TPI_FFCR_TrigIn_Pos)              /*!< TPI FFC
1098:/home/jacoby/Documents/MCUXpresso_11.10.0_3148/DSP_workspace/DSP3/CMSIS/core_cm4.h **** 
1099:/home/jacoby/Documents/MCUXpresso_11.10.0_3148/DSP_workspace/DSP3/CMSIS/core_cm4.h **** #define TPI_FFCR_EnFCont_Pos                1U                                         /*!< TPI FFC
1100:/home/jacoby/Documents/MCUXpresso_11.10.0_3148/DSP_workspace/DSP3/CMSIS/core_cm4.h **** #define TPI_FFCR_EnFCont_Msk               (0x1UL << TPI_FFCR_EnFCont_Pos)             /*!< TPI FFC
1101:/home/jacoby/Documents/MCUXpresso_11.10.0_3148/DSP_workspace/DSP3/CMSIS/core_cm4.h **** 
1102:/home/jacoby/Documents/MCUXpresso_11.10.0_3148/DSP_workspace/DSP3/CMSIS/core_cm4.h **** /* TPI TRIGGER Register Definitions */
1103:/home/jacoby/Documents/MCUXpresso_11.10.0_3148/DSP_workspace/DSP3/CMSIS/core_cm4.h **** #define TPI_TRIGGER_TRIGGER_Pos             0U                                         /*!< TPI TRI
1104:/home/jacoby/Documents/MCUXpresso_11.10.0_3148/DSP_workspace/DSP3/CMSIS/core_cm4.h **** #define TPI_TRIGGER_TRIGGER_Msk            (0x1UL /*<< TPI_TRIGGER_TRIGGER_Pos*/)      /*!< TPI TRI
1105:/home/jacoby/Documents/MCUXpresso_11.10.0_3148/DSP_workspace/DSP3/CMSIS/core_cm4.h **** 
1106:/home/jacoby/Documents/MCUXpresso_11.10.0_3148/DSP_workspace/DSP3/CMSIS/core_cm4.h **** /* TPI Integration ETM Data Register Definitions (FIFO0) */
1107:/home/jacoby/Documents/MCUXpresso_11.10.0_3148/DSP_workspace/DSP3/CMSIS/core_cm4.h **** #define TPI_FIFO0_ITM_ATVALID_Pos          29U                                         /*!< TPI FIF
1108:/home/jacoby/Documents/MCUXpresso_11.10.0_3148/DSP_workspace/DSP3/CMSIS/core_cm4.h **** #define TPI_FIFO0_ITM_ATVALID_Msk          (0x3UL << TPI_FIFO0_ITM_ATVALID_Pos)        /*!< TPI FIF
1109:/home/jacoby/Documents/MCUXpresso_11.10.0_3148/DSP_workspace/DSP3/CMSIS/core_cm4.h **** 
1110:/home/jacoby/Documents/MCUXpresso_11.10.0_3148/DSP_workspace/DSP3/CMSIS/core_cm4.h **** #define TPI_FIFO0_ITM_bytecount_Pos        27U                                         /*!< TPI FIF
1111:/home/jacoby/Documents/MCUXpresso_11.10.0_3148/DSP_workspace/DSP3/CMSIS/core_cm4.h **** #define TPI_FIFO0_ITM_bytecount_Msk        (0x3UL << TPI_FIFO0_ITM_bytecount_Pos)      /*!< TPI FIF
1112:/home/jacoby/Documents/MCUXpresso_11.10.0_3148/DSP_workspace/DSP3/CMSIS/core_cm4.h **** 
1113:/home/jacoby/Documents/MCUXpresso_11.10.0_3148/DSP_workspace/DSP3/CMSIS/core_cm4.h **** #define TPI_FIFO0_ETM_ATVALID_Pos          26U                                         /*!< TPI FIF
1114:/home/jacoby/Documents/MCUXpresso_11.10.0_3148/DSP_workspace/DSP3/CMSIS/core_cm4.h **** #define TPI_FIFO0_ETM_ATVALID_Msk          (0x3UL << TPI_FIFO0_ETM_ATVALID_Pos)        /*!< TPI FIF
1115:/home/jacoby/Documents/MCUXpresso_11.10.0_3148/DSP_workspace/DSP3/CMSIS/core_cm4.h **** 
1116:/home/jacoby/Documents/MCUXpresso_11.10.0_3148/DSP_workspace/DSP3/CMSIS/core_cm4.h **** #define TPI_FIFO0_ETM_bytecount_Pos        24U                                         /*!< TPI FIF
1117:/home/jacoby/Documents/MCUXpresso_11.10.0_3148/DSP_workspace/DSP3/CMSIS/core_cm4.h **** #define TPI_FIFO0_ETM_bytecount_Msk        (0x3UL << TPI_FIFO0_ETM_bytecount_Pos)      /*!< TPI FIF
1118:/home/jacoby/Documents/MCUXpresso_11.10.0_3148/DSP_workspace/DSP3/CMSIS/core_cm4.h **** 
1119:/home/jacoby/Documents/MCUXpresso_11.10.0_3148/DSP_workspace/DSP3/CMSIS/core_cm4.h **** #define TPI_FIFO0_ETM2_Pos                 16U                                         /*!< TPI FIF
1120:/home/jacoby/Documents/MCUXpresso_11.10.0_3148/DSP_workspace/DSP3/CMSIS/core_cm4.h **** #define TPI_FIFO0_ETM2_Msk                 (0xFFUL << TPI_FIFO0_ETM2_Pos)              /*!< TPI FIF
1121:/home/jacoby/Documents/MCUXpresso_11.10.0_3148/DSP_workspace/DSP3/CMSIS/core_cm4.h **** 
1122:/home/jacoby/Documents/MCUXpresso_11.10.0_3148/DSP_workspace/DSP3/CMSIS/core_cm4.h **** #define TPI_FIFO0_ETM1_Pos                  8U                                         /*!< TPI FIF
1123:/home/jacoby/Documents/MCUXpresso_11.10.0_3148/DSP_workspace/DSP3/CMSIS/core_cm4.h **** #define TPI_FIFO0_ETM1_Msk                 (0xFFUL << TPI_FIFO0_ETM1_Pos)              /*!< TPI FIF
1124:/home/jacoby/Documents/MCUXpresso_11.10.0_3148/DSP_workspace/DSP3/CMSIS/core_cm4.h **** 
1125:/home/jacoby/Documents/MCUXpresso_11.10.0_3148/DSP_workspace/DSP3/CMSIS/core_cm4.h **** #define TPI_FIFO0_ETM0_Pos                  0U                                         /*!< TPI FIF
1126:/home/jacoby/Documents/MCUXpresso_11.10.0_3148/DSP_workspace/DSP3/CMSIS/core_cm4.h **** #define TPI_FIFO0_ETM0_Msk                 (0xFFUL /*<< TPI_FIFO0_ETM0_Pos*/)          /*!< TPI FIF
1127:/home/jacoby/Documents/MCUXpresso_11.10.0_3148/DSP_workspace/DSP3/CMSIS/core_cm4.h **** 
1128:/home/jacoby/Documents/MCUXpresso_11.10.0_3148/DSP_workspace/DSP3/CMSIS/core_cm4.h **** /* TPI ITATBCTR2 Register Definitions */
1129:/home/jacoby/Documents/MCUXpresso_11.10.0_3148/DSP_workspace/DSP3/CMSIS/core_cm4.h **** #define TPI_ITATBCTR2_ATREADY_Pos           0U                                         /*!< TPI ITA
1130:/home/jacoby/Documents/MCUXpresso_11.10.0_3148/DSP_workspace/DSP3/CMSIS/core_cm4.h **** #define TPI_ITATBCTR2_ATREADY_Msk          (0x1UL /*<< TPI_ITATBCTR2_ATREADY_Pos*/)    /*!< TPI ITA
1131:/home/jacoby/Documents/MCUXpresso_11.10.0_3148/DSP_workspace/DSP3/CMSIS/core_cm4.h **** 
1132:/home/jacoby/Documents/MCUXpresso_11.10.0_3148/DSP_workspace/DSP3/CMSIS/core_cm4.h **** /* TPI Integration ITM Data Register Definitions (FIFO1) */
1133:/home/jacoby/Documents/MCUXpresso_11.10.0_3148/DSP_workspace/DSP3/CMSIS/core_cm4.h **** #define TPI_FIFO1_ITM_ATVALID_Pos          29U                                         /*!< TPI FIF
1134:/home/jacoby/Documents/MCUXpresso_11.10.0_3148/DSP_workspace/DSP3/CMSIS/core_cm4.h **** #define TPI_FIFO1_ITM_ATVALID_Msk          (0x3UL << TPI_FIFO1_ITM_ATVALID_Pos)        /*!< TPI FIF
1135:/home/jacoby/Documents/MCUXpresso_11.10.0_3148/DSP_workspace/DSP3/CMSIS/core_cm4.h **** 
1136:/home/jacoby/Documents/MCUXpresso_11.10.0_3148/DSP_workspace/DSP3/CMSIS/core_cm4.h **** #define TPI_FIFO1_ITM_bytecount_Pos        27U                                         /*!< TPI FIF
1137:/home/jacoby/Documents/MCUXpresso_11.10.0_3148/DSP_workspace/DSP3/CMSIS/core_cm4.h **** #define TPI_FIFO1_ITM_bytecount_Msk        (0x3UL << TPI_FIFO1_ITM_bytecount_Pos)      /*!< TPI FIF
1138:/home/jacoby/Documents/MCUXpresso_11.10.0_3148/DSP_workspace/DSP3/CMSIS/core_cm4.h **** 
1139:/home/jacoby/Documents/MCUXpresso_11.10.0_3148/DSP_workspace/DSP3/CMSIS/core_cm4.h **** #define TPI_FIFO1_ETM_ATVALID_Pos          26U                                         /*!< TPI FIF
1140:/home/jacoby/Documents/MCUXpresso_11.10.0_3148/DSP_workspace/DSP3/CMSIS/core_cm4.h **** #define TPI_FIFO1_ETM_ATVALID_Msk          (0x3UL << TPI_FIFO1_ETM_ATVALID_Pos)        /*!< TPI FIF
1141:/home/jacoby/Documents/MCUXpresso_11.10.0_3148/DSP_workspace/DSP3/CMSIS/core_cm4.h **** 
1142:/home/jacoby/Documents/MCUXpresso_11.10.0_3148/DSP_workspace/DSP3/CMSIS/core_cm4.h **** #define TPI_FIFO1_ETM_bytecount_Pos        24U                                         /*!< TPI FIF
1143:/home/jacoby/Documents/MCUXpresso_11.10.0_3148/DSP_workspace/DSP3/CMSIS/core_cm4.h **** #define TPI_FIFO1_ETM_bytecount_Msk        (0x3UL << TPI_FIFO1_ETM_bytecount_Pos)      /*!< TPI FIF
1144:/home/jacoby/Documents/MCUXpresso_11.10.0_3148/DSP_workspace/DSP3/CMSIS/core_cm4.h **** 
1145:/home/jacoby/Documents/MCUXpresso_11.10.0_3148/DSP_workspace/DSP3/CMSIS/core_cm4.h **** #define TPI_FIFO1_ITM2_Pos                 16U                                         /*!< TPI FIF
1146:/home/jacoby/Documents/MCUXpresso_11.10.0_3148/DSP_workspace/DSP3/CMSIS/core_cm4.h **** #define TPI_FIFO1_ITM2_Msk                 (0xFFUL << TPI_FIFO1_ITM2_Pos)              /*!< TPI FIF
1147:/home/jacoby/Documents/MCUXpresso_11.10.0_3148/DSP_workspace/DSP3/CMSIS/core_cm4.h **** 
1148:/home/jacoby/Documents/MCUXpresso_11.10.0_3148/DSP_workspace/DSP3/CMSIS/core_cm4.h **** #define TPI_FIFO1_ITM1_Pos                  8U                                         /*!< TPI FIF
1149:/home/jacoby/Documents/MCUXpresso_11.10.0_3148/DSP_workspace/DSP3/CMSIS/core_cm4.h **** #define TPI_FIFO1_ITM1_Msk                 (0xFFUL << TPI_FIFO1_ITM1_Pos)              /*!< TPI FIF
1150:/home/jacoby/Documents/MCUXpresso_11.10.0_3148/DSP_workspace/DSP3/CMSIS/core_cm4.h **** 
1151:/home/jacoby/Documents/MCUXpresso_11.10.0_3148/DSP_workspace/DSP3/CMSIS/core_cm4.h **** #define TPI_FIFO1_ITM0_Pos                  0U                                         /*!< TPI FIF
1152:/home/jacoby/Documents/MCUXpresso_11.10.0_3148/DSP_workspace/DSP3/CMSIS/core_cm4.h **** #define TPI_FIFO1_ITM0_Msk                 (0xFFUL /*<< TPI_FIFO1_ITM0_Pos*/)          /*!< TPI FIF
1153:/home/jacoby/Documents/MCUXpresso_11.10.0_3148/DSP_workspace/DSP3/CMSIS/core_cm4.h **** 
1154:/home/jacoby/Documents/MCUXpresso_11.10.0_3148/DSP_workspace/DSP3/CMSIS/core_cm4.h **** /* TPI ITATBCTR0 Register Definitions */
1155:/home/jacoby/Documents/MCUXpresso_11.10.0_3148/DSP_workspace/DSP3/CMSIS/core_cm4.h **** #define TPI_ITATBCTR0_ATREADY_Pos           0U                                         /*!< TPI ITA
1156:/home/jacoby/Documents/MCUXpresso_11.10.0_3148/DSP_workspace/DSP3/CMSIS/core_cm4.h **** #define TPI_ITATBCTR0_ATREADY_Msk          (0x1UL /*<< TPI_ITATBCTR0_ATREADY_Pos*/)    /*!< TPI ITA
1157:/home/jacoby/Documents/MCUXpresso_11.10.0_3148/DSP_workspace/DSP3/CMSIS/core_cm4.h **** 
1158:/home/jacoby/Documents/MCUXpresso_11.10.0_3148/DSP_workspace/DSP3/CMSIS/core_cm4.h **** /* TPI Integration Mode Control Register Definitions */
1159:/home/jacoby/Documents/MCUXpresso_11.10.0_3148/DSP_workspace/DSP3/CMSIS/core_cm4.h **** #define TPI_ITCTRL_Mode_Pos                 0U                                         /*!< TPI ITC
1160:/home/jacoby/Documents/MCUXpresso_11.10.0_3148/DSP_workspace/DSP3/CMSIS/core_cm4.h **** #define TPI_ITCTRL_Mode_Msk                (0x1UL /*<< TPI_ITCTRL_Mode_Pos*/)          /*!< TPI ITC
1161:/home/jacoby/Documents/MCUXpresso_11.10.0_3148/DSP_workspace/DSP3/CMSIS/core_cm4.h **** 
1162:/home/jacoby/Documents/MCUXpresso_11.10.0_3148/DSP_workspace/DSP3/CMSIS/core_cm4.h **** /* TPI DEVID Register Definitions */
1163:/home/jacoby/Documents/MCUXpresso_11.10.0_3148/DSP_workspace/DSP3/CMSIS/core_cm4.h **** #define TPI_DEVID_NRZVALID_Pos             11U                                         /*!< TPI DEV
1164:/home/jacoby/Documents/MCUXpresso_11.10.0_3148/DSP_workspace/DSP3/CMSIS/core_cm4.h **** #define TPI_DEVID_NRZVALID_Msk             (0x1UL << TPI_DEVID_NRZVALID_Pos)           /*!< TPI DEV
1165:/home/jacoby/Documents/MCUXpresso_11.10.0_3148/DSP_workspace/DSP3/CMSIS/core_cm4.h **** 
1166:/home/jacoby/Documents/MCUXpresso_11.10.0_3148/DSP_workspace/DSP3/CMSIS/core_cm4.h **** #define TPI_DEVID_MANCVALID_Pos            10U                                         /*!< TPI DEV
1167:/home/jacoby/Documents/MCUXpresso_11.10.0_3148/DSP_workspace/DSP3/CMSIS/core_cm4.h **** #define TPI_DEVID_MANCVALID_Msk            (0x1UL << TPI_DEVID_MANCVALID_Pos)          /*!< TPI DEV
1168:/home/jacoby/Documents/MCUXpresso_11.10.0_3148/DSP_workspace/DSP3/CMSIS/core_cm4.h **** 
1169:/home/jacoby/Documents/MCUXpresso_11.10.0_3148/DSP_workspace/DSP3/CMSIS/core_cm4.h **** #define TPI_DEVID_PTINVALID_Pos             9U                                         /*!< TPI DEV
1170:/home/jacoby/Documents/MCUXpresso_11.10.0_3148/DSP_workspace/DSP3/CMSIS/core_cm4.h **** #define TPI_DEVID_PTINVALID_Msk            (0x1UL << TPI_DEVID_PTINVALID_Pos)          /*!< TPI DEV
1171:/home/jacoby/Documents/MCUXpresso_11.10.0_3148/DSP_workspace/DSP3/CMSIS/core_cm4.h **** 
1172:/home/jacoby/Documents/MCUXpresso_11.10.0_3148/DSP_workspace/DSP3/CMSIS/core_cm4.h **** #define TPI_DEVID_MinBufSz_Pos              6U                                         /*!< TPI DEV
1173:/home/jacoby/Documents/MCUXpresso_11.10.0_3148/DSP_workspace/DSP3/CMSIS/core_cm4.h **** #define TPI_DEVID_MinBufSz_Msk             (0x7UL << TPI_DEVID_MinBufSz_Pos)           /*!< TPI DEV
1174:/home/jacoby/Documents/MCUXpresso_11.10.0_3148/DSP_workspace/DSP3/CMSIS/core_cm4.h **** 
1175:/home/jacoby/Documents/MCUXpresso_11.10.0_3148/DSP_workspace/DSP3/CMSIS/core_cm4.h **** #define TPI_DEVID_AsynClkIn_Pos             5U                                         /*!< TPI DEV
1176:/home/jacoby/Documents/MCUXpresso_11.10.0_3148/DSP_workspace/DSP3/CMSIS/core_cm4.h **** #define TPI_DEVID_AsynClkIn_Msk            (0x1UL << TPI_DEVID_AsynClkIn_Pos)          /*!< TPI DEV
1177:/home/jacoby/Documents/MCUXpresso_11.10.0_3148/DSP_workspace/DSP3/CMSIS/core_cm4.h **** 
1178:/home/jacoby/Documents/MCUXpresso_11.10.0_3148/DSP_workspace/DSP3/CMSIS/core_cm4.h **** #define TPI_DEVID_NrTraceInput_Pos          0U                                         /*!< TPI DEV
1179:/home/jacoby/Documents/MCUXpresso_11.10.0_3148/DSP_workspace/DSP3/CMSIS/core_cm4.h **** #define TPI_DEVID_NrTraceInput_Msk         (0x1FUL /*<< TPI_DEVID_NrTraceInput_Pos*/)  /*!< TPI DEV
1180:/home/jacoby/Documents/MCUXpresso_11.10.0_3148/DSP_workspace/DSP3/CMSIS/core_cm4.h **** 
1181:/home/jacoby/Documents/MCUXpresso_11.10.0_3148/DSP_workspace/DSP3/CMSIS/core_cm4.h **** /* TPI DEVTYPE Register Definitions */
1182:/home/jacoby/Documents/MCUXpresso_11.10.0_3148/DSP_workspace/DSP3/CMSIS/core_cm4.h **** #define TPI_DEVTYPE_MajorType_Pos           4U                                         /*!< TPI DEV
1183:/home/jacoby/Documents/MCUXpresso_11.10.0_3148/DSP_workspace/DSP3/CMSIS/core_cm4.h **** #define TPI_DEVTYPE_MajorType_Msk          (0xFUL << TPI_DEVTYPE_MajorType_Pos)        /*!< TPI DEV
1184:/home/jacoby/Documents/MCUXpresso_11.10.0_3148/DSP_workspace/DSP3/CMSIS/core_cm4.h **** 
1185:/home/jacoby/Documents/MCUXpresso_11.10.0_3148/DSP_workspace/DSP3/CMSIS/core_cm4.h **** #define TPI_DEVTYPE_SubType_Pos             0U                                         /*!< TPI DEV
1186:/home/jacoby/Documents/MCUXpresso_11.10.0_3148/DSP_workspace/DSP3/CMSIS/core_cm4.h **** #define TPI_DEVTYPE_SubType_Msk            (0xFUL /*<< TPI_DEVTYPE_SubType_Pos*/)      /*!< TPI DEV
1187:/home/jacoby/Documents/MCUXpresso_11.10.0_3148/DSP_workspace/DSP3/CMSIS/core_cm4.h **** 
1188:/home/jacoby/Documents/MCUXpresso_11.10.0_3148/DSP_workspace/DSP3/CMSIS/core_cm4.h **** /*@}*/ /* end of group CMSIS_TPI */
1189:/home/jacoby/Documents/MCUXpresso_11.10.0_3148/DSP_workspace/DSP3/CMSIS/core_cm4.h **** 
1190:/home/jacoby/Documents/MCUXpresso_11.10.0_3148/DSP_workspace/DSP3/CMSIS/core_cm4.h **** 
1191:/home/jacoby/Documents/MCUXpresso_11.10.0_3148/DSP_workspace/DSP3/CMSIS/core_cm4.h **** #if (__MPU_PRESENT == 1U)
1192:/home/jacoby/Documents/MCUXpresso_11.10.0_3148/DSP_workspace/DSP3/CMSIS/core_cm4.h **** /**
1193:/home/jacoby/Documents/MCUXpresso_11.10.0_3148/DSP_workspace/DSP3/CMSIS/core_cm4.h ****   \ingroup  CMSIS_core_register
1194:/home/jacoby/Documents/MCUXpresso_11.10.0_3148/DSP_workspace/DSP3/CMSIS/core_cm4.h ****   \defgroup CMSIS_MPU     Memory Protection Unit (MPU)
1195:/home/jacoby/Documents/MCUXpresso_11.10.0_3148/DSP_workspace/DSP3/CMSIS/core_cm4.h ****   \brief    Type definitions for the Memory Protection Unit (MPU)
1196:/home/jacoby/Documents/MCUXpresso_11.10.0_3148/DSP_workspace/DSP3/CMSIS/core_cm4.h ****   @{
1197:/home/jacoby/Documents/MCUXpresso_11.10.0_3148/DSP_workspace/DSP3/CMSIS/core_cm4.h ****  */
1198:/home/jacoby/Documents/MCUXpresso_11.10.0_3148/DSP_workspace/DSP3/CMSIS/core_cm4.h **** 
1199:/home/jacoby/Documents/MCUXpresso_11.10.0_3148/DSP_workspace/DSP3/CMSIS/core_cm4.h **** /**
1200:/home/jacoby/Documents/MCUXpresso_11.10.0_3148/DSP_workspace/DSP3/CMSIS/core_cm4.h ****   \brief  Structure type to access the Memory Protection Unit (MPU).
1201:/home/jacoby/Documents/MCUXpresso_11.10.0_3148/DSP_workspace/DSP3/CMSIS/core_cm4.h ****  */
1202:/home/jacoby/Documents/MCUXpresso_11.10.0_3148/DSP_workspace/DSP3/CMSIS/core_cm4.h **** typedef struct
1203:/home/jacoby/Documents/MCUXpresso_11.10.0_3148/DSP_workspace/DSP3/CMSIS/core_cm4.h **** {
1204:/home/jacoby/Documents/MCUXpresso_11.10.0_3148/DSP_workspace/DSP3/CMSIS/core_cm4.h ****   __IM  uint32_t TYPE;                   /*!< Offset: 0x000 (R/ )  MPU Type Register */
1205:/home/jacoby/Documents/MCUXpresso_11.10.0_3148/DSP_workspace/DSP3/CMSIS/core_cm4.h ****   __IOM uint32_t CTRL;                   /*!< Offset: 0x004 (R/W)  MPU Control Register */
1206:/home/jacoby/Documents/MCUXpresso_11.10.0_3148/DSP_workspace/DSP3/CMSIS/core_cm4.h ****   __IOM uint32_t RNR;                    /*!< Offset: 0x008 (R/W)  MPU Region RNRber Register */
1207:/home/jacoby/Documents/MCUXpresso_11.10.0_3148/DSP_workspace/DSP3/CMSIS/core_cm4.h ****   __IOM uint32_t RBAR;                   /*!< Offset: 0x00C (R/W)  MPU Region Base Address Register
1208:/home/jacoby/Documents/MCUXpresso_11.10.0_3148/DSP_workspace/DSP3/CMSIS/core_cm4.h ****   __IOM uint32_t RASR;                   /*!< Offset: 0x010 (R/W)  MPU Region Attribute and Size Re
1209:/home/jacoby/Documents/MCUXpresso_11.10.0_3148/DSP_workspace/DSP3/CMSIS/core_cm4.h ****   __IOM uint32_t RBAR_A1;                /*!< Offset: 0x014 (R/W)  MPU Alias 1 Region Base Address 
1210:/home/jacoby/Documents/MCUXpresso_11.10.0_3148/DSP_workspace/DSP3/CMSIS/core_cm4.h ****   __IOM uint32_t RASR_A1;                /*!< Offset: 0x018 (R/W)  MPU Alias 1 Region Attribute and
1211:/home/jacoby/Documents/MCUXpresso_11.10.0_3148/DSP_workspace/DSP3/CMSIS/core_cm4.h ****   __IOM uint32_t RBAR_A2;                /*!< Offset: 0x01C (R/W)  MPU Alias 2 Region Base Address 
1212:/home/jacoby/Documents/MCUXpresso_11.10.0_3148/DSP_workspace/DSP3/CMSIS/core_cm4.h ****   __IOM uint32_t RASR_A2;                /*!< Offset: 0x020 (R/W)  MPU Alias 2 Region Attribute and
1213:/home/jacoby/Documents/MCUXpresso_11.10.0_3148/DSP_workspace/DSP3/CMSIS/core_cm4.h ****   __IOM uint32_t RBAR_A3;                /*!< Offset: 0x024 (R/W)  MPU Alias 3 Region Base Address 
1214:/home/jacoby/Documents/MCUXpresso_11.10.0_3148/DSP_workspace/DSP3/CMSIS/core_cm4.h ****   __IOM uint32_t RASR_A3;                /*!< Offset: 0x028 (R/W)  MPU Alias 3 Region Attribute and
1215:/home/jacoby/Documents/MCUXpresso_11.10.0_3148/DSP_workspace/DSP3/CMSIS/core_cm4.h **** } MPU_Type;
1216:/home/jacoby/Documents/MCUXpresso_11.10.0_3148/DSP_workspace/DSP3/CMSIS/core_cm4.h **** 
1217:/home/jacoby/Documents/MCUXpresso_11.10.0_3148/DSP_workspace/DSP3/CMSIS/core_cm4.h **** /* MPU Type Register Definitions */
1218:/home/jacoby/Documents/MCUXpresso_11.10.0_3148/DSP_workspace/DSP3/CMSIS/core_cm4.h **** #define MPU_TYPE_IREGION_Pos               16U                                            /*!< MPU 
1219:/home/jacoby/Documents/MCUXpresso_11.10.0_3148/DSP_workspace/DSP3/CMSIS/core_cm4.h **** #define MPU_TYPE_IREGION_Msk               (0xFFUL << MPU_TYPE_IREGION_Pos)               /*!< MPU 
1220:/home/jacoby/Documents/MCUXpresso_11.10.0_3148/DSP_workspace/DSP3/CMSIS/core_cm4.h **** 
1221:/home/jacoby/Documents/MCUXpresso_11.10.0_3148/DSP_workspace/DSP3/CMSIS/core_cm4.h **** #define MPU_TYPE_DREGION_Pos                8U                                            /*!< MPU 
1222:/home/jacoby/Documents/MCUXpresso_11.10.0_3148/DSP_workspace/DSP3/CMSIS/core_cm4.h **** #define MPU_TYPE_DREGION_Msk               (0xFFUL << MPU_TYPE_DREGION_Pos)               /*!< MPU 
1223:/home/jacoby/Documents/MCUXpresso_11.10.0_3148/DSP_workspace/DSP3/CMSIS/core_cm4.h **** 
1224:/home/jacoby/Documents/MCUXpresso_11.10.0_3148/DSP_workspace/DSP3/CMSIS/core_cm4.h **** #define MPU_TYPE_SEPARATE_Pos               0U                                            /*!< MPU 
1225:/home/jacoby/Documents/MCUXpresso_11.10.0_3148/DSP_workspace/DSP3/CMSIS/core_cm4.h **** #define MPU_TYPE_SEPARATE_Msk              (1UL /*<< MPU_TYPE_SEPARATE_Pos*/)             /*!< MPU 
1226:/home/jacoby/Documents/MCUXpresso_11.10.0_3148/DSP_workspace/DSP3/CMSIS/core_cm4.h **** 
1227:/home/jacoby/Documents/MCUXpresso_11.10.0_3148/DSP_workspace/DSP3/CMSIS/core_cm4.h **** /* MPU Control Register Definitions */
1228:/home/jacoby/Documents/MCUXpresso_11.10.0_3148/DSP_workspace/DSP3/CMSIS/core_cm4.h **** #define MPU_CTRL_PRIVDEFENA_Pos             2U                                            /*!< MPU 
1229:/home/jacoby/Documents/MCUXpresso_11.10.0_3148/DSP_workspace/DSP3/CMSIS/core_cm4.h **** #define MPU_CTRL_PRIVDEFENA_Msk            (1UL << MPU_CTRL_PRIVDEFENA_Pos)               /*!< MPU 
1230:/home/jacoby/Documents/MCUXpresso_11.10.0_3148/DSP_workspace/DSP3/CMSIS/core_cm4.h **** 
1231:/home/jacoby/Documents/MCUXpresso_11.10.0_3148/DSP_workspace/DSP3/CMSIS/core_cm4.h **** #define MPU_CTRL_HFNMIENA_Pos               1U                                            /*!< MPU 
1232:/home/jacoby/Documents/MCUXpresso_11.10.0_3148/DSP_workspace/DSP3/CMSIS/core_cm4.h **** #define MPU_CTRL_HFNMIENA_Msk              (1UL << MPU_CTRL_HFNMIENA_Pos)                 /*!< MPU 
1233:/home/jacoby/Documents/MCUXpresso_11.10.0_3148/DSP_workspace/DSP3/CMSIS/core_cm4.h **** 
1234:/home/jacoby/Documents/MCUXpresso_11.10.0_3148/DSP_workspace/DSP3/CMSIS/core_cm4.h **** #define MPU_CTRL_ENABLE_Pos                 0U                                            /*!< MPU 
1235:/home/jacoby/Documents/MCUXpresso_11.10.0_3148/DSP_workspace/DSP3/CMSIS/core_cm4.h **** #define MPU_CTRL_ENABLE_Msk                (1UL /*<< MPU_CTRL_ENABLE_Pos*/)               /*!< MPU 
1236:/home/jacoby/Documents/MCUXpresso_11.10.0_3148/DSP_workspace/DSP3/CMSIS/core_cm4.h **** 
1237:/home/jacoby/Documents/MCUXpresso_11.10.0_3148/DSP_workspace/DSP3/CMSIS/core_cm4.h **** /* MPU Region Number Register Definitions */
1238:/home/jacoby/Documents/MCUXpresso_11.10.0_3148/DSP_workspace/DSP3/CMSIS/core_cm4.h **** #define MPU_RNR_REGION_Pos                  0U                                            /*!< MPU 
1239:/home/jacoby/Documents/MCUXpresso_11.10.0_3148/DSP_workspace/DSP3/CMSIS/core_cm4.h **** #define MPU_RNR_REGION_Msk                 (0xFFUL /*<< MPU_RNR_REGION_Pos*/)             /*!< MPU 
1240:/home/jacoby/Documents/MCUXpresso_11.10.0_3148/DSP_workspace/DSP3/CMSIS/core_cm4.h **** 
1241:/home/jacoby/Documents/MCUXpresso_11.10.0_3148/DSP_workspace/DSP3/CMSIS/core_cm4.h **** /* MPU Region Base Address Register Definitions */
1242:/home/jacoby/Documents/MCUXpresso_11.10.0_3148/DSP_workspace/DSP3/CMSIS/core_cm4.h **** #define MPU_RBAR_ADDR_Pos                   5U                                            /*!< MPU 
1243:/home/jacoby/Documents/MCUXpresso_11.10.0_3148/DSP_workspace/DSP3/CMSIS/core_cm4.h **** #define MPU_RBAR_ADDR_Msk                  (0x7FFFFFFUL << MPU_RBAR_ADDR_Pos)             /*!< MPU 
1244:/home/jacoby/Documents/MCUXpresso_11.10.0_3148/DSP_workspace/DSP3/CMSIS/core_cm4.h **** 
1245:/home/jacoby/Documents/MCUXpresso_11.10.0_3148/DSP_workspace/DSP3/CMSIS/core_cm4.h **** #define MPU_RBAR_VALID_Pos                  4U                                            /*!< MPU 
1246:/home/jacoby/Documents/MCUXpresso_11.10.0_3148/DSP_workspace/DSP3/CMSIS/core_cm4.h **** #define MPU_RBAR_VALID_Msk                 (1UL << MPU_RBAR_VALID_Pos)                    /*!< MPU 
1247:/home/jacoby/Documents/MCUXpresso_11.10.0_3148/DSP_workspace/DSP3/CMSIS/core_cm4.h **** 
1248:/home/jacoby/Documents/MCUXpresso_11.10.0_3148/DSP_workspace/DSP3/CMSIS/core_cm4.h **** #define MPU_RBAR_REGION_Pos                 0U                                            /*!< MPU 
1249:/home/jacoby/Documents/MCUXpresso_11.10.0_3148/DSP_workspace/DSP3/CMSIS/core_cm4.h **** #define MPU_RBAR_REGION_Msk                (0xFUL /*<< MPU_RBAR_REGION_Pos*/)             /*!< MPU 
1250:/home/jacoby/Documents/MCUXpresso_11.10.0_3148/DSP_workspace/DSP3/CMSIS/core_cm4.h **** 
1251:/home/jacoby/Documents/MCUXpresso_11.10.0_3148/DSP_workspace/DSP3/CMSIS/core_cm4.h **** /* MPU Region Attribute and Size Register Definitions */
1252:/home/jacoby/Documents/MCUXpresso_11.10.0_3148/DSP_workspace/DSP3/CMSIS/core_cm4.h **** #define MPU_RASR_ATTRS_Pos                 16U                                            /*!< MPU 
1253:/home/jacoby/Documents/MCUXpresso_11.10.0_3148/DSP_workspace/DSP3/CMSIS/core_cm4.h **** #define MPU_RASR_ATTRS_Msk                 (0xFFFFUL << MPU_RASR_ATTRS_Pos)               /*!< MPU 
1254:/home/jacoby/Documents/MCUXpresso_11.10.0_3148/DSP_workspace/DSP3/CMSIS/core_cm4.h **** 
1255:/home/jacoby/Documents/MCUXpresso_11.10.0_3148/DSP_workspace/DSP3/CMSIS/core_cm4.h **** #define MPU_RASR_XN_Pos                    28U                                            /*!< MPU 
1256:/home/jacoby/Documents/MCUXpresso_11.10.0_3148/DSP_workspace/DSP3/CMSIS/core_cm4.h **** #define MPU_RASR_XN_Msk                    (1UL << MPU_RASR_XN_Pos)                       /*!< MPU 
1257:/home/jacoby/Documents/MCUXpresso_11.10.0_3148/DSP_workspace/DSP3/CMSIS/core_cm4.h **** 
1258:/home/jacoby/Documents/MCUXpresso_11.10.0_3148/DSP_workspace/DSP3/CMSIS/core_cm4.h **** #define MPU_RASR_AP_Pos                    24U                                            /*!< MPU 
1259:/home/jacoby/Documents/MCUXpresso_11.10.0_3148/DSP_workspace/DSP3/CMSIS/core_cm4.h **** #define MPU_RASR_AP_Msk                    (0x7UL << MPU_RASR_AP_Pos)                     /*!< MPU 
1260:/home/jacoby/Documents/MCUXpresso_11.10.0_3148/DSP_workspace/DSP3/CMSIS/core_cm4.h **** 
1261:/home/jacoby/Documents/MCUXpresso_11.10.0_3148/DSP_workspace/DSP3/CMSIS/core_cm4.h **** #define MPU_RASR_TEX_Pos                   19U                                            /*!< MPU 
1262:/home/jacoby/Documents/MCUXpresso_11.10.0_3148/DSP_workspace/DSP3/CMSIS/core_cm4.h **** #define MPU_RASR_TEX_Msk                   (0x7UL << MPU_RASR_TEX_Pos)                    /*!< MPU 
1263:/home/jacoby/Documents/MCUXpresso_11.10.0_3148/DSP_workspace/DSP3/CMSIS/core_cm4.h **** 
1264:/home/jacoby/Documents/MCUXpresso_11.10.0_3148/DSP_workspace/DSP3/CMSIS/core_cm4.h **** #define MPU_RASR_S_Pos                     18U                                            /*!< MPU 
1265:/home/jacoby/Documents/MCUXpresso_11.10.0_3148/DSP_workspace/DSP3/CMSIS/core_cm4.h **** #define MPU_RASR_S_Msk                     (1UL << MPU_RASR_S_Pos)                        /*!< MPU 
1266:/home/jacoby/Documents/MCUXpresso_11.10.0_3148/DSP_workspace/DSP3/CMSIS/core_cm4.h **** 
1267:/home/jacoby/Documents/MCUXpresso_11.10.0_3148/DSP_workspace/DSP3/CMSIS/core_cm4.h **** #define MPU_RASR_C_Pos                     17U                                            /*!< MPU 
1268:/home/jacoby/Documents/MCUXpresso_11.10.0_3148/DSP_workspace/DSP3/CMSIS/core_cm4.h **** #define MPU_RASR_C_Msk                     (1UL << MPU_RASR_C_Pos)                        /*!< MPU 
1269:/home/jacoby/Documents/MCUXpresso_11.10.0_3148/DSP_workspace/DSP3/CMSIS/core_cm4.h **** 
1270:/home/jacoby/Documents/MCUXpresso_11.10.0_3148/DSP_workspace/DSP3/CMSIS/core_cm4.h **** #define MPU_RASR_B_Pos                     16U                                            /*!< MPU 
1271:/home/jacoby/Documents/MCUXpresso_11.10.0_3148/DSP_workspace/DSP3/CMSIS/core_cm4.h **** #define MPU_RASR_B_Msk                     (1UL << MPU_RASR_B_Pos)                        /*!< MPU 
1272:/home/jacoby/Documents/MCUXpresso_11.10.0_3148/DSP_workspace/DSP3/CMSIS/core_cm4.h **** 
1273:/home/jacoby/Documents/MCUXpresso_11.10.0_3148/DSP_workspace/DSP3/CMSIS/core_cm4.h **** #define MPU_RASR_SRD_Pos                    8U                                            /*!< MPU 
1274:/home/jacoby/Documents/MCUXpresso_11.10.0_3148/DSP_workspace/DSP3/CMSIS/core_cm4.h **** #define MPU_RASR_SRD_Msk                   (0xFFUL << MPU_RASR_SRD_Pos)                   /*!< MPU 
1275:/home/jacoby/Documents/MCUXpresso_11.10.0_3148/DSP_workspace/DSP3/CMSIS/core_cm4.h **** 
1276:/home/jacoby/Documents/MCUXpresso_11.10.0_3148/DSP_workspace/DSP3/CMSIS/core_cm4.h **** #define MPU_RASR_SIZE_Pos                   1U                                            /*!< MPU 
1277:/home/jacoby/Documents/MCUXpresso_11.10.0_3148/DSP_workspace/DSP3/CMSIS/core_cm4.h **** #define MPU_RASR_SIZE_Msk                  (0x1FUL << MPU_RASR_SIZE_Pos)                  /*!< MPU 
1278:/home/jacoby/Documents/MCUXpresso_11.10.0_3148/DSP_workspace/DSP3/CMSIS/core_cm4.h **** 
1279:/home/jacoby/Documents/MCUXpresso_11.10.0_3148/DSP_workspace/DSP3/CMSIS/core_cm4.h **** #define MPU_RASR_ENABLE_Pos                 0U                                            /*!< MPU 
1280:/home/jacoby/Documents/MCUXpresso_11.10.0_3148/DSP_workspace/DSP3/CMSIS/core_cm4.h **** #define MPU_RASR_ENABLE_Msk                (1UL /*<< MPU_RASR_ENABLE_Pos*/)               /*!< MPU 
1281:/home/jacoby/Documents/MCUXpresso_11.10.0_3148/DSP_workspace/DSP3/CMSIS/core_cm4.h **** 
1282:/home/jacoby/Documents/MCUXpresso_11.10.0_3148/DSP_workspace/DSP3/CMSIS/core_cm4.h **** /*@} end of group CMSIS_MPU */
1283:/home/jacoby/Documents/MCUXpresso_11.10.0_3148/DSP_workspace/DSP3/CMSIS/core_cm4.h **** #endif
1284:/home/jacoby/Documents/MCUXpresso_11.10.0_3148/DSP_workspace/DSP3/CMSIS/core_cm4.h **** 
1285:/home/jacoby/Documents/MCUXpresso_11.10.0_3148/DSP_workspace/DSP3/CMSIS/core_cm4.h **** 
1286:/home/jacoby/Documents/MCUXpresso_11.10.0_3148/DSP_workspace/DSP3/CMSIS/core_cm4.h **** #if (__FPU_PRESENT == 1U)
1287:/home/jacoby/Documents/MCUXpresso_11.10.0_3148/DSP_workspace/DSP3/CMSIS/core_cm4.h **** /**
1288:/home/jacoby/Documents/MCUXpresso_11.10.0_3148/DSP_workspace/DSP3/CMSIS/core_cm4.h ****   \ingroup  CMSIS_core_register
1289:/home/jacoby/Documents/MCUXpresso_11.10.0_3148/DSP_workspace/DSP3/CMSIS/core_cm4.h ****   \defgroup CMSIS_FPU     Floating Point Unit (FPU)
1290:/home/jacoby/Documents/MCUXpresso_11.10.0_3148/DSP_workspace/DSP3/CMSIS/core_cm4.h ****   \brief    Type definitions for the Floating Point Unit (FPU)
1291:/home/jacoby/Documents/MCUXpresso_11.10.0_3148/DSP_workspace/DSP3/CMSIS/core_cm4.h ****   @{
1292:/home/jacoby/Documents/MCUXpresso_11.10.0_3148/DSP_workspace/DSP3/CMSIS/core_cm4.h ****  */
1293:/home/jacoby/Documents/MCUXpresso_11.10.0_3148/DSP_workspace/DSP3/CMSIS/core_cm4.h **** 
1294:/home/jacoby/Documents/MCUXpresso_11.10.0_3148/DSP_workspace/DSP3/CMSIS/core_cm4.h **** /**
1295:/home/jacoby/Documents/MCUXpresso_11.10.0_3148/DSP_workspace/DSP3/CMSIS/core_cm4.h ****   \brief  Structure type to access the Floating Point Unit (FPU).
1296:/home/jacoby/Documents/MCUXpresso_11.10.0_3148/DSP_workspace/DSP3/CMSIS/core_cm4.h ****  */
1297:/home/jacoby/Documents/MCUXpresso_11.10.0_3148/DSP_workspace/DSP3/CMSIS/core_cm4.h **** typedef struct
1298:/home/jacoby/Documents/MCUXpresso_11.10.0_3148/DSP_workspace/DSP3/CMSIS/core_cm4.h **** {
1299:/home/jacoby/Documents/MCUXpresso_11.10.0_3148/DSP_workspace/DSP3/CMSIS/core_cm4.h ****         uint32_t RESERVED0[1U];
1300:/home/jacoby/Documents/MCUXpresso_11.10.0_3148/DSP_workspace/DSP3/CMSIS/core_cm4.h ****   __IOM uint32_t FPCCR;                  /*!< Offset: 0x004 (R/W)  Floating-Point Context Control R
1301:/home/jacoby/Documents/MCUXpresso_11.10.0_3148/DSP_workspace/DSP3/CMSIS/core_cm4.h ****   __IOM uint32_t FPCAR;                  /*!< Offset: 0x008 (R/W)  Floating-Point Context Address R
1302:/home/jacoby/Documents/MCUXpresso_11.10.0_3148/DSP_workspace/DSP3/CMSIS/core_cm4.h ****   __IOM uint32_t FPDSCR;                 /*!< Offset: 0x00C (R/W)  Floating-Point Default Status Co
1303:/home/jacoby/Documents/MCUXpresso_11.10.0_3148/DSP_workspace/DSP3/CMSIS/core_cm4.h ****   __IM  uint32_t MVFR0;                  /*!< Offset: 0x010 (R/ )  Media and FP Feature Register 0 
1304:/home/jacoby/Documents/MCUXpresso_11.10.0_3148/DSP_workspace/DSP3/CMSIS/core_cm4.h ****   __IM  uint32_t MVFR1;                  /*!< Offset: 0x014 (R/ )  Media and FP Feature Register 1 
1305:/home/jacoby/Documents/MCUXpresso_11.10.0_3148/DSP_workspace/DSP3/CMSIS/core_cm4.h **** } FPU_Type;
1306:/home/jacoby/Documents/MCUXpresso_11.10.0_3148/DSP_workspace/DSP3/CMSIS/core_cm4.h **** 
1307:/home/jacoby/Documents/MCUXpresso_11.10.0_3148/DSP_workspace/DSP3/CMSIS/core_cm4.h **** /* Floating-Point Context Control Register Definitions */
1308:/home/jacoby/Documents/MCUXpresso_11.10.0_3148/DSP_workspace/DSP3/CMSIS/core_cm4.h **** #define FPU_FPCCR_ASPEN_Pos                31U                                            /*!< FPCC
1309:/home/jacoby/Documents/MCUXpresso_11.10.0_3148/DSP_workspace/DSP3/CMSIS/core_cm4.h **** #define FPU_FPCCR_ASPEN_Msk                (1UL << FPU_FPCCR_ASPEN_Pos)                   /*!< FPCC
1310:/home/jacoby/Documents/MCUXpresso_11.10.0_3148/DSP_workspace/DSP3/CMSIS/core_cm4.h **** 
1311:/home/jacoby/Documents/MCUXpresso_11.10.0_3148/DSP_workspace/DSP3/CMSIS/core_cm4.h **** #define FPU_FPCCR_LSPEN_Pos                30U                                            /*!< FPCC
1312:/home/jacoby/Documents/MCUXpresso_11.10.0_3148/DSP_workspace/DSP3/CMSIS/core_cm4.h **** #define FPU_FPCCR_LSPEN_Msk                (1UL << FPU_FPCCR_LSPEN_Pos)                   /*!< FPCC
1313:/home/jacoby/Documents/MCUXpresso_11.10.0_3148/DSP_workspace/DSP3/CMSIS/core_cm4.h **** 
1314:/home/jacoby/Documents/MCUXpresso_11.10.0_3148/DSP_workspace/DSP3/CMSIS/core_cm4.h **** #define FPU_FPCCR_MONRDY_Pos                8U                                            /*!< FPCC
1315:/home/jacoby/Documents/MCUXpresso_11.10.0_3148/DSP_workspace/DSP3/CMSIS/core_cm4.h **** #define FPU_FPCCR_MONRDY_Msk               (1UL << FPU_FPCCR_MONRDY_Pos)                  /*!< FPCC
1316:/home/jacoby/Documents/MCUXpresso_11.10.0_3148/DSP_workspace/DSP3/CMSIS/core_cm4.h **** 
1317:/home/jacoby/Documents/MCUXpresso_11.10.0_3148/DSP_workspace/DSP3/CMSIS/core_cm4.h **** #define FPU_FPCCR_BFRDY_Pos                 6U                                            /*!< FPCC
1318:/home/jacoby/Documents/MCUXpresso_11.10.0_3148/DSP_workspace/DSP3/CMSIS/core_cm4.h **** #define FPU_FPCCR_BFRDY_Msk                (1UL << FPU_FPCCR_BFRDY_Pos)                   /*!< FPCC
1319:/home/jacoby/Documents/MCUXpresso_11.10.0_3148/DSP_workspace/DSP3/CMSIS/core_cm4.h **** 
1320:/home/jacoby/Documents/MCUXpresso_11.10.0_3148/DSP_workspace/DSP3/CMSIS/core_cm4.h **** #define FPU_FPCCR_MMRDY_Pos                 5U                                            /*!< FPCC
1321:/home/jacoby/Documents/MCUXpresso_11.10.0_3148/DSP_workspace/DSP3/CMSIS/core_cm4.h **** #define FPU_FPCCR_MMRDY_Msk                (1UL << FPU_FPCCR_MMRDY_Pos)                   /*!< FPCC
1322:/home/jacoby/Documents/MCUXpresso_11.10.0_3148/DSP_workspace/DSP3/CMSIS/core_cm4.h **** 
1323:/home/jacoby/Documents/MCUXpresso_11.10.0_3148/DSP_workspace/DSP3/CMSIS/core_cm4.h **** #define FPU_FPCCR_HFRDY_Pos                 4U                                            /*!< FPCC
1324:/home/jacoby/Documents/MCUXpresso_11.10.0_3148/DSP_workspace/DSP3/CMSIS/core_cm4.h **** #define FPU_FPCCR_HFRDY_Msk                (1UL << FPU_FPCCR_HFRDY_Pos)                   /*!< FPCC
1325:/home/jacoby/Documents/MCUXpresso_11.10.0_3148/DSP_workspace/DSP3/CMSIS/core_cm4.h **** 
1326:/home/jacoby/Documents/MCUXpresso_11.10.0_3148/DSP_workspace/DSP3/CMSIS/core_cm4.h **** #define FPU_FPCCR_THREAD_Pos                3U                                            /*!< FPCC
1327:/home/jacoby/Documents/MCUXpresso_11.10.0_3148/DSP_workspace/DSP3/CMSIS/core_cm4.h **** #define FPU_FPCCR_THREAD_Msk               (1UL << FPU_FPCCR_THREAD_Pos)                  /*!< FPCC
1328:/home/jacoby/Documents/MCUXpresso_11.10.0_3148/DSP_workspace/DSP3/CMSIS/core_cm4.h **** 
1329:/home/jacoby/Documents/MCUXpresso_11.10.0_3148/DSP_workspace/DSP3/CMSIS/core_cm4.h **** #define FPU_FPCCR_USER_Pos                  1U                                            /*!< FPCC
1330:/home/jacoby/Documents/MCUXpresso_11.10.0_3148/DSP_workspace/DSP3/CMSIS/core_cm4.h **** #define FPU_FPCCR_USER_Msk                 (1UL << FPU_FPCCR_USER_Pos)                    /*!< FPCC
1331:/home/jacoby/Documents/MCUXpresso_11.10.0_3148/DSP_workspace/DSP3/CMSIS/core_cm4.h **** 
1332:/home/jacoby/Documents/MCUXpresso_11.10.0_3148/DSP_workspace/DSP3/CMSIS/core_cm4.h **** #define FPU_FPCCR_LSPACT_Pos                0U                                            /*!< FPCC
1333:/home/jacoby/Documents/MCUXpresso_11.10.0_3148/DSP_workspace/DSP3/CMSIS/core_cm4.h **** #define FPU_FPCCR_LSPACT_Msk               (1UL /*<< FPU_FPCCR_LSPACT_Pos*/)              /*!< FPCC
1334:/home/jacoby/Documents/MCUXpresso_11.10.0_3148/DSP_workspace/DSP3/CMSIS/core_cm4.h **** 
1335:/home/jacoby/Documents/MCUXpresso_11.10.0_3148/DSP_workspace/DSP3/CMSIS/core_cm4.h **** /* Floating-Point Context Address Register Definitions */
1336:/home/jacoby/Documents/MCUXpresso_11.10.0_3148/DSP_workspace/DSP3/CMSIS/core_cm4.h **** #define FPU_FPCAR_ADDRESS_Pos               3U                                            /*!< FPCA
1337:/home/jacoby/Documents/MCUXpresso_11.10.0_3148/DSP_workspace/DSP3/CMSIS/core_cm4.h **** #define FPU_FPCAR_ADDRESS_Msk              (0x1FFFFFFFUL << FPU_FPCAR_ADDRESS_Pos)        /*!< FPCA
1338:/home/jacoby/Documents/MCUXpresso_11.10.0_3148/DSP_workspace/DSP3/CMSIS/core_cm4.h **** 
1339:/home/jacoby/Documents/MCUXpresso_11.10.0_3148/DSP_workspace/DSP3/CMSIS/core_cm4.h **** /* Floating-Point Default Status Control Register Definitions */
1340:/home/jacoby/Documents/MCUXpresso_11.10.0_3148/DSP_workspace/DSP3/CMSIS/core_cm4.h **** #define FPU_FPDSCR_AHP_Pos                 26U                                            /*!< FPDS
1341:/home/jacoby/Documents/MCUXpresso_11.10.0_3148/DSP_workspace/DSP3/CMSIS/core_cm4.h **** #define FPU_FPDSCR_AHP_Msk                 (1UL << FPU_FPDSCR_AHP_Pos)                    /*!< FPDS
1342:/home/jacoby/Documents/MCUXpresso_11.10.0_3148/DSP_workspace/DSP3/CMSIS/core_cm4.h **** 
1343:/home/jacoby/Documents/MCUXpresso_11.10.0_3148/DSP_workspace/DSP3/CMSIS/core_cm4.h **** #define FPU_FPDSCR_DN_Pos                  25U                                            /*!< FPDS
1344:/home/jacoby/Documents/MCUXpresso_11.10.0_3148/DSP_workspace/DSP3/CMSIS/core_cm4.h **** #define FPU_FPDSCR_DN_Msk                  (1UL << FPU_FPDSCR_DN_Pos)                     /*!< FPDS
1345:/home/jacoby/Documents/MCUXpresso_11.10.0_3148/DSP_workspace/DSP3/CMSIS/core_cm4.h **** 
1346:/home/jacoby/Documents/MCUXpresso_11.10.0_3148/DSP_workspace/DSP3/CMSIS/core_cm4.h **** #define FPU_FPDSCR_FZ_Pos                  24U                                            /*!< FPDS
1347:/home/jacoby/Documents/MCUXpresso_11.10.0_3148/DSP_workspace/DSP3/CMSIS/core_cm4.h **** #define FPU_FPDSCR_FZ_Msk                  (1UL << FPU_FPDSCR_FZ_Pos)                     /*!< FPDS
1348:/home/jacoby/Documents/MCUXpresso_11.10.0_3148/DSP_workspace/DSP3/CMSIS/core_cm4.h **** 
1349:/home/jacoby/Documents/MCUXpresso_11.10.0_3148/DSP_workspace/DSP3/CMSIS/core_cm4.h **** #define FPU_FPDSCR_RMode_Pos               22U                                            /*!< FPDS
1350:/home/jacoby/Documents/MCUXpresso_11.10.0_3148/DSP_workspace/DSP3/CMSIS/core_cm4.h **** #define FPU_FPDSCR_RMode_Msk               (3UL << FPU_FPDSCR_RMode_Pos)                  /*!< FPDS
1351:/home/jacoby/Documents/MCUXpresso_11.10.0_3148/DSP_workspace/DSP3/CMSIS/core_cm4.h **** 
1352:/home/jacoby/Documents/MCUXpresso_11.10.0_3148/DSP_workspace/DSP3/CMSIS/core_cm4.h **** /* Media and FP Feature Register 0 Definitions */
1353:/home/jacoby/Documents/MCUXpresso_11.10.0_3148/DSP_workspace/DSP3/CMSIS/core_cm4.h **** #define FPU_MVFR0_FP_rounding_modes_Pos    28U                                            /*!< MVFR
1354:/home/jacoby/Documents/MCUXpresso_11.10.0_3148/DSP_workspace/DSP3/CMSIS/core_cm4.h **** #define FPU_MVFR0_FP_rounding_modes_Msk    (0xFUL << FPU_MVFR0_FP_rounding_modes_Pos)     /*!< MVFR
1355:/home/jacoby/Documents/MCUXpresso_11.10.0_3148/DSP_workspace/DSP3/CMSIS/core_cm4.h **** 
1356:/home/jacoby/Documents/MCUXpresso_11.10.0_3148/DSP_workspace/DSP3/CMSIS/core_cm4.h **** #define FPU_MVFR0_Short_vectors_Pos        24U                                            /*!< MVFR
1357:/home/jacoby/Documents/MCUXpresso_11.10.0_3148/DSP_workspace/DSP3/CMSIS/core_cm4.h **** #define FPU_MVFR0_Short_vectors_Msk        (0xFUL << FPU_MVFR0_Short_vectors_Pos)         /*!< MVFR
1358:/home/jacoby/Documents/MCUXpresso_11.10.0_3148/DSP_workspace/DSP3/CMSIS/core_cm4.h **** 
1359:/home/jacoby/Documents/MCUXpresso_11.10.0_3148/DSP_workspace/DSP3/CMSIS/core_cm4.h **** #define FPU_MVFR0_Square_root_Pos          20U                                            /*!< MVFR
1360:/home/jacoby/Documents/MCUXpresso_11.10.0_3148/DSP_workspace/DSP3/CMSIS/core_cm4.h **** #define FPU_MVFR0_Square_root_Msk          (0xFUL << FPU_MVFR0_Square_root_Pos)           /*!< MVFR
1361:/home/jacoby/Documents/MCUXpresso_11.10.0_3148/DSP_workspace/DSP3/CMSIS/core_cm4.h **** 
1362:/home/jacoby/Documents/MCUXpresso_11.10.0_3148/DSP_workspace/DSP3/CMSIS/core_cm4.h **** #define FPU_MVFR0_Divide_Pos               16U                                            /*!< MVFR
1363:/home/jacoby/Documents/MCUXpresso_11.10.0_3148/DSP_workspace/DSP3/CMSIS/core_cm4.h **** #define FPU_MVFR0_Divide_Msk               (0xFUL << FPU_MVFR0_Divide_Pos)                /*!< MVFR
1364:/home/jacoby/Documents/MCUXpresso_11.10.0_3148/DSP_workspace/DSP3/CMSIS/core_cm4.h **** 
1365:/home/jacoby/Documents/MCUXpresso_11.10.0_3148/DSP_workspace/DSP3/CMSIS/core_cm4.h **** #define FPU_MVFR0_FP_excep_trapping_Pos    12U                                            /*!< MVFR
1366:/home/jacoby/Documents/MCUXpresso_11.10.0_3148/DSP_workspace/DSP3/CMSIS/core_cm4.h **** #define FPU_MVFR0_FP_excep_trapping_Msk    (0xFUL << FPU_MVFR0_FP_excep_trapping_Pos)     /*!< MVFR
1367:/home/jacoby/Documents/MCUXpresso_11.10.0_3148/DSP_workspace/DSP3/CMSIS/core_cm4.h **** 
1368:/home/jacoby/Documents/MCUXpresso_11.10.0_3148/DSP_workspace/DSP3/CMSIS/core_cm4.h **** #define FPU_MVFR0_Double_precision_Pos      8U                                            /*!< MVFR
1369:/home/jacoby/Documents/MCUXpresso_11.10.0_3148/DSP_workspace/DSP3/CMSIS/core_cm4.h **** #define FPU_MVFR0_Double_precision_Msk     (0xFUL << FPU_MVFR0_Double_precision_Pos)      /*!< MVFR
1370:/home/jacoby/Documents/MCUXpresso_11.10.0_3148/DSP_workspace/DSP3/CMSIS/core_cm4.h **** 
1371:/home/jacoby/Documents/MCUXpresso_11.10.0_3148/DSP_workspace/DSP3/CMSIS/core_cm4.h **** #define FPU_MVFR0_Single_precision_Pos      4U                                            /*!< MVFR
1372:/home/jacoby/Documents/MCUXpresso_11.10.0_3148/DSP_workspace/DSP3/CMSIS/core_cm4.h **** #define FPU_MVFR0_Single_precision_Msk     (0xFUL << FPU_MVFR0_Single_precision_Pos)      /*!< MVFR
1373:/home/jacoby/Documents/MCUXpresso_11.10.0_3148/DSP_workspace/DSP3/CMSIS/core_cm4.h **** 
1374:/home/jacoby/Documents/MCUXpresso_11.10.0_3148/DSP_workspace/DSP3/CMSIS/core_cm4.h **** #define FPU_MVFR0_A_SIMD_registers_Pos      0U                                            /*!< MVFR
1375:/home/jacoby/Documents/MCUXpresso_11.10.0_3148/DSP_workspace/DSP3/CMSIS/core_cm4.h **** #define FPU_MVFR0_A_SIMD_registers_Msk     (0xFUL /*<< FPU_MVFR0_A_SIMD_registers_Pos*/)  /*!< MVFR
1376:/home/jacoby/Documents/MCUXpresso_11.10.0_3148/DSP_workspace/DSP3/CMSIS/core_cm4.h **** 
1377:/home/jacoby/Documents/MCUXpresso_11.10.0_3148/DSP_workspace/DSP3/CMSIS/core_cm4.h **** /* Media and FP Feature Register 1 Definitions */
1378:/home/jacoby/Documents/MCUXpresso_11.10.0_3148/DSP_workspace/DSP3/CMSIS/core_cm4.h **** #define FPU_MVFR1_FP_fused_MAC_Pos         28U                                            /*!< MVFR
1379:/home/jacoby/Documents/MCUXpresso_11.10.0_3148/DSP_workspace/DSP3/CMSIS/core_cm4.h **** #define FPU_MVFR1_FP_fused_MAC_Msk         (0xFUL << FPU_MVFR1_FP_fused_MAC_Pos)          /*!< MVFR
1380:/home/jacoby/Documents/MCUXpresso_11.10.0_3148/DSP_workspace/DSP3/CMSIS/core_cm4.h **** 
1381:/home/jacoby/Documents/MCUXpresso_11.10.0_3148/DSP_workspace/DSP3/CMSIS/core_cm4.h **** #define FPU_MVFR1_FP_HPFP_Pos              24U                                            /*!< MVFR
1382:/home/jacoby/Documents/MCUXpresso_11.10.0_3148/DSP_workspace/DSP3/CMSIS/core_cm4.h **** #define FPU_MVFR1_FP_HPFP_Msk              (0xFUL << FPU_MVFR1_FP_HPFP_Pos)               /*!< MVFR
1383:/home/jacoby/Documents/MCUXpresso_11.10.0_3148/DSP_workspace/DSP3/CMSIS/core_cm4.h **** 
1384:/home/jacoby/Documents/MCUXpresso_11.10.0_3148/DSP_workspace/DSP3/CMSIS/core_cm4.h **** #define FPU_MVFR1_D_NaN_mode_Pos            4U                                            /*!< MVFR
1385:/home/jacoby/Documents/MCUXpresso_11.10.0_3148/DSP_workspace/DSP3/CMSIS/core_cm4.h **** #define FPU_MVFR1_D_NaN_mode_Msk           (0xFUL << FPU_MVFR1_D_NaN_mode_Pos)            /*!< MVFR
1386:/home/jacoby/Documents/MCUXpresso_11.10.0_3148/DSP_workspace/DSP3/CMSIS/core_cm4.h **** 
1387:/home/jacoby/Documents/MCUXpresso_11.10.0_3148/DSP_workspace/DSP3/CMSIS/core_cm4.h **** #define FPU_MVFR1_FtZ_mode_Pos              0U                                            /*!< MVFR
1388:/home/jacoby/Documents/MCUXpresso_11.10.0_3148/DSP_workspace/DSP3/CMSIS/core_cm4.h **** #define FPU_MVFR1_FtZ_mode_Msk             (0xFUL /*<< FPU_MVFR1_FtZ_mode_Pos*/)          /*!< MVFR
1389:/home/jacoby/Documents/MCUXpresso_11.10.0_3148/DSP_workspace/DSP3/CMSIS/core_cm4.h **** 
1390:/home/jacoby/Documents/MCUXpresso_11.10.0_3148/DSP_workspace/DSP3/CMSIS/core_cm4.h **** /*@} end of group CMSIS_FPU */
1391:/home/jacoby/Documents/MCUXpresso_11.10.0_3148/DSP_workspace/DSP3/CMSIS/core_cm4.h **** #endif
1392:/home/jacoby/Documents/MCUXpresso_11.10.0_3148/DSP_workspace/DSP3/CMSIS/core_cm4.h **** 
1393:/home/jacoby/Documents/MCUXpresso_11.10.0_3148/DSP_workspace/DSP3/CMSIS/core_cm4.h **** 
1394:/home/jacoby/Documents/MCUXpresso_11.10.0_3148/DSP_workspace/DSP3/CMSIS/core_cm4.h **** /**
1395:/home/jacoby/Documents/MCUXpresso_11.10.0_3148/DSP_workspace/DSP3/CMSIS/core_cm4.h ****   \ingroup  CMSIS_core_register
1396:/home/jacoby/Documents/MCUXpresso_11.10.0_3148/DSP_workspace/DSP3/CMSIS/core_cm4.h ****   \defgroup CMSIS_CoreDebug       Core Debug Registers (CoreDebug)
1397:/home/jacoby/Documents/MCUXpresso_11.10.0_3148/DSP_workspace/DSP3/CMSIS/core_cm4.h ****   \brief    Type definitions for the Core Debug Registers
1398:/home/jacoby/Documents/MCUXpresso_11.10.0_3148/DSP_workspace/DSP3/CMSIS/core_cm4.h ****   @{
1399:/home/jacoby/Documents/MCUXpresso_11.10.0_3148/DSP_workspace/DSP3/CMSIS/core_cm4.h ****  */
1400:/home/jacoby/Documents/MCUXpresso_11.10.0_3148/DSP_workspace/DSP3/CMSIS/core_cm4.h **** 
1401:/home/jacoby/Documents/MCUXpresso_11.10.0_3148/DSP_workspace/DSP3/CMSIS/core_cm4.h **** /**
1402:/home/jacoby/Documents/MCUXpresso_11.10.0_3148/DSP_workspace/DSP3/CMSIS/core_cm4.h ****   \brief  Structure type to access the Core Debug Register (CoreDebug).
1403:/home/jacoby/Documents/MCUXpresso_11.10.0_3148/DSP_workspace/DSP3/CMSIS/core_cm4.h ****  */
1404:/home/jacoby/Documents/MCUXpresso_11.10.0_3148/DSP_workspace/DSP3/CMSIS/core_cm4.h **** typedef struct
1405:/home/jacoby/Documents/MCUXpresso_11.10.0_3148/DSP_workspace/DSP3/CMSIS/core_cm4.h **** {
1406:/home/jacoby/Documents/MCUXpresso_11.10.0_3148/DSP_workspace/DSP3/CMSIS/core_cm4.h ****   __IOM uint32_t DHCSR;                  /*!< Offset: 0x000 (R/W)  Debug Halting Control and Status
1407:/home/jacoby/Documents/MCUXpresso_11.10.0_3148/DSP_workspace/DSP3/CMSIS/core_cm4.h ****   __OM  uint32_t DCRSR;                  /*!< Offset: 0x004 ( /W)  Debug Core Register Selector Reg
1408:/home/jacoby/Documents/MCUXpresso_11.10.0_3148/DSP_workspace/DSP3/CMSIS/core_cm4.h ****   __IOM uint32_t DCRDR;                  /*!< Offset: 0x008 (R/W)  Debug Core Register Data Registe
1409:/home/jacoby/Documents/MCUXpresso_11.10.0_3148/DSP_workspace/DSP3/CMSIS/core_cm4.h ****   __IOM uint32_t DEMCR;                  /*!< Offset: 0x00C (R/W)  Debug Exception and Monitor Cont
1410:/home/jacoby/Documents/MCUXpresso_11.10.0_3148/DSP_workspace/DSP3/CMSIS/core_cm4.h **** } CoreDebug_Type;
1411:/home/jacoby/Documents/MCUXpresso_11.10.0_3148/DSP_workspace/DSP3/CMSIS/core_cm4.h **** 
1412:/home/jacoby/Documents/MCUXpresso_11.10.0_3148/DSP_workspace/DSP3/CMSIS/core_cm4.h **** /* Debug Halting Control and Status Register Definitions */
1413:/home/jacoby/Documents/MCUXpresso_11.10.0_3148/DSP_workspace/DSP3/CMSIS/core_cm4.h **** #define CoreDebug_DHCSR_DBGKEY_Pos         16U                                            /*!< Core
1414:/home/jacoby/Documents/MCUXpresso_11.10.0_3148/DSP_workspace/DSP3/CMSIS/core_cm4.h **** #define CoreDebug_DHCSR_DBGKEY_Msk         (0xFFFFUL << CoreDebug_DHCSR_DBGKEY_Pos)       /*!< Core
1415:/home/jacoby/Documents/MCUXpresso_11.10.0_3148/DSP_workspace/DSP3/CMSIS/core_cm4.h **** 
1416:/home/jacoby/Documents/MCUXpresso_11.10.0_3148/DSP_workspace/DSP3/CMSIS/core_cm4.h **** #define CoreDebug_DHCSR_S_RESET_ST_Pos     25U                                            /*!< Core
1417:/home/jacoby/Documents/MCUXpresso_11.10.0_3148/DSP_workspace/DSP3/CMSIS/core_cm4.h **** #define CoreDebug_DHCSR_S_RESET_ST_Msk     (1UL << CoreDebug_DHCSR_S_RESET_ST_Pos)        /*!< Core
1418:/home/jacoby/Documents/MCUXpresso_11.10.0_3148/DSP_workspace/DSP3/CMSIS/core_cm4.h **** 
1419:/home/jacoby/Documents/MCUXpresso_11.10.0_3148/DSP_workspace/DSP3/CMSIS/core_cm4.h **** #define CoreDebug_DHCSR_S_RETIRE_ST_Pos    24U                                            /*!< Core
1420:/home/jacoby/Documents/MCUXpresso_11.10.0_3148/DSP_workspace/DSP3/CMSIS/core_cm4.h **** #define CoreDebug_DHCSR_S_RETIRE_ST_Msk    (1UL << CoreDebug_DHCSR_S_RETIRE_ST_Pos)       /*!< Core
1421:/home/jacoby/Documents/MCUXpresso_11.10.0_3148/DSP_workspace/DSP3/CMSIS/core_cm4.h **** 
1422:/home/jacoby/Documents/MCUXpresso_11.10.0_3148/DSP_workspace/DSP3/CMSIS/core_cm4.h **** #define CoreDebug_DHCSR_S_LOCKUP_Pos       19U                                            /*!< Core
1423:/home/jacoby/Documents/MCUXpresso_11.10.0_3148/DSP_workspace/DSP3/CMSIS/core_cm4.h **** #define CoreDebug_DHCSR_S_LOCKUP_Msk       (1UL << CoreDebug_DHCSR_S_LOCKUP_Pos)          /*!< Core
1424:/home/jacoby/Documents/MCUXpresso_11.10.0_3148/DSP_workspace/DSP3/CMSIS/core_cm4.h **** 
1425:/home/jacoby/Documents/MCUXpresso_11.10.0_3148/DSP_workspace/DSP3/CMSIS/core_cm4.h **** #define CoreDebug_DHCSR_S_SLEEP_Pos        18U                                            /*!< Core
1426:/home/jacoby/Documents/MCUXpresso_11.10.0_3148/DSP_workspace/DSP3/CMSIS/core_cm4.h **** #define CoreDebug_DHCSR_S_SLEEP_Msk        (1UL << CoreDebug_DHCSR_S_SLEEP_Pos)           /*!< Core
1427:/home/jacoby/Documents/MCUXpresso_11.10.0_3148/DSP_workspace/DSP3/CMSIS/core_cm4.h **** 
1428:/home/jacoby/Documents/MCUXpresso_11.10.0_3148/DSP_workspace/DSP3/CMSIS/core_cm4.h **** #define CoreDebug_DHCSR_S_HALT_Pos         17U                                            /*!< Core
1429:/home/jacoby/Documents/MCUXpresso_11.10.0_3148/DSP_workspace/DSP3/CMSIS/core_cm4.h **** #define CoreDebug_DHCSR_S_HALT_Msk         (1UL << CoreDebug_DHCSR_S_HALT_Pos)            /*!< Core
1430:/home/jacoby/Documents/MCUXpresso_11.10.0_3148/DSP_workspace/DSP3/CMSIS/core_cm4.h **** 
1431:/home/jacoby/Documents/MCUXpresso_11.10.0_3148/DSP_workspace/DSP3/CMSIS/core_cm4.h **** #define CoreDebug_DHCSR_S_REGRDY_Pos       16U                                            /*!< Core
1432:/home/jacoby/Documents/MCUXpresso_11.10.0_3148/DSP_workspace/DSP3/CMSIS/core_cm4.h **** #define CoreDebug_DHCSR_S_REGRDY_Msk       (1UL << CoreDebug_DHCSR_S_REGRDY_Pos)          /*!< Core
1433:/home/jacoby/Documents/MCUXpresso_11.10.0_3148/DSP_workspace/DSP3/CMSIS/core_cm4.h **** 
1434:/home/jacoby/Documents/MCUXpresso_11.10.0_3148/DSP_workspace/DSP3/CMSIS/core_cm4.h **** #define CoreDebug_DHCSR_C_SNAPSTALL_Pos     5U                                            /*!< Core
1435:/home/jacoby/Documents/MCUXpresso_11.10.0_3148/DSP_workspace/DSP3/CMSIS/core_cm4.h **** #define CoreDebug_DHCSR_C_SNAPSTALL_Msk    (1UL << CoreDebug_DHCSR_C_SNAPSTALL_Pos)       /*!< Core
1436:/home/jacoby/Documents/MCUXpresso_11.10.0_3148/DSP_workspace/DSP3/CMSIS/core_cm4.h **** 
1437:/home/jacoby/Documents/MCUXpresso_11.10.0_3148/DSP_workspace/DSP3/CMSIS/core_cm4.h **** #define CoreDebug_DHCSR_C_MASKINTS_Pos      3U                                            /*!< Core
1438:/home/jacoby/Documents/MCUXpresso_11.10.0_3148/DSP_workspace/DSP3/CMSIS/core_cm4.h **** #define CoreDebug_DHCSR_C_MASKINTS_Msk     (1UL << CoreDebug_DHCSR_C_MASKINTS_Pos)        /*!< Core
1439:/home/jacoby/Documents/MCUXpresso_11.10.0_3148/DSP_workspace/DSP3/CMSIS/core_cm4.h **** 
1440:/home/jacoby/Documents/MCUXpresso_11.10.0_3148/DSP_workspace/DSP3/CMSIS/core_cm4.h **** #define CoreDebug_DHCSR_C_STEP_Pos          2U                                            /*!< Core
1441:/home/jacoby/Documents/MCUXpresso_11.10.0_3148/DSP_workspace/DSP3/CMSIS/core_cm4.h **** #define CoreDebug_DHCSR_C_STEP_Msk         (1UL << CoreDebug_DHCSR_C_STEP_Pos)            /*!< Core
1442:/home/jacoby/Documents/MCUXpresso_11.10.0_3148/DSP_workspace/DSP3/CMSIS/core_cm4.h **** 
1443:/home/jacoby/Documents/MCUXpresso_11.10.0_3148/DSP_workspace/DSP3/CMSIS/core_cm4.h **** #define CoreDebug_DHCSR_C_HALT_Pos          1U                                            /*!< Core
1444:/home/jacoby/Documents/MCUXpresso_11.10.0_3148/DSP_workspace/DSP3/CMSIS/core_cm4.h **** #define CoreDebug_DHCSR_C_HALT_Msk         (1UL << CoreDebug_DHCSR_C_HALT_Pos)            /*!< Core
1445:/home/jacoby/Documents/MCUXpresso_11.10.0_3148/DSP_workspace/DSP3/CMSIS/core_cm4.h **** 
1446:/home/jacoby/Documents/MCUXpresso_11.10.0_3148/DSP_workspace/DSP3/CMSIS/core_cm4.h **** #define CoreDebug_DHCSR_C_DEBUGEN_Pos       0U                                            /*!< Core
1447:/home/jacoby/Documents/MCUXpresso_11.10.0_3148/DSP_workspace/DSP3/CMSIS/core_cm4.h **** #define CoreDebug_DHCSR_C_DEBUGEN_Msk      (1UL /*<< CoreDebug_DHCSR_C_DEBUGEN_Pos*/)     /*!< Core
1448:/home/jacoby/Documents/MCUXpresso_11.10.0_3148/DSP_workspace/DSP3/CMSIS/core_cm4.h **** 
1449:/home/jacoby/Documents/MCUXpresso_11.10.0_3148/DSP_workspace/DSP3/CMSIS/core_cm4.h **** /* Debug Core Register Selector Register Definitions */
1450:/home/jacoby/Documents/MCUXpresso_11.10.0_3148/DSP_workspace/DSP3/CMSIS/core_cm4.h **** #define CoreDebug_DCRSR_REGWnR_Pos         16U                                            /*!< Core
1451:/home/jacoby/Documents/MCUXpresso_11.10.0_3148/DSP_workspace/DSP3/CMSIS/core_cm4.h **** #define CoreDebug_DCRSR_REGWnR_Msk         (1UL << CoreDebug_DCRSR_REGWnR_Pos)            /*!< Core
1452:/home/jacoby/Documents/MCUXpresso_11.10.0_3148/DSP_workspace/DSP3/CMSIS/core_cm4.h **** 
1453:/home/jacoby/Documents/MCUXpresso_11.10.0_3148/DSP_workspace/DSP3/CMSIS/core_cm4.h **** #define CoreDebug_DCRSR_REGSEL_Pos          0U                                            /*!< Core
1454:/home/jacoby/Documents/MCUXpresso_11.10.0_3148/DSP_workspace/DSP3/CMSIS/core_cm4.h **** #define CoreDebug_DCRSR_REGSEL_Msk         (0x1FUL /*<< CoreDebug_DCRSR_REGSEL_Pos*/)     /*!< Core
1455:/home/jacoby/Documents/MCUXpresso_11.10.0_3148/DSP_workspace/DSP3/CMSIS/core_cm4.h **** 
1456:/home/jacoby/Documents/MCUXpresso_11.10.0_3148/DSP_workspace/DSP3/CMSIS/core_cm4.h **** /* Debug Exception and Monitor Control Register Definitions */
1457:/home/jacoby/Documents/MCUXpresso_11.10.0_3148/DSP_workspace/DSP3/CMSIS/core_cm4.h **** #define CoreDebug_DEMCR_TRCENA_Pos         24U                                            /*!< Core
1458:/home/jacoby/Documents/MCUXpresso_11.10.0_3148/DSP_workspace/DSP3/CMSIS/core_cm4.h **** #define CoreDebug_DEMCR_TRCENA_Msk         (1UL << CoreDebug_DEMCR_TRCENA_Pos)            /*!< Core
1459:/home/jacoby/Documents/MCUXpresso_11.10.0_3148/DSP_workspace/DSP3/CMSIS/core_cm4.h **** 
1460:/home/jacoby/Documents/MCUXpresso_11.10.0_3148/DSP_workspace/DSP3/CMSIS/core_cm4.h **** #define CoreDebug_DEMCR_MON_REQ_Pos        19U                                            /*!< Core
1461:/home/jacoby/Documents/MCUXpresso_11.10.0_3148/DSP_workspace/DSP3/CMSIS/core_cm4.h **** #define CoreDebug_DEMCR_MON_REQ_Msk        (1UL << CoreDebug_DEMCR_MON_REQ_Pos)           /*!< Core
1462:/home/jacoby/Documents/MCUXpresso_11.10.0_3148/DSP_workspace/DSP3/CMSIS/core_cm4.h **** 
1463:/home/jacoby/Documents/MCUXpresso_11.10.0_3148/DSP_workspace/DSP3/CMSIS/core_cm4.h **** #define CoreDebug_DEMCR_MON_STEP_Pos       18U                                            /*!< Core
1464:/home/jacoby/Documents/MCUXpresso_11.10.0_3148/DSP_workspace/DSP3/CMSIS/core_cm4.h **** #define CoreDebug_DEMCR_MON_STEP_Msk       (1UL << CoreDebug_DEMCR_MON_STEP_Pos)          /*!< Core
1465:/home/jacoby/Documents/MCUXpresso_11.10.0_3148/DSP_workspace/DSP3/CMSIS/core_cm4.h **** 
1466:/home/jacoby/Documents/MCUXpresso_11.10.0_3148/DSP_workspace/DSP3/CMSIS/core_cm4.h **** #define CoreDebug_DEMCR_MON_PEND_Pos       17U                                            /*!< Core
1467:/home/jacoby/Documents/MCUXpresso_11.10.0_3148/DSP_workspace/DSP3/CMSIS/core_cm4.h **** #define CoreDebug_DEMCR_MON_PEND_Msk       (1UL << CoreDebug_DEMCR_MON_PEND_Pos)          /*!< Core
1468:/home/jacoby/Documents/MCUXpresso_11.10.0_3148/DSP_workspace/DSP3/CMSIS/core_cm4.h **** 
1469:/home/jacoby/Documents/MCUXpresso_11.10.0_3148/DSP_workspace/DSP3/CMSIS/core_cm4.h **** #define CoreDebug_DEMCR_MON_EN_Pos         16U                                            /*!< Core
1470:/home/jacoby/Documents/MCUXpresso_11.10.0_3148/DSP_workspace/DSP3/CMSIS/core_cm4.h **** #define CoreDebug_DEMCR_MON_EN_Msk         (1UL << CoreDebug_DEMCR_MON_EN_Pos)            /*!< Core
1471:/home/jacoby/Documents/MCUXpresso_11.10.0_3148/DSP_workspace/DSP3/CMSIS/core_cm4.h **** 
1472:/home/jacoby/Documents/MCUXpresso_11.10.0_3148/DSP_workspace/DSP3/CMSIS/core_cm4.h **** #define CoreDebug_DEMCR_VC_HARDERR_Pos     10U                                            /*!< Core
1473:/home/jacoby/Documents/MCUXpresso_11.10.0_3148/DSP_workspace/DSP3/CMSIS/core_cm4.h **** #define CoreDebug_DEMCR_VC_HARDERR_Msk     (1UL << CoreDebug_DEMCR_VC_HARDERR_Pos)        /*!< Core
1474:/home/jacoby/Documents/MCUXpresso_11.10.0_3148/DSP_workspace/DSP3/CMSIS/core_cm4.h **** 
1475:/home/jacoby/Documents/MCUXpresso_11.10.0_3148/DSP_workspace/DSP3/CMSIS/core_cm4.h **** #define CoreDebug_DEMCR_VC_INTERR_Pos       9U                                            /*!< Core
1476:/home/jacoby/Documents/MCUXpresso_11.10.0_3148/DSP_workspace/DSP3/CMSIS/core_cm4.h **** #define CoreDebug_DEMCR_VC_INTERR_Msk      (1UL << CoreDebug_DEMCR_VC_INTERR_Pos)         /*!< Core
1477:/home/jacoby/Documents/MCUXpresso_11.10.0_3148/DSP_workspace/DSP3/CMSIS/core_cm4.h **** 
1478:/home/jacoby/Documents/MCUXpresso_11.10.0_3148/DSP_workspace/DSP3/CMSIS/core_cm4.h **** #define CoreDebug_DEMCR_VC_BUSERR_Pos       8U                                            /*!< Core
1479:/home/jacoby/Documents/MCUXpresso_11.10.0_3148/DSP_workspace/DSP3/CMSIS/core_cm4.h **** #define CoreDebug_DEMCR_VC_BUSERR_Msk      (1UL << CoreDebug_DEMCR_VC_BUSERR_Pos)         /*!< Core
1480:/home/jacoby/Documents/MCUXpresso_11.10.0_3148/DSP_workspace/DSP3/CMSIS/core_cm4.h **** 
1481:/home/jacoby/Documents/MCUXpresso_11.10.0_3148/DSP_workspace/DSP3/CMSIS/core_cm4.h **** #define CoreDebug_DEMCR_VC_STATERR_Pos      7U                                            /*!< Core
1482:/home/jacoby/Documents/MCUXpresso_11.10.0_3148/DSP_workspace/DSP3/CMSIS/core_cm4.h **** #define CoreDebug_DEMCR_VC_STATERR_Msk     (1UL << CoreDebug_DEMCR_VC_STATERR_Pos)        /*!< Core
1483:/home/jacoby/Documents/MCUXpresso_11.10.0_3148/DSP_workspace/DSP3/CMSIS/core_cm4.h **** 
1484:/home/jacoby/Documents/MCUXpresso_11.10.0_3148/DSP_workspace/DSP3/CMSIS/core_cm4.h **** #define CoreDebug_DEMCR_VC_CHKERR_Pos       6U                                            /*!< Core
1485:/home/jacoby/Documents/MCUXpresso_11.10.0_3148/DSP_workspace/DSP3/CMSIS/core_cm4.h **** #define CoreDebug_DEMCR_VC_CHKERR_Msk      (1UL << CoreDebug_DEMCR_VC_CHKERR_Pos)         /*!< Core
1486:/home/jacoby/Documents/MCUXpresso_11.10.0_3148/DSP_workspace/DSP3/CMSIS/core_cm4.h **** 
1487:/home/jacoby/Documents/MCUXpresso_11.10.0_3148/DSP_workspace/DSP3/CMSIS/core_cm4.h **** #define CoreDebug_DEMCR_VC_NOCPERR_Pos      5U                                            /*!< Core
1488:/home/jacoby/Documents/MCUXpresso_11.10.0_3148/DSP_workspace/DSP3/CMSIS/core_cm4.h **** #define CoreDebug_DEMCR_VC_NOCPERR_Msk     (1UL << CoreDebug_DEMCR_VC_NOCPERR_Pos)        /*!< Core
1489:/home/jacoby/Documents/MCUXpresso_11.10.0_3148/DSP_workspace/DSP3/CMSIS/core_cm4.h **** 
1490:/home/jacoby/Documents/MCUXpresso_11.10.0_3148/DSP_workspace/DSP3/CMSIS/core_cm4.h **** #define CoreDebug_DEMCR_VC_MMERR_Pos        4U                                            /*!< Core
1491:/home/jacoby/Documents/MCUXpresso_11.10.0_3148/DSP_workspace/DSP3/CMSIS/core_cm4.h **** #define CoreDebug_DEMCR_VC_MMERR_Msk       (1UL << CoreDebug_DEMCR_VC_MMERR_Pos)          /*!< Core
1492:/home/jacoby/Documents/MCUXpresso_11.10.0_3148/DSP_workspace/DSP3/CMSIS/core_cm4.h **** 
1493:/home/jacoby/Documents/MCUXpresso_11.10.0_3148/DSP_workspace/DSP3/CMSIS/core_cm4.h **** #define CoreDebug_DEMCR_VC_CORERESET_Pos    0U                                            /*!< Core
1494:/home/jacoby/Documents/MCUXpresso_11.10.0_3148/DSP_workspace/DSP3/CMSIS/core_cm4.h **** #define CoreDebug_DEMCR_VC_CORERESET_Msk   (1UL /*<< CoreDebug_DEMCR_VC_CORERESET_Pos*/)  /*!< Core
1495:/home/jacoby/Documents/MCUXpresso_11.10.0_3148/DSP_workspace/DSP3/CMSIS/core_cm4.h **** 
1496:/home/jacoby/Documents/MCUXpresso_11.10.0_3148/DSP_workspace/DSP3/CMSIS/core_cm4.h **** /*@} end of group CMSIS_CoreDebug */
1497:/home/jacoby/Documents/MCUXpresso_11.10.0_3148/DSP_workspace/DSP3/CMSIS/core_cm4.h **** 
1498:/home/jacoby/Documents/MCUXpresso_11.10.0_3148/DSP_workspace/DSP3/CMSIS/core_cm4.h **** 
1499:/home/jacoby/Documents/MCUXpresso_11.10.0_3148/DSP_workspace/DSP3/CMSIS/core_cm4.h **** /**
1500:/home/jacoby/Documents/MCUXpresso_11.10.0_3148/DSP_workspace/DSP3/CMSIS/core_cm4.h ****   \ingroup    CMSIS_core_register
1501:/home/jacoby/Documents/MCUXpresso_11.10.0_3148/DSP_workspace/DSP3/CMSIS/core_cm4.h ****   \defgroup   CMSIS_core_bitfield     Core register bit field macros
1502:/home/jacoby/Documents/MCUXpresso_11.10.0_3148/DSP_workspace/DSP3/CMSIS/core_cm4.h ****   \brief      Macros for use with bit field definitions (xxx_Pos, xxx_Msk).
1503:/home/jacoby/Documents/MCUXpresso_11.10.0_3148/DSP_workspace/DSP3/CMSIS/core_cm4.h ****   @{
1504:/home/jacoby/Documents/MCUXpresso_11.10.0_3148/DSP_workspace/DSP3/CMSIS/core_cm4.h ****  */
1505:/home/jacoby/Documents/MCUXpresso_11.10.0_3148/DSP_workspace/DSP3/CMSIS/core_cm4.h **** 
1506:/home/jacoby/Documents/MCUXpresso_11.10.0_3148/DSP_workspace/DSP3/CMSIS/core_cm4.h **** /**
1507:/home/jacoby/Documents/MCUXpresso_11.10.0_3148/DSP_workspace/DSP3/CMSIS/core_cm4.h ****   \brief   Mask and shift a bit field value for use in a register bit range.
1508:/home/jacoby/Documents/MCUXpresso_11.10.0_3148/DSP_workspace/DSP3/CMSIS/core_cm4.h ****   \param[in] field  Name of the register bit field.
1509:/home/jacoby/Documents/MCUXpresso_11.10.0_3148/DSP_workspace/DSP3/CMSIS/core_cm4.h ****   \param[in] value  Value of the bit field.
1510:/home/jacoby/Documents/MCUXpresso_11.10.0_3148/DSP_workspace/DSP3/CMSIS/core_cm4.h ****   \return           Masked and shifted value.
1511:/home/jacoby/Documents/MCUXpresso_11.10.0_3148/DSP_workspace/DSP3/CMSIS/core_cm4.h **** */
1512:/home/jacoby/Documents/MCUXpresso_11.10.0_3148/DSP_workspace/DSP3/CMSIS/core_cm4.h **** #define _VAL2FLD(field, value)    ((value << field ## _Pos) & field ## _Msk)
1513:/home/jacoby/Documents/MCUXpresso_11.10.0_3148/DSP_workspace/DSP3/CMSIS/core_cm4.h **** 
1514:/home/jacoby/Documents/MCUXpresso_11.10.0_3148/DSP_workspace/DSP3/CMSIS/core_cm4.h **** /**
1515:/home/jacoby/Documents/MCUXpresso_11.10.0_3148/DSP_workspace/DSP3/CMSIS/core_cm4.h ****   \brief     Mask and shift a register value to extract a bit filed value.
1516:/home/jacoby/Documents/MCUXpresso_11.10.0_3148/DSP_workspace/DSP3/CMSIS/core_cm4.h ****   \param[in] field  Name of the register bit field.
1517:/home/jacoby/Documents/MCUXpresso_11.10.0_3148/DSP_workspace/DSP3/CMSIS/core_cm4.h ****   \param[in] value  Value of register.
1518:/home/jacoby/Documents/MCUXpresso_11.10.0_3148/DSP_workspace/DSP3/CMSIS/core_cm4.h ****   \return           Masked and shifted bit field value.
1519:/home/jacoby/Documents/MCUXpresso_11.10.0_3148/DSP_workspace/DSP3/CMSIS/core_cm4.h **** */
1520:/home/jacoby/Documents/MCUXpresso_11.10.0_3148/DSP_workspace/DSP3/CMSIS/core_cm4.h **** #define _FLD2VAL(field, value)    ((value & field ## _Msk) >> field ## _Pos)
1521:/home/jacoby/Documents/MCUXpresso_11.10.0_3148/DSP_workspace/DSP3/CMSIS/core_cm4.h **** 
1522:/home/jacoby/Documents/MCUXpresso_11.10.0_3148/DSP_workspace/DSP3/CMSIS/core_cm4.h **** /*@} end of group CMSIS_core_bitfield */
1523:/home/jacoby/Documents/MCUXpresso_11.10.0_3148/DSP_workspace/DSP3/CMSIS/core_cm4.h **** 
1524:/home/jacoby/Documents/MCUXpresso_11.10.0_3148/DSP_workspace/DSP3/CMSIS/core_cm4.h **** 
1525:/home/jacoby/Documents/MCUXpresso_11.10.0_3148/DSP_workspace/DSP3/CMSIS/core_cm4.h **** /**
1526:/home/jacoby/Documents/MCUXpresso_11.10.0_3148/DSP_workspace/DSP3/CMSIS/core_cm4.h ****   \ingroup    CMSIS_core_register
1527:/home/jacoby/Documents/MCUXpresso_11.10.0_3148/DSP_workspace/DSP3/CMSIS/core_cm4.h ****   \defgroup   CMSIS_core_base     Core Definitions
1528:/home/jacoby/Documents/MCUXpresso_11.10.0_3148/DSP_workspace/DSP3/CMSIS/core_cm4.h ****   \brief      Definitions for base addresses, unions, and structures.
1529:/home/jacoby/Documents/MCUXpresso_11.10.0_3148/DSP_workspace/DSP3/CMSIS/core_cm4.h ****   @{
1530:/home/jacoby/Documents/MCUXpresso_11.10.0_3148/DSP_workspace/DSP3/CMSIS/core_cm4.h ****  */
1531:/home/jacoby/Documents/MCUXpresso_11.10.0_3148/DSP_workspace/DSP3/CMSIS/core_cm4.h **** 
1532:/home/jacoby/Documents/MCUXpresso_11.10.0_3148/DSP_workspace/DSP3/CMSIS/core_cm4.h **** /* Memory mapping of Cortex-M4 Hardware */
1533:/home/jacoby/Documents/MCUXpresso_11.10.0_3148/DSP_workspace/DSP3/CMSIS/core_cm4.h **** #define SCS_BASE            (0xE000E000UL)                            /*!< System Control Space Bas
1534:/home/jacoby/Documents/MCUXpresso_11.10.0_3148/DSP_workspace/DSP3/CMSIS/core_cm4.h **** #define ITM_BASE            (0xE0000000UL)                            /*!< ITM Base Address */
1535:/home/jacoby/Documents/MCUXpresso_11.10.0_3148/DSP_workspace/DSP3/CMSIS/core_cm4.h **** #define DWT_BASE            (0xE0001000UL)                            /*!< DWT Base Address */
1536:/home/jacoby/Documents/MCUXpresso_11.10.0_3148/DSP_workspace/DSP3/CMSIS/core_cm4.h **** #define TPI_BASE            (0xE0040000UL)                            /*!< TPI Base Address */
1537:/home/jacoby/Documents/MCUXpresso_11.10.0_3148/DSP_workspace/DSP3/CMSIS/core_cm4.h **** #define CoreDebug_BASE      (0xE000EDF0UL)                            /*!< Core Debug Base Address 
1538:/home/jacoby/Documents/MCUXpresso_11.10.0_3148/DSP_workspace/DSP3/CMSIS/core_cm4.h **** #define SysTick_BASE        (SCS_BASE +  0x0010UL)                    /*!< SysTick Base Address */
1539:/home/jacoby/Documents/MCUXpresso_11.10.0_3148/DSP_workspace/DSP3/CMSIS/core_cm4.h **** #define NVIC_BASE           (SCS_BASE +  0x0100UL)                    /*!< NVIC Base Address */
1540:/home/jacoby/Documents/MCUXpresso_11.10.0_3148/DSP_workspace/DSP3/CMSIS/core_cm4.h **** #define SCB_BASE            (SCS_BASE +  0x0D00UL)                    /*!< System Control Block Bas
1541:/home/jacoby/Documents/MCUXpresso_11.10.0_3148/DSP_workspace/DSP3/CMSIS/core_cm4.h **** 
1542:/home/jacoby/Documents/MCUXpresso_11.10.0_3148/DSP_workspace/DSP3/CMSIS/core_cm4.h **** #define SCnSCB              ((SCnSCB_Type    *)     SCS_BASE      )   /*!< System control Register 
1543:/home/jacoby/Documents/MCUXpresso_11.10.0_3148/DSP_workspace/DSP3/CMSIS/core_cm4.h **** #define SCB                 ((SCB_Type       *)     SCB_BASE      )   /*!< SCB configuration struct
1544:/home/jacoby/Documents/MCUXpresso_11.10.0_3148/DSP_workspace/DSP3/CMSIS/core_cm4.h **** #define SysTick             ((SysTick_Type   *)     SysTick_BASE  )   /*!< SysTick configuration st
1545:/home/jacoby/Documents/MCUXpresso_11.10.0_3148/DSP_workspace/DSP3/CMSIS/core_cm4.h **** #define NVIC                ((NVIC_Type      *)     NVIC_BASE     )   /*!< NVIC configuration struc
1546:/home/jacoby/Documents/MCUXpresso_11.10.0_3148/DSP_workspace/DSP3/CMSIS/core_cm4.h **** #define ITM                 ((ITM_Type       *)     ITM_BASE      )   /*!< ITM configuration struct
1547:/home/jacoby/Documents/MCUXpresso_11.10.0_3148/DSP_workspace/DSP3/CMSIS/core_cm4.h **** #define DWT                 ((DWT_Type       *)     DWT_BASE      )   /*!< DWT configuration struct
1548:/home/jacoby/Documents/MCUXpresso_11.10.0_3148/DSP_workspace/DSP3/CMSIS/core_cm4.h **** #define TPI                 ((TPI_Type       *)     TPI_BASE      )   /*!< TPI configuration struct
1549:/home/jacoby/Documents/MCUXpresso_11.10.0_3148/DSP_workspace/DSP3/CMSIS/core_cm4.h **** #define CoreDebug           ((CoreDebug_Type *)     CoreDebug_BASE)   /*!< Core Debug configuration
1550:/home/jacoby/Documents/MCUXpresso_11.10.0_3148/DSP_workspace/DSP3/CMSIS/core_cm4.h **** 
1551:/home/jacoby/Documents/MCUXpresso_11.10.0_3148/DSP_workspace/DSP3/CMSIS/core_cm4.h **** #if (__MPU_PRESENT == 1U)
1552:/home/jacoby/Documents/MCUXpresso_11.10.0_3148/DSP_workspace/DSP3/CMSIS/core_cm4.h ****   #define MPU_BASE          (SCS_BASE +  0x0D90UL)                    /*!< Memory Protection Unit *
1553:/home/jacoby/Documents/MCUXpresso_11.10.0_3148/DSP_workspace/DSP3/CMSIS/core_cm4.h ****   #define MPU               ((MPU_Type       *)     MPU_BASE      )   /*!< Memory Protection Unit *
1554:/home/jacoby/Documents/MCUXpresso_11.10.0_3148/DSP_workspace/DSP3/CMSIS/core_cm4.h **** #endif
1555:/home/jacoby/Documents/MCUXpresso_11.10.0_3148/DSP_workspace/DSP3/CMSIS/core_cm4.h **** 
1556:/home/jacoby/Documents/MCUXpresso_11.10.0_3148/DSP_workspace/DSP3/CMSIS/core_cm4.h **** #if (__FPU_PRESENT == 1U)
1557:/home/jacoby/Documents/MCUXpresso_11.10.0_3148/DSP_workspace/DSP3/CMSIS/core_cm4.h ****   #define FPU_BASE          (SCS_BASE +  0x0F30UL)                    /*!< Floating Point Unit */
1558:/home/jacoby/Documents/MCUXpresso_11.10.0_3148/DSP_workspace/DSP3/CMSIS/core_cm4.h ****   #define FPU               ((FPU_Type       *)     FPU_BASE      )   /*!< Floating Point Unit */
1559:/home/jacoby/Documents/MCUXpresso_11.10.0_3148/DSP_workspace/DSP3/CMSIS/core_cm4.h **** #endif
1560:/home/jacoby/Documents/MCUXpresso_11.10.0_3148/DSP_workspace/DSP3/CMSIS/core_cm4.h **** 
1561:/home/jacoby/Documents/MCUXpresso_11.10.0_3148/DSP_workspace/DSP3/CMSIS/core_cm4.h **** /*@} */
1562:/home/jacoby/Documents/MCUXpresso_11.10.0_3148/DSP_workspace/DSP3/CMSIS/core_cm4.h **** 
1563:/home/jacoby/Documents/MCUXpresso_11.10.0_3148/DSP_workspace/DSP3/CMSIS/core_cm4.h **** 
1564:/home/jacoby/Documents/MCUXpresso_11.10.0_3148/DSP_workspace/DSP3/CMSIS/core_cm4.h **** 
1565:/home/jacoby/Documents/MCUXpresso_11.10.0_3148/DSP_workspace/DSP3/CMSIS/core_cm4.h **** /*******************************************************************************
1566:/home/jacoby/Documents/MCUXpresso_11.10.0_3148/DSP_workspace/DSP3/CMSIS/core_cm4.h ****  *                Hardware Abstraction Layer
1567:/home/jacoby/Documents/MCUXpresso_11.10.0_3148/DSP_workspace/DSP3/CMSIS/core_cm4.h ****   Core Function Interface contains:
1568:/home/jacoby/Documents/MCUXpresso_11.10.0_3148/DSP_workspace/DSP3/CMSIS/core_cm4.h ****   - Core NVIC Functions
1569:/home/jacoby/Documents/MCUXpresso_11.10.0_3148/DSP_workspace/DSP3/CMSIS/core_cm4.h ****   - Core SysTick Functions
1570:/home/jacoby/Documents/MCUXpresso_11.10.0_3148/DSP_workspace/DSP3/CMSIS/core_cm4.h ****   - Core Debug Functions
1571:/home/jacoby/Documents/MCUXpresso_11.10.0_3148/DSP_workspace/DSP3/CMSIS/core_cm4.h ****   - Core Register Access Functions
1572:/home/jacoby/Documents/MCUXpresso_11.10.0_3148/DSP_workspace/DSP3/CMSIS/core_cm4.h ****  ******************************************************************************/
1573:/home/jacoby/Documents/MCUXpresso_11.10.0_3148/DSP_workspace/DSP3/CMSIS/core_cm4.h **** /**
1574:/home/jacoby/Documents/MCUXpresso_11.10.0_3148/DSP_workspace/DSP3/CMSIS/core_cm4.h ****   \defgroup CMSIS_Core_FunctionInterface Functions and Instructions Reference
1575:/home/jacoby/Documents/MCUXpresso_11.10.0_3148/DSP_workspace/DSP3/CMSIS/core_cm4.h **** */
1576:/home/jacoby/Documents/MCUXpresso_11.10.0_3148/DSP_workspace/DSP3/CMSIS/core_cm4.h **** 
1577:/home/jacoby/Documents/MCUXpresso_11.10.0_3148/DSP_workspace/DSP3/CMSIS/core_cm4.h **** 
1578:/home/jacoby/Documents/MCUXpresso_11.10.0_3148/DSP_workspace/DSP3/CMSIS/core_cm4.h **** 
1579:/home/jacoby/Documents/MCUXpresso_11.10.0_3148/DSP_workspace/DSP3/CMSIS/core_cm4.h **** /* ##########################   NVIC functions  #################################### */
1580:/home/jacoby/Documents/MCUXpresso_11.10.0_3148/DSP_workspace/DSP3/CMSIS/core_cm4.h **** /**
1581:/home/jacoby/Documents/MCUXpresso_11.10.0_3148/DSP_workspace/DSP3/CMSIS/core_cm4.h ****   \ingroup  CMSIS_Core_FunctionInterface
1582:/home/jacoby/Documents/MCUXpresso_11.10.0_3148/DSP_workspace/DSP3/CMSIS/core_cm4.h ****   \defgroup CMSIS_Core_NVICFunctions NVIC Functions
1583:/home/jacoby/Documents/MCUXpresso_11.10.0_3148/DSP_workspace/DSP3/CMSIS/core_cm4.h ****   \brief    Functions that manage interrupts and exceptions via the NVIC.
1584:/home/jacoby/Documents/MCUXpresso_11.10.0_3148/DSP_workspace/DSP3/CMSIS/core_cm4.h ****   @{
1585:/home/jacoby/Documents/MCUXpresso_11.10.0_3148/DSP_workspace/DSP3/CMSIS/core_cm4.h ****  */
1586:/home/jacoby/Documents/MCUXpresso_11.10.0_3148/DSP_workspace/DSP3/CMSIS/core_cm4.h **** 
1587:/home/jacoby/Documents/MCUXpresso_11.10.0_3148/DSP_workspace/DSP3/CMSIS/core_cm4.h **** /**
1588:/home/jacoby/Documents/MCUXpresso_11.10.0_3148/DSP_workspace/DSP3/CMSIS/core_cm4.h ****   \brief   Set Priority Grouping
1589:/home/jacoby/Documents/MCUXpresso_11.10.0_3148/DSP_workspace/DSP3/CMSIS/core_cm4.h ****   \details Sets the priority grouping field using the required unlock sequence.
1590:/home/jacoby/Documents/MCUXpresso_11.10.0_3148/DSP_workspace/DSP3/CMSIS/core_cm4.h ****            The parameter PriorityGroup is assigned to the field SCB->AIRCR [10:8] PRIGROUP field.
1591:/home/jacoby/Documents/MCUXpresso_11.10.0_3148/DSP_workspace/DSP3/CMSIS/core_cm4.h ****            Only values from 0..7 are used.
1592:/home/jacoby/Documents/MCUXpresso_11.10.0_3148/DSP_workspace/DSP3/CMSIS/core_cm4.h ****            In case of a conflict between priority grouping and available
1593:/home/jacoby/Documents/MCUXpresso_11.10.0_3148/DSP_workspace/DSP3/CMSIS/core_cm4.h ****            priority bits (__NVIC_PRIO_BITS), the smallest possible priority group is set.
1594:/home/jacoby/Documents/MCUXpresso_11.10.0_3148/DSP_workspace/DSP3/CMSIS/core_cm4.h ****   \param [in]      PriorityGroup  Priority grouping field.
1595:/home/jacoby/Documents/MCUXpresso_11.10.0_3148/DSP_workspace/DSP3/CMSIS/core_cm4.h ****  */
1596:/home/jacoby/Documents/MCUXpresso_11.10.0_3148/DSP_workspace/DSP3/CMSIS/core_cm4.h **** __STATIC_INLINE void NVIC_SetPriorityGrouping(uint32_t PriorityGroup)
1597:/home/jacoby/Documents/MCUXpresso_11.10.0_3148/DSP_workspace/DSP3/CMSIS/core_cm4.h **** {
1598:/home/jacoby/Documents/MCUXpresso_11.10.0_3148/DSP_workspace/DSP3/CMSIS/core_cm4.h ****   uint32_t reg_value;
1599:/home/jacoby/Documents/MCUXpresso_11.10.0_3148/DSP_workspace/DSP3/CMSIS/core_cm4.h ****   uint32_t PriorityGroupTmp = (PriorityGroup & (uint32_t)0x07UL);             /* only values 0..7 a
1600:/home/jacoby/Documents/MCUXpresso_11.10.0_3148/DSP_workspace/DSP3/CMSIS/core_cm4.h **** 
1601:/home/jacoby/Documents/MCUXpresso_11.10.0_3148/DSP_workspace/DSP3/CMSIS/core_cm4.h ****   reg_value  =  SCB->AIRCR;                                                   /* read old register 
1602:/home/jacoby/Documents/MCUXpresso_11.10.0_3148/DSP_workspace/DSP3/CMSIS/core_cm4.h ****   reg_value &= ~((uint32_t)(SCB_AIRCR_VECTKEY_Msk | SCB_AIRCR_PRIGROUP_Msk)); /* clear bits to chan
1603:/home/jacoby/Documents/MCUXpresso_11.10.0_3148/DSP_workspace/DSP3/CMSIS/core_cm4.h ****   reg_value  =  (reg_value                                   |
1604:/home/jacoby/Documents/MCUXpresso_11.10.0_3148/DSP_workspace/DSP3/CMSIS/core_cm4.h ****                 ((uint32_t)0x5FAUL << SCB_AIRCR_VECTKEY_Pos) |
1605:/home/jacoby/Documents/MCUXpresso_11.10.0_3148/DSP_workspace/DSP3/CMSIS/core_cm4.h ****                 (PriorityGroupTmp << 8U)                      );              /* Insert write key a
1606:/home/jacoby/Documents/MCUXpresso_11.10.0_3148/DSP_workspace/DSP3/CMSIS/core_cm4.h ****   SCB->AIRCR =  reg_value;
1607:/home/jacoby/Documents/MCUXpresso_11.10.0_3148/DSP_workspace/DSP3/CMSIS/core_cm4.h **** }
1608:/home/jacoby/Documents/MCUXpresso_11.10.0_3148/DSP_workspace/DSP3/CMSIS/core_cm4.h **** 
1609:/home/jacoby/Documents/MCUXpresso_11.10.0_3148/DSP_workspace/DSP3/CMSIS/core_cm4.h **** 
1610:/home/jacoby/Documents/MCUXpresso_11.10.0_3148/DSP_workspace/DSP3/CMSIS/core_cm4.h **** /**
1611:/home/jacoby/Documents/MCUXpresso_11.10.0_3148/DSP_workspace/DSP3/CMSIS/core_cm4.h ****   \brief   Get Priority Grouping
1612:/home/jacoby/Documents/MCUXpresso_11.10.0_3148/DSP_workspace/DSP3/CMSIS/core_cm4.h ****   \details Reads the priority grouping field from the NVIC Interrupt Controller.
1613:/home/jacoby/Documents/MCUXpresso_11.10.0_3148/DSP_workspace/DSP3/CMSIS/core_cm4.h ****   \return                Priority grouping field (SCB->AIRCR [10:8] PRIGROUP field).
1614:/home/jacoby/Documents/MCUXpresso_11.10.0_3148/DSP_workspace/DSP3/CMSIS/core_cm4.h ****  */
1615:/home/jacoby/Documents/MCUXpresso_11.10.0_3148/DSP_workspace/DSP3/CMSIS/core_cm4.h **** __STATIC_INLINE uint32_t NVIC_GetPriorityGrouping(void)
1616:/home/jacoby/Documents/MCUXpresso_11.10.0_3148/DSP_workspace/DSP3/CMSIS/core_cm4.h **** {
1617:/home/jacoby/Documents/MCUXpresso_11.10.0_3148/DSP_workspace/DSP3/CMSIS/core_cm4.h ****   return ((uint32_t)((SCB->AIRCR & SCB_AIRCR_PRIGROUP_Msk) >> SCB_AIRCR_PRIGROUP_Pos));
1618:/home/jacoby/Documents/MCUXpresso_11.10.0_3148/DSP_workspace/DSP3/CMSIS/core_cm4.h **** }
1619:/home/jacoby/Documents/MCUXpresso_11.10.0_3148/DSP_workspace/DSP3/CMSIS/core_cm4.h **** 
1620:/home/jacoby/Documents/MCUXpresso_11.10.0_3148/DSP_workspace/DSP3/CMSIS/core_cm4.h **** 
1621:/home/jacoby/Documents/MCUXpresso_11.10.0_3148/DSP_workspace/DSP3/CMSIS/core_cm4.h **** /**
1622:/home/jacoby/Documents/MCUXpresso_11.10.0_3148/DSP_workspace/DSP3/CMSIS/core_cm4.h ****   \brief   Enable External Interrupt
1623:/home/jacoby/Documents/MCUXpresso_11.10.0_3148/DSP_workspace/DSP3/CMSIS/core_cm4.h ****   \details Enables a device-specific interrupt in the NVIC interrupt controller.
1624:/home/jacoby/Documents/MCUXpresso_11.10.0_3148/DSP_workspace/DSP3/CMSIS/core_cm4.h ****   \param [in]      IRQn  External interrupt number. Value cannot be negative.
1625:/home/jacoby/Documents/MCUXpresso_11.10.0_3148/DSP_workspace/DSP3/CMSIS/core_cm4.h ****  */
1626:/home/jacoby/Documents/MCUXpresso_11.10.0_3148/DSP_workspace/DSP3/CMSIS/core_cm4.h **** __STATIC_INLINE void NVIC_EnableIRQ(IRQn_Type IRQn)
1627:/home/jacoby/Documents/MCUXpresso_11.10.0_3148/DSP_workspace/DSP3/CMSIS/core_cm4.h **** {
1628:/home/jacoby/Documents/MCUXpresso_11.10.0_3148/DSP_workspace/DSP3/CMSIS/core_cm4.h ****   NVIC->ISER[(((uint32_t)(int32_t)IRQn) >> 5UL)] = (uint32_t)(1UL << (((uint32_t)(int32_t)IRQn) & 0
  44              		.loc 2 1628 50 view .LVU5
  45 0006 7748     		ldr	r0, .L16+8
  46              	.LBE21:
  47              	.LBE20:
  11:../source/ADC.c **** 	SIM->SCGC3 |= SIM_SCGC3_ADC1_MASK;
  48              		.loc 1 11 13 view .LVU6
  49 0008 41F00061 		orr	r1, r1, #134217728
  10:../source/ADC.c **** 	SIM->SCGC6 |= SIM_SCGC6_ADC0_MASK;
  50              		.loc 1 10 1 view .LVU7
  51 000c 2DE9F04F 		push	{r4, r5, r6, r7, r8, r9, r10, fp, lr}
  52              		.cfi_def_cfa_offset 36
  53              		.cfi_offset 4, -36
  54              		.cfi_offset 5, -32
  55              		.cfi_offset 6, -28
  56              		.cfi_offset 7, -24
  57              		.cfi_offset 8, -20
  58              		.cfi_offset 9, -16
  59              		.cfi_offset 10, -12
  60              		.cfi_offset 11, -8
  61              		.cfi_offset 14, -4
  11:../source/ADC.c **** 	SIM->SCGC3 |= SIM_SCGC3_ADC1_MASK;
  62              		.loc 1 11 13 view .LVU8
  63 0010 D163     		str	r1, [r2, #60]
  12:../source/ADC.c **** 
  64              		.loc 1 12 2 is_stmt 1 view .LVU9
  12:../source/ADC.c **** 
  65              		.loc 1 12 5 is_stmt 0 view .LVU10
  66 0012 116B     		ldr	r1, [r2, #48]
  12:../source/ADC.c **** 
  67              		.loc 1 12 13 view .LVU11
  68 0014 41F00061 		orr	r1, r1, #134217728
  69 0018 1163     		str	r1, [r2, #48]
  14:../source/ADC.c **** 	NVIC_EnableIRQ(ADC1_IRQn);
  70              		.loc 1 14 2 is_stmt 1 view .LVU12
  71              	.LVL0:
  72              	.LBB25:
  73              	.LBI20:
1626:/home/jacoby/Documents/MCUXpresso_11.10.0_3148/DSP_workspace/DSP3/CMSIS/core_cm4.h **** {
  74              		.loc 2 1626 22 view .LVU13
  75              	.LBB22:
  76              		.loc 2 1628 3 view .LVU14
  77              	.LBE22:
  78              	.LBE25:
  18:../source/ADC.c **** 	ADC1->CFG1 = ADC_CFG1_ADIV(0x00);
  79              		.loc 1 18 13 is_stmt 0 view .LVU15
  80 001a 7349     		ldr	r1, .L16+12
  17:../source/ADC.c **** 	ADC1->CFG1 = ADC_CFG1_ADIV(0x00);
  81              		.loc 1 17 13 view .LVU16
  82 001c 0022     		movs	r2, #0
  83              	.LBB26:
  84              	.LBB23:
  85              		.loc 2 1628 50 view .LVU17
  86 001e 8025     		movs	r5, #128
  87              	.LBE23:
  88              	.LBE26:
  89              	.LBB27:
  90              	.LBB28:
  91 0020 4FF40074 		mov	r4, #512
  92              	.LBE28:
  93              	.LBE27:
  94              	.LBB30:
  95              	.LBB24:
  96 0024 4560     		str	r5, [r0, #4]
  97              	.LVL1:
  98              		.loc 2 1628 50 view .LVU18
  99              	.LBE24:
 100              	.LBE30:
  15:../source/ADC.c **** 
 101              		.loc 1 15 2 is_stmt 1 view .LVU19
 102              	.LBB31:
 103              	.LBI27:
1626:/home/jacoby/Documents/MCUXpresso_11.10.0_3148/DSP_workspace/DSP3/CMSIS/core_cm4.h **** {
 104              		.loc 2 1626 22 view .LVU20
 105              	.LBB29:
 106              		.loc 2 1628 3 view .LVU21
 107              		.loc 2 1628 50 is_stmt 0 view .LVU22
 108 0026 8460     		str	r4, [r0, #8]
 109              	.LVL2:
 110              		.loc 2 1628 50 view .LVU23
 111              	.LBE29:
 112              	.LBE31:
  17:../source/ADC.c **** 	ADC1->CFG1 = ADC_CFG1_ADIV(0x00);
 113              		.loc 1 17 2 is_stmt 1 view .LVU24
  17:../source/ADC.c **** 	ADC1->CFG1 = ADC_CFG1_ADIV(0x00);
 114              		.loc 1 17 13 is_stmt 0 view .LVU25
 115 0028 9A60     		str	r2, [r3, #8]
 116              		.loc 1 18 2 is_stmt 1 view .LVU26
 117              		.loc 1 18 13 is_stmt 0 view .LVU27
 118 002a 8A60     		str	r2, [r1, #8]
  19:../source/ADC.c **** 
  20:../source/ADC.c **** 	ADC_SetResolution(ADC0, ADC_b12);
 119              		.loc 1 20 2 is_stmt 1 view .LVU28
 120              	.LVL3:
 121              	.LBB32:
 122              	.LBI32:
  21:../source/ADC.c **** 	ADC_SetCycles(ADC0, ADC_c4);
  22:../source/ADC.c **** 	ADC_Calibrate(ADC0);
  23:../source/ADC.c **** 
  24:../source/ADC.c **** 
  25:../source/ADC.c **** }
  26:../source/ADC.c **** 
  27:../source/ADC.c **** 
  28:../source/ADC.c **** void ADC_SetResolution (ADC_t adc, ADCBits_t bits)
 123              		.loc 1 28 6 view .LVU29
 124              	.LBB33:
  29:../source/ADC.c **** {
  30:../source/ADC.c **** 	adc->CFG1 = (adc->CFG1 & ~ADC_CFG1_MODE_MASK) | ADC_CFG1_MODE(bits);
 125              		.loc 1 30 2 view .LVU30
 126              		.loc 1 30 18 is_stmt 0 view .LVU31
 127 002c 9A68     		ldr	r2, [r3, #8]
 128              		.loc 1 30 25 view .LVU32
 129 002e 22F00C02 		bic	r2, r2, #12
 130              		.loc 1 30 48 view .LVU33
 131 0032 42F00402 		orr	r2, r2, #4
 132              		.loc 1 30 12 view .LVU34
 133 0036 9A60     		str	r2, [r3, #8]
 134              	.LVL4:
 135              		.loc 1 30 12 view .LVU35
 136              	.LBE33:
 137              	.LBE32:
  21:../source/ADC.c **** 	ADC_SetCycles(ADC0, ADC_c4);
 138              		.loc 1 21 2 is_stmt 1 view .LVU36
 139              	.LBB34:
 140              	.LBI34:
  31:../source/ADC.c **** }
  32:../source/ADC.c **** 
  33:../source/ADC.c **** void ADC_SetCycles (ADC_t adc, ADCCycles_t cycles)
 141              		.loc 1 33 6 view .LVU37
 142              	.LBB35:
  34:../source/ADC.c **** {
  35:../source/ADC.c **** 	if (cycles & ~ADC_CFG2_ADLSTS_MASK)
 143              		.loc 1 35 2 view .LVU38
  36:../source/ADC.c **** 	{
  37:../source/ADC.c **** 		adc->CFG1 &= ~ADC_CFG1_ADLSMP_MASK;
 144              		.loc 1 37 3 view .LVU39
 145              		.loc 1 37 6 is_stmt 0 view .LVU40
 146 0038 9A68     		ldr	r2, [r3, #8]
 147              	.LBE35:
 148              	.LBE34:
 149              	.LBB37:
 150              	.LBB38:
  38:../source/ADC.c **** 	}
  39:../source/ADC.c **** 	else
  40:../source/ADC.c **** 	{
  41:../source/ADC.c **** 		adc->CFG1 |= ADC_CFG1_ADLSMP_MASK;
  42:../source/ADC.c **** 		adc->CFG2 = (adc->CFG2 & ~ADC_CFG2_ADLSTS_MASK) | ADC_CFG2_ADLSTS(cycles);
  43:../source/ADC.c **** 	}
  44:../source/ADC.c **** }
  45:../source/ADC.c **** 
  46:../source/ADC.c **** 
  47:../source/ADC.c **** 
  48:../source/ADC.c **** void ADC_SetInterruptMode (ADC_t adc, bool mode)
  49:../source/ADC.c **** {
  50:../source/ADC.c **** 	if (adc == ADC0)
  51:../source/ADC.c **** 		ADC_interrupt[0] = mode;
  52:../source/ADC.c **** 	else if (adc == ADC1)
  53:../source/ADC.c **** 		ADC_interrupt[1] = mode;
  54:../source/ADC.c **** }
  55:../source/ADC.c **** 
  56:../source/ADC.c **** bool ADC_IsInterruptPending (ADC_t adc)
  57:../source/ADC.c **** {
  58:../source/ADC.c **** 	return adc->SC1[0] & ADC_SC1_COCO_MASK;
  59:../source/ADC.c **** }
  60:../source/ADC.c **** 
  61:../source/ADC.c **** void ADC_ClearInterruptFlag (ADC_t adc)
  62:../source/ADC.c **** {
  63:../source/ADC.c **** 	adc->SC1[0] = 0x00;
  64:../source/ADC.c **** }
  65:../source/ADC.c **** 
  66:../source/ADC.c **** 
  67:../source/ADC.c **** 
  68:../source/ADC.c **** ADCBits_t ADC_GetResolution (ADC_t adc)
  69:../source/ADC.c **** {
  70:../source/ADC.c **** 	return adc->CFG1 & ADC_CFG1_MODE_MASK;
  71:../source/ADC.c **** }
  72:../source/ADC.c **** 
  73:../source/ADC.c **** 
  74:../source/ADC.c **** 
  75:../source/ADC.c **** ADCCycles_t ADC_GetSCycles (ADC_t adc)
  76:../source/ADC.c **** {
  77:../source/ADC.c **** 	if (adc->CFG1 & ADC_CFG1_ADLSMP_MASK)
  78:../source/ADC.c **** 		return ADC_c4;
  79:../source/ADC.c **** 	else
  80:../source/ADC.c **** 		return adc->CFG2 & ADC_CFG2_ADLSTS_MASK;
  81:../source/ADC.c **** }
  82:../source/ADC.c **** 
  83:../source/ADC.c **** void ADC_SetHardwareAverage (ADC_t adc, ADCTaps_t taps)
  84:../source/ADC.c **** {
  85:../source/ADC.c **** 	if (taps & ~ADC_SC3_AVGS_MASK)
  86:../source/ADC.c **** 	{
  87:../source/ADC.c **** 		adc->SC3 &= ~ADC_SC3_AVGE_MASK;
  88:../source/ADC.c **** 	}
  89:../source/ADC.c **** 	else
  90:../source/ADC.c **** 	{
  91:../source/ADC.c **** 		adc->SC3 |= ADC_SC3_AVGE_MASK;
  92:../source/ADC.c **** 		adc->SC3 = (adc->SC3 & ~ADC_SC3_AVGS_MASK) | ADC_SC3_AVGS(taps);
  93:../source/ADC.c **** 	}
  94:../source/ADC.c **** }
  95:../source/ADC.c **** ADCTaps_t ADC_GetHardwareAverage (ADC_t adc)
  96:../source/ADC.c **** {
  97:../source/ADC.c **** 	if (adc->SC3 & ADC_SC3_AVGE_MASK)
  98:../source/ADC.c **** 		return ADC_t1;
  99:../source/ADC.c **** 	else
 100:../source/ADC.c **** 		return adc->SC3 & ADC_SC3_AVGS_MASK;
 101:../source/ADC.c **** }
 102:../source/ADC.c **** 
 103:../source/ADC.c **** bool ADC_Calibrate (ADC_t adc)
 104:../source/ADC.c **** {
 105:../source/ADC.c **** 	int32_t  Offset		= 0;
 106:../source/ADC.c **** 	uint32_t Minus	[7] = {0,0,0,0,0,0,0};
 107:../source/ADC.c **** 	uint32_t Plus	[7] = {0,0,0,0,0,0,0};
 108:../source/ADC.c **** 	uint8_t  i;
 109:../source/ADC.c **** 	uint32_t scr3;
 110:../source/ADC.c **** 
 111:../source/ADC.c **** 	/// SETUP
 112:../source/ADC.c **** 	adc->SC1[0] = 0x1F;
 151              		.loc 1 112 14 view .LVU41
 152 003a 1F21     		movs	r1, #31
 153              	.LBE38:
 154              	.LBE37:
 155              	.LBB42:
 156              	.LBB36:
  37:../source/ADC.c **** 	}
 157              		.loc 1 37 13 view .LVU42
 158 003c 22F01002 		bic	r2, r2, #16
 159 0040 9A60     		str	r2, [r3, #8]
 160              	.LVL5:
  37:../source/ADC.c **** 	}
 161              		.loc 1 37 13 view .LVU43
 162              	.LBE36:
 163              	.LBE42:
  22:../source/ADC.c **** 
 164              		.loc 1 22 2 is_stmt 1 view .LVU44
 165              	.LBB43:
 166              	.LBI37:
 103:../source/ADC.c **** {
 167              		.loc 1 103 6 view .LVU45
 168              	.LBB39:
 105:../source/ADC.c **** 	uint32_t Minus	[7] = {0,0,0,0,0,0,0};
 169              		.loc 1 105 2 view .LVU46
 106:../source/ADC.c **** 	uint32_t Plus	[7] = {0,0,0,0,0,0,0};
 170              		.loc 1 106 2 view .LVU47
 107:../source/ADC.c **** 	uint8_t  i;
 171              		.loc 1 107 2 view .LVU48
 108:../source/ADC.c **** 	uint32_t scr3;
 172              		.loc 1 108 2 view .LVU49
 109:../source/ADC.c **** 
 173              		.loc 1 109 2 view .LVU50
 174              		.loc 1 112 2 view .LVU51
 175              	.LBE39:
 176              	.LBE43:
  10:../source/ADC.c **** 	SIM->SCGC6 |= SIM_SCGC6_ADC0_MASK;
 177              		.loc 1 10 1 is_stmt 0 view .LVU52
 178 0042 87B0     		sub	sp, sp, #28
 179              		.cfi_def_cfa_offset 64
 180              	.LBB44:
 181              	.LBB40:
 182              		.loc 1 112 14 view .LVU53
 183 0044 1960     		str	r1, [r3]
 113:../source/ADC.c **** 	scr3 = adc->SC3;
 184              		.loc 1 113 2 is_stmt 1 view .LVU54
 185              		.loc 1 113 7 is_stmt 0 view .LVU55
 186 0046 5A6A     		ldr	r2, [r3, #36]
 187 0048 0592     		str	r2, [sp, #20]
 188              	.LVL6:
 114:../source/ADC.c **** 	adc->SC3 &= (ADC_SC3_AVGS(0x03) | ADC_SC3_AVGE_MASK);
 189              		.loc 1 114 2 is_stmt 1 view .LVU56
 190              		.loc 1 114 5 is_stmt 0 view .LVU57
 191 004a 5A6A     		ldr	r2, [r3, #36]
 192              	.LVL7:
 193              		.loc 1 114 11 view .LVU58
 194 004c 02F00702 		and	r2, r2, #7
 195 0050 5A62     		str	r2, [r3, #36]
 115:../source/ADC.c **** 
 116:../source/ADC.c **** 	/// INITIAL CALIBRATION
 117:../source/ADC.c **** 	adc->SC3 &= ~ADC_SC3_CAL_MASK;
 196              		.loc 1 117 2 is_stmt 1 view .LVU59
 197              		.loc 1 117 5 is_stmt 0 view .LVU60
 198 0052 5A6A     		ldr	r2, [r3, #36]
 199              		.loc 1 117 11 view .LVU61
 200 0054 22F08002 		bic	r2, r2, #128
 201 0058 5A62     		str	r2, [r3, #36]
 118:../source/ADC.c **** 	adc->SC3 |=  ADC_SC3_CAL_MASK;
 202              		.loc 1 118 2 is_stmt 1 view .LVU62
 203              		.loc 1 118 5 is_stmt 0 view .LVU63
 204 005a 5A6A     		ldr	r2, [r3, #36]
 205              		.loc 1 118 11 view .LVU64
 206 005c 2A43     		orrs	r2, r2, r5
 207 005e 5A62     		str	r2, [r3, #36]
 119:../source/ADC.c **** 	while (!(adc->SC1[0] & ADC_SC1_COCO_MASK));
 208              		.loc 1 119 2 is_stmt 1 view .LVU65
 209              	.L2:
 210              		.loc 1 119 9 discriminator 1 view .LVU66
 211              		.loc 1 119 19 is_stmt 0 discriminator 1 view .LVU67
 212 0060 1A68     		ldr	r2, [r3]
 213              		.loc 1 119 9 discriminator 1 view .LVU68
 214 0062 1106     		lsls	r1, r2, #24
 215 0064 FCD5     		bpl	.L2
 120:../source/ADC.c **** 	if (adc->SC3 & ADC_SC3_CALF_MASK)
 216              		.loc 1 120 2 is_stmt 1 view .LVU69
 217              		.loc 1 120 9 is_stmt 0 view .LVU70
 218 0066 586A     		ldr	r0, [r3, #36]
 219              		.loc 1 120 5 view .LVU71
 220 0068 10F04000 		ands	r0, r0, #64
 221 006c 40F0AE80 		bne	.L14
 121:../source/ADC.c **** 	{
 122:../source/ADC.c **** 		adc->SC3 |= ADC_SC3_CALF_MASK;
 123:../source/ADC.c **** 		return false;
 124:../source/ADC.c **** 	}
 125:../source/ADC.c **** 	adc->PG  = (0x8000 | ((adc->CLP0+adc->CLP1+adc->CLP2+adc->CLP3+adc->CLP4+adc->CLPS) >> (1 + TWO_PO
 222              		.loc 1 125 2 is_stmt 1 view .LVU72
 223              		.loc 1 125 28 is_stmt 0 view .LVU73
 224 0070 DA6C     		ldr	r2, [r3, #76]
 225              		.loc 1 125 38 view .LVU74
 226 0072 996C     		ldr	r1, [r3, #72]
 227              		.loc 1 125 34 view .LVU75
 228 0074 0A44     		add	r2, r2, r1
 229              		.loc 1 125 48 view .LVU76
 230 0076 596C     		ldr	r1, [r3, #68]
 231              		.loc 1 125 44 view .LVU77
 232 0078 0A44     		add	r2, r2, r1
 233              		.loc 1 125 58 view .LVU78
 234 007a 196C     		ldr	r1, [r3, #64]
 235              		.loc 1 125 54 view .LVU79
 236 007c 0A44     		add	r2, r2, r1
 237              		.loc 1 125 68 view .LVU80
 238 007e D96B     		ldr	r1, [r3, #60]
 239              		.loc 1 125 64 view .LVU81
 240 0080 0A44     		add	r2, r2, r1
 241              		.loc 1 125 78 view .LVU82
 242 0082 996B     		ldr	r1, [r3, #56]
 243              		.loc 1 125 74 view .LVU83
 244 0084 0A44     		add	r2, r2, r1
 245              		.loc 1 125 86 view .LVU84
 246 0086 520C     		lsrs	r2, r2, #17
 247              		.loc 1 125 21 view .LVU85
 248 0088 42F40042 		orr	r2, r2, #32768
 249              		.loc 1 125 11 view .LVU86
 250 008c DA62     		str	r2, [r3, #44]
 126:../source/ADC.c **** 	adc->MG  = (0x8000 | ((adc->CLM0+adc->CLM1+adc->CLM2+adc->CLM3+adc->CLM4+adc->CLMS) >> (1 + TWO_PO
 251              		.loc 1 126 2 is_stmt 1 view .LVU87
 252              		.loc 1 126 28 is_stmt 0 view .LVU88
 253 008e DA6E     		ldr	r2, [r3, #108]
 254              		.loc 1 126 38 view .LVU89
 255 0090 996E     		ldr	r1, [r3, #104]
 256              		.loc 1 126 34 view .LVU90
 257 0092 0A44     		add	r2, r2, r1
 258              		.loc 1 126 48 view .LVU91
 259 0094 596E     		ldr	r1, [r3, #100]
 260              		.loc 1 126 44 view .LVU92
 261 0096 0A44     		add	r2, r2, r1
 262              		.loc 1 126 58 view .LVU93
 263 0098 196E     		ldr	r1, [r3, #96]
 264              		.loc 1 126 54 view .LVU94
 265 009a 0A44     		add	r2, r2, r1
 266              		.loc 1 126 68 view .LVU95
 267 009c D96D     		ldr	r1, [r3, #92]
 268              		.loc 1 126 64 view .LVU96
 269 009e 0A44     		add	r2, r2, r1
 270              		.loc 1 126 78 view .LVU97
 271 00a0 996D     		ldr	r1, [r3, #88]
 272              		.loc 1 126 74 view .LVU98
 273 00a2 0A44     		add	r2, r2, r1
 274              		.loc 1 126 86 view .LVU99
 275 00a4 520C     		lsrs	r2, r2, #17
 276              		.loc 1 126 21 view .LVU100
 277 00a6 42F40042 		orr	r2, r2, #32768
 278              		.loc 1 126 11 view .LVU101
 279 00aa 1A63     		str	r2, [r3, #48]
 127:../source/ADC.c **** 
 128:../source/ADC.c **** 	// FURTHER CALIBRATIONS
 129:../source/ADC.c **** 	for (i = 0; i < TWO_POW_NUM_OF_CAL; i++)
 280              		.loc 1 129 2 is_stmt 1 view .LVU102
 281              	.LVL8:
 282              		.loc 1 129 16 discriminator 1 view .LVU103
 130:../source/ADC.c **** 	{
 131:../source/ADC.c **** 		adc->SC3 &= ~ADC_SC3_CAL_MASK;
 283              		.loc 1 131 6 is_stmt 0 view .LVU104
 284 00ac 4C4B     		ldr	r3, .L16+4
 106:../source/ADC.c **** 	uint32_t Plus	[7] = {0,0,0,0,0,0,0};
 285              		.loc 1 106 11 view .LVU105
 286 00ae 0390     		str	r0, [sp, #12]
 287 00b0 8246     		mov	r10, r0
 288 00b2 8446     		mov	ip, r0
 289 00b4 8646     		mov	lr, r0
 290 00b6 0446     		mov	r4, r0
 291 00b8 8346     		mov	fp, r0
 292 00ba 0090     		str	r0, [sp]
 107:../source/ADC.c **** 	uint8_t  i;
 293              		.loc 1 107 11 view .LVU106
 294 00bc 8146     		mov	r9, r0
 295 00be 0546     		mov	r5, r0
 296 00c0 0646     		mov	r6, r0
 297 00c2 8046     		mov	r8, r0
 298 00c4 0746     		mov	r7, r0
 299 00c6 0290     		str	r0, [sp, #8]
 126:../source/ADC.c **** 
 300              		.loc 1 126 11 view .LVU107
 301 00c8 1021     		movs	r1, #16
 105:../source/ADC.c **** 	uint32_t Minus	[7] = {0,0,0,0,0,0,0};
 302              		.loc 1 105 11 view .LVU108
 303 00ca 0190     		str	r0, [sp, #4]
 304              	.LVL9:
 305              	.L7:
 306              		.loc 1 131 3 is_stmt 1 view .LVU109
 307              		.loc 1 131 6 is_stmt 0 view .LVU110
 308 00cc 5A6A     		ldr	r2, [r3, #36]
 309              		.loc 1 131 12 view .LVU111
 310 00ce 22F08002 		bic	r2, r2, #128
 311 00d2 5A62     		str	r2, [r3, #36]
 132:../source/ADC.c **** 		adc->SC3 |=  ADC_SC3_CAL_MASK;
 312              		.loc 1 132 3 is_stmt 1 view .LVU112
 313              		.loc 1 132 6 is_stmt 0 view .LVU113
 314 00d4 5A6A     		ldr	r2, [r3, #36]
 315              		.loc 1 132 12 view .LVU114
 316 00d6 42F08002 		orr	r2, r2, #128
 317 00da 5A62     		str	r2, [r3, #36]
 133:../source/ADC.c **** 		while (!(adc->SC1[0] & ADC_SC1_COCO_MASK));
 318              		.loc 1 133 3 is_stmt 1 view .LVU115
 319              	.L5:
 320              		.loc 1 133 10 discriminator 1 view .LVU116
 321              		.loc 1 133 20 is_stmt 0 discriminator 1 view .LVU117
 322 00dc 1A68     		ldr	r2, [r3]
 323              		.loc 1 133 10 discriminator 1 view .LVU118
 324 00de 1206     		lsls	r2, r2, #24
 325 00e0 FCD5     		bpl	.L5
 134:../source/ADC.c **** 		if (adc->SC3 & ADC_SC3_CALF_MASK)
 326              		.loc 1 134 3 is_stmt 1 view .LVU119
 327              		.loc 1 134 10 is_stmt 0 view .LVU120
 328 00e2 5A6A     		ldr	r2, [r3, #36]
 329              		.loc 1 134 6 view .LVU121
 330 00e4 5206     		lsls	r2, r2, #25
 331 00e6 71D4     		bmi	.L14
 135:../source/ADC.c **** 		{
 136:../source/ADC.c **** 			adc->SC3 |= ADC_SC3_CALF_MASK;
 137:../source/ADC.c **** 			return 1;
 138:../source/ADC.c **** 		}
 139:../source/ADC.c **** 		Offset += (short)adc->OFS;
 332              		.loc 1 139 3 is_stmt 1 view .LVU122
 129:../source/ADC.c **** 	{
 333              		.loc 1 129 16 is_stmt 0 discriminator 1 view .LVU123
 334 00e8 4A1E     		subs	r2, r1, #1
 335 00ea 0492     		str	r2, [sp, #16]
 336              		.loc 1 139 10 view .LVU124
 337 00ec 0199     		ldr	r1, [sp, #4]
 338              		.loc 1 139 23 view .LVU125
 339 00ee 9A6A     		ldr	r2, [r3, #40]
 340              		.loc 1 139 10 view .LVU126
 341 00f0 01FA82F2 		sxtah	r2, r1, r2
 342 00f4 0192     		str	r2, [sp, #4]
 343              	.LVL10:
 140:../source/ADC.c **** 		Plus[0] += (unsigned long)adc->CLP0;
 344              		.loc 1 140 3 is_stmt 1 view .LVU127
 345              		.loc 1 140 32 is_stmt 0 view .LVU128
 346 00f6 DA6C     		ldr	r2, [r3, #76]
 347              	.LVL11:
 141:../source/ADC.c **** 		Plus[1] += (unsigned long)adc->CLP1;
 348              		.loc 1 141 11 view .LVU129
 349 00f8 0299     		ldr	r1, [sp, #8]
 140:../source/ADC.c **** 		Plus[0] += (unsigned long)adc->CLP0;
 350              		.loc 1 140 11 view .LVU130
 351 00fa 1044     		add	r0, r0, r2
 352              	.LVL12:
 353              		.loc 1 141 3 is_stmt 1 view .LVU131
 354              		.loc 1 141 32 is_stmt 0 view .LVU132
 355 00fc 9A6C     		ldr	r2, [r3, #72]
 356              		.loc 1 141 11 view .LVU133
 357 00fe 1144     		add	r1, r1, r2
 142:../source/ADC.c **** 		Plus[2] += (unsigned long)adc->CLP2;
 358              		.loc 1 142 32 view .LVU134
 359 0100 5A6C     		ldr	r2, [r3, #68]
 141:../source/ADC.c **** 		Plus[1] += (unsigned long)adc->CLP1;
 360              		.loc 1 141 11 view .LVU135
 361 0102 0291     		str	r1, [sp, #8]
 362              	.LVL13:
 363              		.loc 1 142 3 is_stmt 1 view .LVU136
 364              		.loc 1 142 11 is_stmt 0 view .LVU137
 365 0104 1744     		add	r7, r7, r2
 366              	.LVL14:
 143:../source/ADC.c **** 		Plus[3] += (unsigned long)adc->CLP3;
 367              		.loc 1 143 3 is_stmt 1 view .LVU138
 368              		.loc 1 143 32 is_stmt 0 view .LVU139
 369 0106 1A6C     		ldr	r2, [r3, #64]
 144:../source/ADC.c **** 		Plus[4] += (unsigned long)adc->CLP4;
 145:../source/ADC.c **** 		Plus[5] += (unsigned long)adc->CLPS;
 146:../source/ADC.c **** 		Plus[6] += (unsigned long)adc->CLPD;
 147:../source/ADC.c **** 		Minus[0] += (unsigned long)adc->CLM0;
 370              		.loc 1 147 12 view .LVU140
 371 0108 0099     		ldr	r1, [sp]
 372              	.LVL15:
 143:../source/ADC.c **** 		Plus[3] += (unsigned long)adc->CLP3;
 373              		.loc 1 143 11 view .LVU141
 374 010a 9044     		add	r8, r8, r2
 375              	.LVL16:
 144:../source/ADC.c **** 		Plus[4] += (unsigned long)adc->CLP4;
 376              		.loc 1 144 3 is_stmt 1 view .LVU142
 144:../source/ADC.c **** 		Plus[4] += (unsigned long)adc->CLP4;
 377              		.loc 1 144 32 is_stmt 0 view .LVU143
 378 010c DA6B     		ldr	r2, [r3, #60]
 144:../source/ADC.c **** 		Plus[4] += (unsigned long)adc->CLP4;
 379              		.loc 1 144 11 view .LVU144
 380 010e 1644     		add	r6, r6, r2
 381              	.LVL17:
 145:../source/ADC.c **** 		Plus[6] += (unsigned long)adc->CLPD;
 382              		.loc 1 145 3 is_stmt 1 view .LVU145
 145:../source/ADC.c **** 		Plus[6] += (unsigned long)adc->CLPD;
 383              		.loc 1 145 32 is_stmt 0 view .LVU146
 384 0110 9A6B     		ldr	r2, [r3, #56]
 145:../source/ADC.c **** 		Plus[6] += (unsigned long)adc->CLPD;
 385              		.loc 1 145 11 view .LVU147
 386 0112 1544     		add	r5, r5, r2
 387              	.LVL18:
 146:../source/ADC.c **** 		Minus[0] += (unsigned long)adc->CLM0;
 388              		.loc 1 146 3 is_stmt 1 view .LVU148
 146:../source/ADC.c **** 		Minus[0] += (unsigned long)adc->CLM0;
 389              		.loc 1 146 32 is_stmt 0 view .LVU149
 390 0114 5A6B     		ldr	r2, [r3, #52]
 146:../source/ADC.c **** 		Minus[0] += (unsigned long)adc->CLM0;
 391              		.loc 1 146 11 view .LVU150
 392 0116 9144     		add	r9, r9, r2
 393              	.LVL19:
 394              		.loc 1 147 3 is_stmt 1 view .LVU151
 395              		.loc 1 147 33 is_stmt 0 view .LVU152
 396 0118 DA6E     		ldr	r2, [r3, #108]
 397              		.loc 1 147 12 view .LVU153
 398 011a 1144     		add	r1, r1, r2
 399 011c 0091     		str	r1, [sp]
 400              	.LVL20:
 148:../source/ADC.c **** 		Minus[1] += (unsigned long)adc->CLM1;
 401              		.loc 1 148 3 is_stmt 1 view .LVU154
 402              		.loc 1 148 33 is_stmt 0 view .LVU155
 403 011e 9A6E     		ldr	r2, [r3, #104]
 404              		.loc 1 148 12 view .LVU156
 405 0120 0399     		ldr	r1, [sp, #12]
 406              	.LVL21:
 407              		.loc 1 148 12 view .LVU157
 408 0122 1144     		add	r1, r1, r2
 149:../source/ADC.c **** 		Minus[2] += (unsigned long)adc->CLM2;
 409              		.loc 1 149 33 view .LVU158
 410 0124 5A6E     		ldr	r2, [r3, #100]
 148:../source/ADC.c **** 		Minus[1] += (unsigned long)adc->CLM1;
 411              		.loc 1 148 12 view .LVU159
 412 0126 0391     		str	r1, [sp, #12]
 413              	.LVL22:
 414              		.loc 1 149 3 is_stmt 1 view .LVU160
 415              		.loc 1 149 12 is_stmt 0 view .LVU161
 416 0128 9344     		add	fp, fp, r2
 417              	.LVL23:
 150:../source/ADC.c **** 		Minus[3] += (unsigned long)adc->CLM3;
 418              		.loc 1 150 3 is_stmt 1 view .LVU162
 419              		.loc 1 150 33 is_stmt 0 view .LVU163
 420 012a 1A6E     		ldr	r2, [r3, #96]
 421              		.loc 1 150 12 view .LVU164
 422 012c 1444     		add	r4, r4, r2
 423              	.LVL24:
 151:../source/ADC.c **** 		Minus[4] += (unsigned long)adc->CLM4;
 424              		.loc 1 151 3 is_stmt 1 view .LVU165
 425              		.loc 1 151 33 is_stmt 0 view .LVU166
 426 012e DA6D     		ldr	r2, [r3, #92]
 427              		.loc 1 151 12 view .LVU167
 428 0130 9644     		add	lr, lr, r2
 429              	.LVL25:
 152:../source/ADC.c **** 		Minus[5] += (unsigned long)adc->CLMS;
 430              		.loc 1 152 3 is_stmt 1 view .LVU168
 431              		.loc 1 152 33 is_stmt 0 view .LVU169
 432 0132 9A6D     		ldr	r2, [r3, #88]
 433              		.loc 1 152 12 view .LVU170
 434 0134 9444     		add	ip, ip, r2
 435              	.LVL26:
 153:../source/ADC.c **** 		Minus[6] += (unsigned long)adc->CLMD;
 436              		.loc 1 153 3 is_stmt 1 view .LVU171
 437              		.loc 1 153 33 is_stmt 0 view .LVU172
 438 0136 5A6D     		ldr	r2, [r3, #84]
 439              		.loc 1 153 12 view .LVU173
 440 0138 9244     		add	r10, r10, r2
 441              	.LVL27:
 129:../source/ADC.c **** 	{
 442              		.loc 1 129 39 is_stmt 1 discriminator 2 view .LVU174
 129:../source/ADC.c **** 	{
 443              		.loc 1 129 16 discriminator 1 view .LVU175
 444 013a 049A     		ldr	r2, [sp, #16]
 445 013c 12F0FF01 		ands	r1, r2, #255
 446              	.LVL28:
 129:../source/ADC.c **** 	{
 447              		.loc 1 129 16 is_stmt 0 discriminator 1 view .LVU176
 448 0140 C4D1     		bne	.L7
 154:../source/ADC.c **** 	}
 155:../source/ADC.c **** 	adc->OFS = (Offset >> TWO_POW_NUM_OF_CAL);
 449              		.loc 1 155 2 is_stmt 1 view .LVU177
 450              		.loc 1 155 21 is_stmt 0 view .LVU178
 451 0142 019A     		ldr	r2, [sp, #4]
 156:../source/ADC.c **** 	adc->PG  = (0x8000 | ((Plus[0] +Plus[1] +Plus[2] +Plus[3] +Plus[4] +Plus[5] ) >> (1 + TWO_POW_NUM_
 452              		.loc 1 156 33 view .LVU179
 453 0144 0299     		ldr	r1, [sp, #8]
 155:../source/ADC.c **** 	adc->PG  = (0x8000 | ((Plus[0] +Plus[1] +Plus[2] +Plus[3] +Plus[4] +Plus[5] ) >> (1 + TWO_POW_NUM_
 454              		.loc 1 155 21 view .LVU180
 455 0146 1214     		asrs	r2, r2, #16
 155:../source/ADC.c **** 	adc->PG  = (0x8000 | ((Plus[0] +Plus[1] +Plus[2] +Plus[3] +Plus[4] +Plus[5] ) >> (1 + TWO_POW_NUM_
 456              		.loc 1 155 11 view .LVU181
 457 0148 9A62     		str	r2, [r3, #40]
 458              		.loc 1 156 2 is_stmt 1 view .LVU182
 459              		.loc 1 156 33 is_stmt 0 view .LVU183
 460 014a 4218     		adds	r2, r0, r1
 461              		.loc 1 156 42 view .LVU184
 462 014c 3A44     		add	r2, r2, r7
 463              		.loc 1 156 51 view .LVU185
 464 014e 4244     		add	r2, r2, r8
 465              		.loc 1 156 60 view .LVU186
 466 0150 3244     		add	r2, r2, r6
 467              		.loc 1 156 69 view .LVU187
 468 0152 2A44     		add	r2, r2, r5
 469              		.loc 1 156 80 view .LVU188
 470 0154 520C     		lsrs	r2, r2, #17
 471              		.loc 1 156 21 view .LVU189
 472 0156 42F40042 		orr	r2, r2, #32768
 473              		.loc 1 156 11 view .LVU190
 474 015a DA62     		str	r2, [r3, #44]
 157:../source/ADC.c **** 	adc->MG  = (0x8000 | ((Minus[0]+Minus[1]+Minus[2]+Minus[3]+Minus[4]+Minus[5]) >> (1 + TWO_POW_NUM_
 475              		.loc 1 157 2 is_stmt 1 view .LVU191
 158:../source/ADC.c **** 	adc->CLP0 = (Plus[0] >> TWO_POW_NUM_OF_CAL);
 159:../source/ADC.c **** 	adc->CLP1 = (Plus[1] >> TWO_POW_NUM_OF_CAL);
 476              		.loc 1 159 23 is_stmt 0 view .LVU192
 477 015c 0A0C     		lsrs	r2, r1, #16
 478 015e 0192     		str	r2, [sp, #4]
 479              	.LVL29:
 157:../source/ADC.c **** 	adc->MG  = (0x8000 | ((Minus[0]+Minus[1]+Minus[2]+Minus[3]+Minus[4]+Minus[5]) >> (1 + TWO_POW_NUM_
 480              		.loc 1 157 33 view .LVU193
 481 0160 0399     		ldr	r1, [sp, #12]
 482 0162 009A     		ldr	r2, [sp]
 483 0164 0A44     		add	r2, r2, r1
 157:../source/ADC.c **** 	adc->MG  = (0x8000 | ((Minus[0]+Minus[1]+Minus[2]+Minus[3]+Minus[4]+Minus[5]) >> (1 + TWO_POW_NUM_
 484              		.loc 1 157 42 view .LVU194
 485 0166 5A44     		add	r2, r2, fp
 157:../source/ADC.c **** 	adc->MG  = (0x8000 | ((Minus[0]+Minus[1]+Minus[2]+Minus[3]+Minus[4]+Minus[5]) >> (1 + TWO_POW_NUM_
 486              		.loc 1 157 51 view .LVU195
 487 0168 2244     		add	r2, r2, r4
 157:../source/ADC.c **** 	adc->MG  = (0x8000 | ((Minus[0]+Minus[1]+Minus[2]+Minus[3]+Minus[4]+Minus[5]) >> (1 + TWO_POW_NUM_
 488              		.loc 1 157 60 view .LVU196
 489 016a 7244     		add	r2, r2, lr
 157:../source/ADC.c **** 	adc->MG  = (0x8000 | ((Minus[0]+Minus[1]+Minus[2]+Minus[3]+Minus[4]+Minus[5]) >> (1 + TWO_POW_NUM_
 490              		.loc 1 157 69 view .LVU197
 491 016c 6244     		add	r2, r2, ip
 157:../source/ADC.c **** 	adc->MG  = (0x8000 | ((Minus[0]+Minus[1]+Minus[2]+Minus[3]+Minus[4]+Minus[5]) >> (1 + TWO_POW_NUM_
 492              		.loc 1 157 80 view .LVU198
 493 016e 520C     		lsrs	r2, r2, #17
 157:../source/ADC.c **** 	adc->MG  = (0x8000 | ((Minus[0]+Minus[1]+Minus[2]+Minus[3]+Minus[4]+Minus[5]) >> (1 + TWO_POW_NUM_
 494              		.loc 1 157 21 view .LVU199
 495 0170 42F40042 		orr	r2, r2, #32768
 157:../source/ADC.c **** 	adc->MG  = (0x8000 | ((Minus[0]+Minus[1]+Minus[2]+Minus[3]+Minus[4]+Minus[5]) >> (1 + TWO_POW_NUM_
 496              		.loc 1 157 11 view .LVU200
 497 0174 1A63     		str	r2, [r3, #48]
 158:../source/ADC.c **** 	adc->CLP0 = (Plus[0] >> TWO_POW_NUM_OF_CAL);
 498              		.loc 1 158 2 is_stmt 1 view .LVU201
 158:../source/ADC.c **** 	adc->CLP0 = (Plus[0] >> TWO_POW_NUM_OF_CAL);
 499              		.loc 1 158 23 is_stmt 0 view .LVU202
 500 0176 000C     		lsrs	r0, r0, #16
 501              	.LVL30:
 502              		.loc 1 159 12 view .LVU203
 503 0178 019A     		ldr	r2, [sp, #4]
 158:../source/ADC.c **** 	adc->CLP0 = (Plus[0] >> TWO_POW_NUM_OF_CAL);
 504              		.loc 1 158 12 view .LVU204
 505 017a D864     		str	r0, [r3, #76]
 506              		.loc 1 159 2 is_stmt 1 view .LVU205
 507              		.loc 1 159 12 is_stmt 0 view .LVU206
 508 017c 9A64     		str	r2, [r3, #72]
 160:../source/ADC.c **** 	adc->CLP2 = (Plus[2] >> TWO_POW_NUM_OF_CAL);
 509              		.loc 1 160 2 is_stmt 1 view .LVU207
 161:../source/ADC.c **** 	adc->CLP3 = (Plus[3] >> TWO_POW_NUM_OF_CAL);
 162:../source/ADC.c **** 	adc->CLP4 = (Plus[4] >> TWO_POW_NUM_OF_CAL);
 163:../source/ADC.c **** 	adc->CLPS = (Plus[5] >> TWO_POW_NUM_OF_CAL);
 164:../source/ADC.c **** 	adc->CLPD = (Plus[6] >> TWO_POW_NUM_OF_CAL);
 165:../source/ADC.c **** 	adc->CLM0 = (Minus[0] >> TWO_POW_NUM_OF_CAL);
 510              		.loc 1 165 24 is_stmt 0 view .LVU208
 511 017e 009A     		ldr	r2, [sp]
 164:../source/ADC.c **** 	adc->CLM0 = (Minus[0] >> TWO_POW_NUM_OF_CAL);
 512              		.loc 1 164 23 view .LVU209
 513 0180 4FEA1949 		lsr	r9, r9, #16
 514              	.LVL31:
 160:../source/ADC.c **** 	adc->CLP2 = (Plus[2] >> TWO_POW_NUM_OF_CAL);
 515              		.loc 1 160 23 view .LVU210
 516 0184 3F0C     		lsrs	r7, r7, #16
 517              	.LVL32:
 161:../source/ADC.c **** 	adc->CLP3 = (Plus[3] >> TWO_POW_NUM_OF_CAL);
 518              		.loc 1 161 23 view .LVU211
 519 0186 4FEA1848 		lsr	r8, r8, #16
 520              	.LVL33:
 162:../source/ADC.c **** 	adc->CLPS = (Plus[5] >> TWO_POW_NUM_OF_CAL);
 521              		.loc 1 162 23 view .LVU212
 522 018a 360C     		lsrs	r6, r6, #16
 523              	.LVL34:
 163:../source/ADC.c **** 	adc->CLPD = (Plus[6] >> TWO_POW_NUM_OF_CAL);
 524              		.loc 1 163 23 view .LVU213
 525 018c 2D0C     		lsrs	r5, r5, #16
 526              	.LVL35:
 527              		.loc 1 165 24 view .LVU214
 528 018e 120C     		lsrs	r2, r2, #16
 160:../source/ADC.c **** 	adc->CLP3 = (Plus[3] >> TWO_POW_NUM_OF_CAL);
 529              		.loc 1 160 12 view .LVU215
 530 0190 5F64     		str	r7, [r3, #68]
 161:../source/ADC.c **** 	adc->CLP4 = (Plus[4] >> TWO_POW_NUM_OF_CAL);
 531              		.loc 1 161 2 is_stmt 1 view .LVU216
 161:../source/ADC.c **** 	adc->CLP4 = (Plus[4] >> TWO_POW_NUM_OF_CAL);
 532              		.loc 1 161 12 is_stmt 0 view .LVU217
 533 0192 C3F84080 		str	r8, [r3, #64]
 162:../source/ADC.c **** 	adc->CLPS = (Plus[5] >> TWO_POW_NUM_OF_CAL);
 534              		.loc 1 162 2 is_stmt 1 view .LVU218
 162:../source/ADC.c **** 	adc->CLPS = (Plus[5] >> TWO_POW_NUM_OF_CAL);
 535              		.loc 1 162 12 is_stmt 0 view .LVU219
 536 0196 DE63     		str	r6, [r3, #60]
 163:../source/ADC.c **** 	adc->CLPD = (Plus[6] >> TWO_POW_NUM_OF_CAL);
 537              		.loc 1 163 2 is_stmt 1 view .LVU220
 163:../source/ADC.c **** 	adc->CLPD = (Plus[6] >> TWO_POW_NUM_OF_CAL);
 538              		.loc 1 163 12 is_stmt 0 view .LVU221
 539 0198 9D63     		str	r5, [r3, #56]
 164:../source/ADC.c **** 	adc->CLM0 = (Minus[0] >> TWO_POW_NUM_OF_CAL);
 540              		.loc 1 164 2 is_stmt 1 view .LVU222
 164:../source/ADC.c **** 	adc->CLM0 = (Minus[0] >> TWO_POW_NUM_OF_CAL);
 541              		.loc 1 164 12 is_stmt 0 view .LVU223
 542 019a C3F83490 		str	r9, [r3, #52]
 543              		.loc 1 165 2 is_stmt 1 view .LVU224
 544              		.loc 1 165 12 is_stmt 0 view .LVU225
 545 019e DA66     		str	r2, [r3, #108]
 166:../source/ADC.c **** 	adc->CLM1 = (Minus[1] >> TWO_POW_NUM_OF_CAL);
 546              		.loc 1 166 2 is_stmt 1 view .LVU226
 547              		.loc 1 166 24 is_stmt 0 view .LVU227
 548 01a0 0A0C     		lsrs	r2, r1, #16
 549              		.loc 1 166 12 view .LVU228
 550 01a2 9A66     		str	r2, [r3, #104]
 167:../source/ADC.c **** 	adc->CLM2 = (Minus[2] >> TWO_POW_NUM_OF_CAL);
 551              		.loc 1 167 2 is_stmt 1 view .LVU229
 552              		.loc 1 167 24 is_stmt 0 view .LVU230
 553 01a4 4FEA1B42 		lsr	r2, fp, #16
 554              		.loc 1 167 12 view .LVU231
 555 01a8 5A66     		str	r2, [r3, #100]
 168:../source/ADC.c **** 	adc->CLM3 = (Minus[3] >> TWO_POW_NUM_OF_CAL);
 556              		.loc 1 168 2 is_stmt 1 view .LVU232
 557              		.loc 1 168 24 is_stmt 0 view .LVU233
 558 01aa 240C     		lsrs	r4, r4, #16
 559              	.LVL36:
 169:../source/ADC.c **** 	adc->CLM4 = (Minus[4] >> TWO_POW_NUM_OF_CAL);
 170:../source/ADC.c **** 	adc->CLMS = (Minus[5] >> TWO_POW_NUM_OF_CAL);
 560              		.loc 1 170 24 view .LVU234
 561 01ac 4FEA1C42 		lsr	r2, ip, #16
 169:../source/ADC.c **** 	adc->CLM4 = (Minus[4] >> TWO_POW_NUM_OF_CAL);
 562              		.loc 1 169 24 view .LVU235
 563 01b0 4FEA1E41 		lsr	r1, lr, #16
 168:../source/ADC.c **** 	adc->CLM3 = (Minus[3] >> TWO_POW_NUM_OF_CAL);
 564              		.loc 1 168 12 view .LVU236
 565 01b4 1C66     		str	r4, [r3, #96]
 169:../source/ADC.c **** 	adc->CLM4 = (Minus[4] >> TWO_POW_NUM_OF_CAL);
 566              		.loc 1 169 2 is_stmt 1 view .LVU237
 169:../source/ADC.c **** 	adc->CLM4 = (Minus[4] >> TWO_POW_NUM_OF_CAL);
 567              		.loc 1 169 12 is_stmt 0 view .LVU238
 568 01b6 D965     		str	r1, [r3, #92]
 569              		.loc 1 170 2 is_stmt 1 view .LVU239
 570              		.loc 1 170 12 is_stmt 0 view .LVU240
 571 01b8 9A65     		str	r2, [r3, #88]
 171:../source/ADC.c **** 	adc->CLMD = (Minus[6] >> TWO_POW_NUM_OF_CAL);
 572              		.loc 1 171 2 is_stmt 1 view .LVU241
 172:../source/ADC.c **** 
 173:../source/ADC.c **** 	/// UN-SETUP
 174:../source/ADC.c **** 	adc->SC3 = scr3;
 573              		.loc 1 174 11 is_stmt 0 view .LVU242
 574 01ba 059A     		ldr	r2, [sp, #20]
 171:../source/ADC.c **** 	adc->CLMD = (Minus[6] >> TWO_POW_NUM_OF_CAL);
 575              		.loc 1 171 24 view .LVU243
 576 01bc 4FEA1A4A 		lsr	r10, r10, #16
 577              	.LVL37:
 171:../source/ADC.c **** 	adc->CLMD = (Minus[6] >> TWO_POW_NUM_OF_CAL);
 578              		.loc 1 171 12 view .LVU244
 579 01c0 C3F854A0 		str	r10, [r3, #84]
 580              		.loc 1 174 2 is_stmt 1 view .LVU245
 581              		.loc 1 174 11 is_stmt 0 view .LVU246
 582 01c4 5A62     		str	r2, [r3, #36]
 175:../source/ADC.c **** 
 176:../source/ADC.c **** 	return true;
 583              		.loc 1 176 2 is_stmt 1 view .LVU247
 584              	.LVL38:
 585              		.loc 1 176 2 is_stmt 0 view .LVU248
 586              	.LBE40:
 587              	.LBE44:
  25:../source/ADC.c **** 
 588              		.loc 1 25 1 view .LVU249
 589 01c6 07B0     		add	sp, sp, #28
 590              		.cfi_remember_state
 591              		.cfi_def_cfa_offset 36
 592              		@ sp needed
 593 01c8 BDE8F08F 		pop	{r4, r5, r6, r7, r8, r9, r10, fp, pc}
 594              	.LVL39:
 595              	.L14:
 596              		.cfi_restore_state
 597              	.LBB45:
 598              	.LBB41:
 136:../source/ADC.c **** 			return 1;
 599              		.loc 1 136 4 is_stmt 1 view .LVU250
 136:../source/ADC.c **** 			return 1;
 600              		.loc 1 136 7 is_stmt 0 view .LVU251
 601 01cc 5A6A     		ldr	r2, [r3, #36]
 136:../source/ADC.c **** 			return 1;
 602              		.loc 1 136 13 view .LVU252
 603 01ce 42F04002 		orr	r2, r2, #64
 604 01d2 5A62     		str	r2, [r3, #36]
 137:../source/ADC.c **** 		}
 605              		.loc 1 137 4 is_stmt 1 view .LVU253
 606              	.LBE41:
 607              	.LBE45:
  25:../source/ADC.c **** 
 608              		.loc 1 25 1 is_stmt 0 view .LVU254
 609 01d4 07B0     		add	sp, sp, #28
 610              		.cfi_def_cfa_offset 36
 611              		@ sp needed
 612 01d6 BDE8F08F 		pop	{r4, r5, r6, r7, r8, r9, r10, fp, pc}
 613              	.LVL40:
 614              	.L17:
  25:../source/ADC.c **** 
 615              		.loc 1 25 1 view .LVU255
 616 01da 00BF     		.align	2
 617              	.L16:
 618 01dc 00800440 		.word	1074036736
 619 01e0 00B00340 		.word	1073983488
 620 01e4 00E100E0 		.word	-536813312
 621 01e8 00B00B40 		.word	1074507776
 622              		.cfi_endproc
 623              	.LFE123:
 625              		.section	.text.ADC_SetResolution,"ax",%progbits
 626              		.align	1
 627              		.p2align 2,,3
 628              		.global	ADC_SetResolution
 629              		.syntax unified
 630              		.thumb
 631              		.thumb_func
 633              	ADC_SetResolution:
 634              	.LVL41:
 635              	.LFB124:
  29:../source/ADC.c **** 	adc->CFG1 = (adc->CFG1 & ~ADC_CFG1_MODE_MASK) | ADC_CFG1_MODE(bits);
 636              		.loc 1 29 1 is_stmt 1 view -0
 637              		.cfi_startproc
 638              		@ args = 0, pretend = 0, frame = 0
 639              		@ frame_needed = 0, uses_anonymous_args = 0
 640              		@ link register save eliminated.
  30:../source/ADC.c **** }
 641              		.loc 1 30 2 view .LVU257
  30:../source/ADC.c **** }
 642              		.loc 1 30 18 is_stmt 0 view .LVU258
 643 0000 8368     		ldr	r3, [r0, #8]
  30:../source/ADC.c **** }
 644              		.loc 1 30 48 view .LVU259
 645 0002 61F38303 		bfi	r3, r1, #2, #2
  30:../source/ADC.c **** }
 646              		.loc 1 30 12 view .LVU260
 647 0006 8360     		str	r3, [r0, #8]
  31:../source/ADC.c **** 
 648              		.loc 1 31 1 view .LVU261
 649 0008 7047     		bx	lr
 650              		.cfi_endproc
 651              	.LFE124:
 653 000a 00BF     		.section	.text.ADC_SetCycles,"ax",%progbits
 654              		.align	1
 655              		.p2align 2,,3
 656              		.global	ADC_SetCycles
 657              		.syntax unified
 658              		.thumb
 659              		.thumb_func
 661              	ADC_SetCycles:
 662              	.LVL42:
 663              	.LFB125:
  34:../source/ADC.c **** 	if (cycles & ~ADC_CFG2_ADLSTS_MASK)
 664              		.loc 1 34 1 is_stmt 1 view -0
 665              		.cfi_startproc
 666              		@ args = 0, pretend = 0, frame = 0
 667              		@ frame_needed = 0, uses_anonymous_args = 0
 668              		@ link register save eliminated.
  35:../source/ADC.c **** 	{
 669              		.loc 1 35 2 view .LVU263
  35:../source/ADC.c **** 	{
 670              		.loc 1 35 5 is_stmt 0 view .LVU264
 671 0000 0329     		cmp	r1, #3
  37:../source/ADC.c **** 	}
 672              		.loc 1 37 6 view .LVU265
 673 0002 8368     		ldr	r3, [r0, #8]
  35:../source/ADC.c **** 	{
 674              		.loc 1 35 5 view .LVU266
 675 0004 03D9     		bls	.L20
  37:../source/ADC.c **** 	}
 676              		.loc 1 37 3 is_stmt 1 view .LVU267
  37:../source/ADC.c **** 	}
 677              		.loc 1 37 13 is_stmt 0 view .LVU268
 678 0006 23F01003 		bic	r3, r3, #16
 679 000a 8360     		str	r3, [r0, #8]
 680 000c 7047     		bx	lr
 681              	.L20:
 682              	.LVL43:
 683              	.LBB48:
 684              	.LBI48:
  33:../source/ADC.c **** {
 685              		.loc 1 33 6 is_stmt 1 view .LVU269
 686              	.LBB49:
  41:../source/ADC.c **** 		adc->CFG2 = (adc->CFG2 & ~ADC_CFG2_ADLSTS_MASK) | ADC_CFG2_ADLSTS(cycles);
 687              		.loc 1 41 3 view .LVU270
  41:../source/ADC.c **** 		adc->CFG2 = (adc->CFG2 & ~ADC_CFG2_ADLSTS_MASK) | ADC_CFG2_ADLSTS(cycles);
 688              		.loc 1 41 13 is_stmt 0 view .LVU271
 689 000e 43F01003 		orr	r3, r3, #16
 690 0012 8360     		str	r3, [r0, #8]
  42:../source/ADC.c **** 	}
 691              		.loc 1 42 3 is_stmt 1 view .LVU272
  42:../source/ADC.c **** 	}
 692              		.loc 1 42 19 is_stmt 0 view .LVU273
 693 0014 C368     		ldr	r3, [r0, #12]
  42:../source/ADC.c **** 	}
 694              		.loc 1 42 26 view .LVU274
 695 0016 23F00303 		bic	r3, r3, #3
  42:../source/ADC.c **** 	}
 696              		.loc 1 42 51 view .LVU275
 697 001a 0B43     		orrs	r3, r3, r1
  42:../source/ADC.c **** 	}
 698              		.loc 1 42 13 view .LVU276
 699 001c C360     		str	r3, [r0, #12]
 700              	.LVL44:
  42:../source/ADC.c **** 	}
 701              		.loc 1 42 13 view .LVU277
 702              	.LBE49:
 703              	.LBE48:
  44:../source/ADC.c **** 
 704              		.loc 1 44 1 view .LVU278
 705 001e 7047     		bx	lr
 706              		.cfi_endproc
 707              	.LFE125:
 709              		.section	.text.ADC_SetInterruptMode,"ax",%progbits
 710              		.align	1
 711              		.p2align 2,,3
 712              		.global	ADC_SetInterruptMode
 713              		.syntax unified
 714              		.thumb
 715              		.thumb_func
 717              	ADC_SetInterruptMode:
 718              	.LVL45:
 719              	.LFB126:
  49:../source/ADC.c **** 	if (adc == ADC0)
 720              		.loc 1 49 1 is_stmt 1 view -0
 721              		.cfi_startproc
 722              		@ args = 0, pretend = 0, frame = 0
 723              		@ frame_needed = 0, uses_anonymous_args = 0
 724              		@ link register save eliminated.
  50:../source/ADC.c **** 		ADC_interrupt[0] = mode;
 725              		.loc 1 50 2 view .LVU280
  50:../source/ADC.c **** 		ADC_interrupt[0] = mode;
 726              		.loc 1 50 5 is_stmt 0 view .LVU281
 727 0000 054B     		ldr	r3, .L26
 728 0002 9842     		cmp	r0, r3
 729 0004 05D0     		beq	.L25
  52:../source/ADC.c **** 		ADC_interrupt[1] = mode;
 730              		.loc 1 52 7 is_stmt 1 view .LVU282
  52:../source/ADC.c **** 		ADC_interrupt[1] = mode;
 731              		.loc 1 52 10 is_stmt 0 view .LVU283
 732 0006 054B     		ldr	r3, .L26+4
 733 0008 9842     		cmp	r0, r3
  53:../source/ADC.c **** }
 734              		.loc 1 53 3 is_stmt 1 view .LVU284
  53:../source/ADC.c **** }
 735              		.loc 1 53 20 is_stmt 0 view .LVU285
 736 000a 04BF     		itt	eq
 737 000c 044B     		ldreq	r3, .L26+8
 738 000e 5970     		strbeq	r1, [r3, #1]
  54:../source/ADC.c **** 
 739              		.loc 1 54 1 view .LVU286
 740 0010 7047     		bx	lr
 741              	.L25:
  51:../source/ADC.c **** 	else if (adc == ADC1)
 742              		.loc 1 51 3 is_stmt 1 view .LVU287
  51:../source/ADC.c **** 	else if (adc == ADC1)
 743              		.loc 1 51 20 is_stmt 0 view .LVU288
 744 0012 034B     		ldr	r3, .L26+8
 745 0014 1970     		strb	r1, [r3]
 746 0016 7047     		bx	lr
 747              	.L27:
 748              		.align	2
 749              	.L26:
 750 0018 00B00340 		.word	1073983488
 751 001c 00B00B40 		.word	1074507776
 752 0020 00000000 		.word	ADC_interrupt
 753              		.cfi_endproc
 754              	.LFE126:
 756              		.section	.text.ADC_IsInterruptPending,"ax",%progbits
 757              		.align	1
 758              		.p2align 2,,3
 759              		.global	ADC_IsInterruptPending
 760              		.syntax unified
 761              		.thumb
 762              		.thumb_func
 764              	ADC_IsInterruptPending:
 765              	.LVL46:
 766              	.LFB127:
  57:../source/ADC.c **** 	return adc->SC1[0] & ADC_SC1_COCO_MASK;
 767              		.loc 1 57 1 is_stmt 1 view -0
 768              		.cfi_startproc
 769              		@ args = 0, pretend = 0, frame = 0
 770              		@ frame_needed = 0, uses_anonymous_args = 0
 771              		@ link register save eliminated.
  58:../source/ADC.c **** }
 772              		.loc 1 58 2 view .LVU290
  58:../source/ADC.c **** }
 773              		.loc 1 58 17 is_stmt 0 view .LVU291
 774 0000 0068     		ldr	r0, [r0]
 775              	.LVL47:
  59:../source/ADC.c **** 
 776              		.loc 1 59 1 view .LVU292
 777 0002 C0F3C010 		ubfx	r0, r0, #7, #1
 778 0006 7047     		bx	lr
 779              		.cfi_endproc
 780              	.LFE127:
 782              		.section	.text.ADC_ClearInterruptFlag,"ax",%progbits
 783              		.align	1
 784              		.p2align 2,,3
 785              		.global	ADC_ClearInterruptFlag
 786              		.syntax unified
 787              		.thumb
 788              		.thumb_func
 790              	ADC_ClearInterruptFlag:
 791              	.LVL48:
 792              	.LFB128:
  62:../source/ADC.c **** 	adc->SC1[0] = 0x00;
 793              		.loc 1 62 1 is_stmt 1 view -0
 794              		.cfi_startproc
 795              		@ args = 0, pretend = 0, frame = 0
 796              		@ frame_needed = 0, uses_anonymous_args = 0
 797              		@ link register save eliminated.
  63:../source/ADC.c **** }
 798              		.loc 1 63 2 view .LVU294
  63:../source/ADC.c **** }
 799              		.loc 1 63 14 is_stmt 0 view .LVU295
 800 0000 0023     		movs	r3, #0
 801 0002 0360     		str	r3, [r0]
  64:../source/ADC.c **** 
 802              		.loc 1 64 1 view .LVU296
 803 0004 7047     		bx	lr
 804              		.cfi_endproc
 805              	.LFE128:
 807 0006 00BF     		.section	.text.ADC_GetResolution,"ax",%progbits
 808              		.align	1
 809              		.p2align 2,,3
 810              		.global	ADC_GetResolution
 811              		.syntax unified
 812              		.thumb
 813              		.thumb_func
 815              	ADC_GetResolution:
 816              	.LVL49:
 817              	.LFB129:
  69:../source/ADC.c **** 	return adc->CFG1 & ADC_CFG1_MODE_MASK;
 818              		.loc 1 69 1 is_stmt 1 view -0
 819              		.cfi_startproc
 820              		@ args = 0, pretend = 0, frame = 0
 821              		@ frame_needed = 0, uses_anonymous_args = 0
 822              		@ link register save eliminated.
  70:../source/ADC.c **** }
 823              		.loc 1 70 2 view .LVU298
  70:../source/ADC.c **** }
 824              		.loc 1 70 12 is_stmt 0 view .LVU299
 825 0000 8068     		ldr	r0, [r0, #8]
 826              	.LVL50:
  71:../source/ADC.c **** 
 827              		.loc 1 71 1 view .LVU300
 828 0002 00F00C00 		and	r0, r0, #12
 829 0006 7047     		bx	lr
 830              		.cfi_endproc
 831              	.LFE129:
 833              		.section	.text.ADC_GetSCycles,"ax",%progbits
 834              		.align	1
 835              		.p2align 2,,3
 836              		.global	ADC_GetSCycles
 837              		.syntax unified
 838              		.thumb
 839              		.thumb_func
 841              	ADC_GetSCycles:
 842              	.LVL51:
 843              	.LFB130:
  76:../source/ADC.c **** 	if (adc->CFG1 & ADC_CFG1_ADLSMP_MASK)
 844              		.loc 1 76 1 is_stmt 1 view -0
 845              		.cfi_startproc
 846              		@ args = 0, pretend = 0, frame = 0
 847              		@ frame_needed = 0, uses_anonymous_args = 0
 848              		@ link register save eliminated.
  77:../source/ADC.c **** 		return ADC_c4;
 849              		.loc 1 77 2 view .LVU302
  80:../source/ADC.c **** }
 850              		.loc 1 80 3 view .LVU303
  77:../source/ADC.c **** 		return ADC_c4;
 851              		.loc 1 77 9 is_stmt 0 view .LVU304
 852 0000 8368     		ldr	r3, [r0, #8]
  77:../source/ADC.c **** 		return ADC_c4;
 853              		.loc 1 77 5 view .LVU305
 854 0002 DB06     		lsls	r3, r3, #27
  80:../source/ADC.c **** }
 855              		.loc 1 80 13 view .LVU306
 856 0004 5ABF     		itte	pl
 857 0006 C068     		ldrpl	r0, [r0, #12]
 858              	.LVL52:
  80:../source/ADC.c **** }
 859              		.loc 1 80 20 view .LVU307
 860 0008 00F00300 		andpl	r0, r0, #3
  78:../source/ADC.c **** 	else
 861              		.loc 1 78 10 view .LVU308
 862 000c 0420     		movmi	r0, #4
  81:../source/ADC.c **** 
 863              		.loc 1 81 1 view .LVU309
 864 000e 7047     		bx	lr
 865              		.cfi_endproc
 866              	.LFE130:
 868              		.section	.text.ADC_SetHardwareAverage,"ax",%progbits
 869              		.align	1
 870              		.p2align 2,,3
 871              		.global	ADC_SetHardwareAverage
 872              		.syntax unified
 873              		.thumb
 874              		.thumb_func
 876              	ADC_SetHardwareAverage:
 877              	.LVL53:
 878              	.LFB131:
  84:../source/ADC.c **** 	if (taps & ~ADC_SC3_AVGS_MASK)
 879              		.loc 1 84 1 is_stmt 1 view -0
 880              		.cfi_startproc
 881              		@ args = 0, pretend = 0, frame = 0
 882              		@ frame_needed = 0, uses_anonymous_args = 0
 883              		@ link register save eliminated.
  85:../source/ADC.c **** 	{
 884              		.loc 1 85 2 view .LVU311
  85:../source/ADC.c **** 	{
 885              		.loc 1 85 5 is_stmt 0 view .LVU312
 886 0000 0329     		cmp	r1, #3
  87:../source/ADC.c **** 	}
 887              		.loc 1 87 6 view .LVU313
 888 0002 436A     		ldr	r3, [r0, #36]
  85:../source/ADC.c **** 	{
 889              		.loc 1 85 5 view .LVU314
 890 0004 03D9     		bls	.L35
  87:../source/ADC.c **** 	}
 891              		.loc 1 87 3 is_stmt 1 view .LVU315
  87:../source/ADC.c **** 	}
 892              		.loc 1 87 12 is_stmt 0 view .LVU316
 893 0006 23F00403 		bic	r3, r3, #4
 894 000a 4362     		str	r3, [r0, #36]
 895 000c 7047     		bx	lr
 896              	.L35:
  91:../source/ADC.c **** 		adc->SC3 = (adc->SC3 & ~ADC_SC3_AVGS_MASK) | ADC_SC3_AVGS(taps);
 897              		.loc 1 91 3 is_stmt 1 view .LVU317
  91:../source/ADC.c **** 		adc->SC3 = (adc->SC3 & ~ADC_SC3_AVGS_MASK) | ADC_SC3_AVGS(taps);
 898              		.loc 1 91 12 is_stmt 0 view .LVU318
 899 000e 43F00403 		orr	r3, r3, #4
 900 0012 4362     		str	r3, [r0, #36]
  92:../source/ADC.c **** 	}
 901              		.loc 1 92 3 is_stmt 1 view .LVU319
  92:../source/ADC.c **** 	}
 902              		.loc 1 92 18 is_stmt 0 view .LVU320
 903 0014 436A     		ldr	r3, [r0, #36]
  92:../source/ADC.c **** 	}
 904              		.loc 1 92 24 view .LVU321
 905 0016 23F00303 		bic	r3, r3, #3
  92:../source/ADC.c **** 	}
 906              		.loc 1 92 46 view .LVU322
 907 001a 0B43     		orrs	r3, r3, r1
  92:../source/ADC.c **** 	}
 908              		.loc 1 92 12 view .LVU323
 909 001c 4362     		str	r3, [r0, #36]
  94:../source/ADC.c **** ADCTaps_t ADC_GetHardwareAverage (ADC_t adc)
 910              		.loc 1 94 1 view .LVU324
 911 001e 7047     		bx	lr
 912              		.cfi_endproc
 913              	.LFE131:
 915              		.section	.text.ADC_GetHardwareAverage,"ax",%progbits
 916              		.align	1
 917              		.p2align 2,,3
 918              		.global	ADC_GetHardwareAverage
 919              		.syntax unified
 920              		.thumb
 921              		.thumb_func
 923              	ADC_GetHardwareAverage:
 924              	.LVL54:
 925              	.LFB132:
  96:../source/ADC.c **** 	if (adc->SC3 & ADC_SC3_AVGE_MASK)
 926              		.loc 1 96 1 is_stmt 1 view -0
 927              		.cfi_startproc
 928              		@ args = 0, pretend = 0, frame = 0
 929              		@ frame_needed = 0, uses_anonymous_args = 0
 930              		@ link register save eliminated.
  97:../source/ADC.c **** 		return ADC_t1;
 931              		.loc 1 97 2 view .LVU326
 100:../source/ADC.c **** }
 932              		.loc 1 100 3 view .LVU327
  97:../source/ADC.c **** 		return ADC_t1;
 933              		.loc 1 97 9 is_stmt 0 view .LVU328
 934 0000 436A     		ldr	r3, [r0, #36]
  97:../source/ADC.c **** 		return ADC_t1;
 935              		.loc 1 97 5 view .LVU329
 936 0002 5B07     		lsls	r3, r3, #29
 100:../source/ADC.c **** }
 937              		.loc 1 100 13 view .LVU330
 938 0004 5ABF     		itte	pl
 939 0006 406A     		ldrpl	r0, [r0, #36]
 940              	.LVL55:
 100:../source/ADC.c **** }
 941              		.loc 1 100 19 view .LVU331
 942 0008 00F00300 		andpl	r0, r0, #3
  98:../source/ADC.c **** 	else
 943              		.loc 1 98 10 view .LVU332
 944 000c 0420     		movmi	r0, #4
 101:../source/ADC.c **** 
 945              		.loc 1 101 1 view .LVU333
 946 000e 7047     		bx	lr
 947              		.cfi_endproc
 948              	.LFE132:
 950              		.section	.text.ADC_Calibrate,"ax",%progbits
 951              		.align	1
 952              		.p2align 2,,3
 953              		.global	ADC_Calibrate
 954              		.syntax unified
 955              		.thumb
 956              		.thumb_func
 958              	ADC_Calibrate:
 959              	.LVL56:
 960              	.LFB133:
 104:../source/ADC.c **** 	int32_t  Offset		= 0;
 961              		.loc 1 104 1 is_stmt 1 view -0
 962              		.cfi_startproc
 963              		@ args = 0, pretend = 0, frame = 24
 964              		@ frame_needed = 0, uses_anonymous_args = 0
 105:../source/ADC.c **** 	uint32_t Minus	[7] = {0,0,0,0,0,0,0};
 965              		.loc 1 105 2 view .LVU335
 106:../source/ADC.c **** 	uint32_t Plus	[7] = {0,0,0,0,0,0,0};
 966              		.loc 1 106 2 view .LVU336
 107:../source/ADC.c **** 	uint8_t  i;
 967              		.loc 1 107 2 view .LVU337
 108:../source/ADC.c **** 	uint32_t scr3;
 968              		.loc 1 108 2 view .LVU338
 109:../source/ADC.c **** 
 969              		.loc 1 109 2 view .LVU339
 112:../source/ADC.c **** 	scr3 = adc->SC3;
 970              		.loc 1 112 2 view .LVU340
 104:../source/ADC.c **** 	int32_t  Offset		= 0;
 971              		.loc 1 104 1 is_stmt 0 view .LVU341
 972 0000 2DE9F04F 		push	{r4, r5, r6, r7, r8, r9, r10, fp, lr}
 973              		.cfi_def_cfa_offset 36
 974              		.cfi_offset 4, -36
 975              		.cfi_offset 5, -32
 976              		.cfi_offset 6, -28
 977              		.cfi_offset 7, -24
 978              		.cfi_offset 8, -20
 979              		.cfi_offset 9, -16
 980              		.cfi_offset 10, -12
 981              		.cfi_offset 11, -8
 982              		.cfi_offset 14, -4
 112:../source/ADC.c **** 	scr3 = adc->SC3;
 983              		.loc 1 112 14 view .LVU342
 984 0004 1F22     		movs	r2, #31
 985 0006 0260     		str	r2, [r0]
 113:../source/ADC.c **** 	adc->SC3 &= (ADC_SC3_AVGS(0x03) | ADC_SC3_AVGE_MASK);
 986              		.loc 1 113 2 is_stmt 1 view .LVU343
 104:../source/ADC.c **** 	int32_t  Offset		= 0;
 987              		.loc 1 104 1 is_stmt 0 view .LVU344
 988 0008 87B0     		sub	sp, sp, #28
 989              		.cfi_def_cfa_offset 64
 113:../source/ADC.c **** 	adc->SC3 &= (ADC_SC3_AVGS(0x03) | ADC_SC3_AVGE_MASK);
 990              		.loc 1 113 7 view .LVU345
 991 000a 426A     		ldr	r2, [r0, #36]
 992 000c 0592     		str	r2, [sp, #20]
 993              	.LVL57:
 114:../source/ADC.c **** 
 994              		.loc 1 114 2 is_stmt 1 view .LVU346
 114:../source/ADC.c **** 
 995              		.loc 1 114 5 is_stmt 0 view .LVU347
 996 000e 426A     		ldr	r2, [r0, #36]
 997              	.LVL58:
 114:../source/ADC.c **** 
 998              		.loc 1 114 11 view .LVU348
 999 0010 02F00702 		and	r2, r2, #7
 1000 0014 4262     		str	r2, [r0, #36]
 117:../source/ADC.c **** 	adc->SC3 |=  ADC_SC3_CAL_MASK;
 1001              		.loc 1 117 2 is_stmt 1 view .LVU349
 117:../source/ADC.c **** 	adc->SC3 |=  ADC_SC3_CAL_MASK;
 1002              		.loc 1 117 5 is_stmt 0 view .LVU350
 1003 0016 426A     		ldr	r2, [r0, #36]
 117:../source/ADC.c **** 	adc->SC3 |=  ADC_SC3_CAL_MASK;
 1004              		.loc 1 117 11 view .LVU351
 1005 0018 22F08002 		bic	r2, r2, #128
 1006 001c 4262     		str	r2, [r0, #36]
 118:../source/ADC.c **** 	while (!(adc->SC1[0] & ADC_SC1_COCO_MASK));
 1007              		.loc 1 118 2 is_stmt 1 view .LVU352
 118:../source/ADC.c **** 	while (!(adc->SC1[0] & ADC_SC1_COCO_MASK));
 1008              		.loc 1 118 5 is_stmt 0 view .LVU353
 1009 001e 426A     		ldr	r2, [r0, #36]
 118:../source/ADC.c **** 	while (!(adc->SC1[0] & ADC_SC1_COCO_MASK));
 1010              		.loc 1 118 11 view .LVU354
 1011 0020 42F08002 		orr	r2, r2, #128
 104:../source/ADC.c **** 	int32_t  Offset		= 0;
 1012              		.loc 1 104 1 view .LVU355
 1013 0024 0346     		mov	r3, r0
 118:../source/ADC.c **** 	while (!(adc->SC1[0] & ADC_SC1_COCO_MASK));
 1014              		.loc 1 118 11 view .LVU356
 1015 0026 4262     		str	r2, [r0, #36]
 119:../source/ADC.c **** 	if (adc->SC3 & ADC_SC3_CALF_MASK)
 1016              		.loc 1 119 2 is_stmt 1 view .LVU357
 1017              	.L41:
 119:../source/ADC.c **** 	if (adc->SC3 & ADC_SC3_CALF_MASK)
 1018              		.loc 1 119 9 discriminator 1 view .LVU358
 119:../source/ADC.c **** 	if (adc->SC3 & ADC_SC3_CALF_MASK)
 1019              		.loc 1 119 19 is_stmt 0 discriminator 1 view .LVU359
 1020 0028 1A68     		ldr	r2, [r3]
 119:../source/ADC.c **** 	if (adc->SC3 & ADC_SC3_CALF_MASK)
 1021              		.loc 1 119 9 discriminator 1 view .LVU360
 1022 002a 1106     		lsls	r1, r2, #24
 1023 002c FCD5     		bpl	.L41
 120:../source/ADC.c **** 	{
 1024              		.loc 1 120 2 is_stmt 1 view .LVU361
 120:../source/ADC.c **** 	{
 1025              		.loc 1 120 9 is_stmt 0 view .LVU362
 1026 002e 586A     		ldr	r0, [r3, #36]
 1027              	.LVL59:
 120:../source/ADC.c **** 	{
 1028              		.loc 1 120 5 view .LVU363
 1029 0030 10F04000 		ands	r0, r0, #64
 1030 0034 40F0AE80 		bne	.L54
 125:../source/ADC.c **** 	adc->MG  = (0x8000 | ((adc->CLM0+adc->CLM1+adc->CLM2+adc->CLM3+adc->CLM4+adc->CLMS) >> (1 + TWO_PO
 1031              		.loc 1 125 2 is_stmt 1 view .LVU364
 125:../source/ADC.c **** 	adc->MG  = (0x8000 | ((adc->CLM0+adc->CLM1+adc->CLM2+adc->CLM3+adc->CLM4+adc->CLMS) >> (1 + TWO_PO
 1032              		.loc 1 125 28 is_stmt 0 view .LVU365
 1033 0038 DA6C     		ldr	r2, [r3, #76]
 125:../source/ADC.c **** 	adc->MG  = (0x8000 | ((adc->CLM0+adc->CLM1+adc->CLM2+adc->CLM3+adc->CLM4+adc->CLMS) >> (1 + TWO_PO
 1034              		.loc 1 125 38 view .LVU366
 1035 003a 996C     		ldr	r1, [r3, #72]
 107:../source/ADC.c **** 	uint8_t  i;
 1036              		.loc 1 107 11 view .LVU367
 1037 003c 0190     		str	r0, [sp, #4]
 125:../source/ADC.c **** 	adc->MG  = (0x8000 | ((adc->CLM0+adc->CLM1+adc->CLM2+adc->CLM3+adc->CLM4+adc->CLMS) >> (1 + TWO_PO
 1038              		.loc 1 125 34 view .LVU368
 1039 003e 0A44     		add	r2, r2, r1
 125:../source/ADC.c **** 	adc->MG  = (0x8000 | ((adc->CLM0+adc->CLM1+adc->CLM2+adc->CLM3+adc->CLM4+adc->CLMS) >> (1 + TWO_PO
 1040              		.loc 1 125 48 view .LVU369
 1041 0040 596C     		ldr	r1, [r3, #68]
 106:../source/ADC.c **** 	uint32_t Plus	[7] = {0,0,0,0,0,0,0};
 1042              		.loc 1 106 11 view .LVU370
 1043 0042 0290     		str	r0, [sp, #8]
 125:../source/ADC.c **** 	adc->MG  = (0x8000 | ((adc->CLM0+adc->CLM1+adc->CLM2+adc->CLM3+adc->CLM4+adc->CLMS) >> (1 + TWO_PO
 1044              		.loc 1 125 44 view .LVU371
 1045 0044 0A44     		add	r2, r2, r1
 125:../source/ADC.c **** 	adc->MG  = (0x8000 | ((adc->CLM0+adc->CLM1+adc->CLM2+adc->CLM3+adc->CLM4+adc->CLMS) >> (1 + TWO_PO
 1046              		.loc 1 125 58 view .LVU372
 1047 0046 196C     		ldr	r1, [r3, #64]
 106:../source/ADC.c **** 	uint32_t Plus	[7] = {0,0,0,0,0,0,0};
 1048              		.loc 1 106 11 view .LVU373
 1049 0048 0090     		str	r0, [sp]
 125:../source/ADC.c **** 	adc->MG  = (0x8000 | ((adc->CLM0+adc->CLM1+adc->CLM2+adc->CLM3+adc->CLM4+adc->CLMS) >> (1 + TWO_PO
 1050              		.loc 1 125 54 view .LVU374
 1051 004a 0A44     		add	r2, r2, r1
 125:../source/ADC.c **** 	adc->MG  = (0x8000 | ((adc->CLM0+adc->CLM1+adc->CLM2+adc->CLM3+adc->CLM4+adc->CLMS) >> (1 + TWO_PO
 1052              		.loc 1 125 68 view .LVU375
 1053 004c D96B     		ldr	r1, [r3, #60]
 105:../source/ADC.c **** 	uint32_t Minus	[7] = {0,0,0,0,0,0,0};
 1054              		.loc 1 105 11 view .LVU376
 1055 004e 0390     		str	r0, [sp, #12]
 125:../source/ADC.c **** 	adc->MG  = (0x8000 | ((adc->CLM0+adc->CLM1+adc->CLM2+adc->CLM3+adc->CLM4+adc->CLMS) >> (1 + TWO_PO
 1056              		.loc 1 125 64 view .LVU377
 1057 0050 0A44     		add	r2, r2, r1
 125:../source/ADC.c **** 	adc->MG  = (0x8000 | ((adc->CLM0+adc->CLM1+adc->CLM2+adc->CLM3+adc->CLM4+adc->CLMS) >> (1 + TWO_PO
 1058              		.loc 1 125 78 view .LVU378
 1059 0052 996B     		ldr	r1, [r3, #56]
 125:../source/ADC.c **** 	adc->MG  = (0x8000 | ((adc->CLM0+adc->CLM1+adc->CLM2+adc->CLM3+adc->CLM4+adc->CLMS) >> (1 + TWO_PO
 1060              		.loc 1 125 74 view .LVU379
 1061 0054 0A44     		add	r2, r2, r1
 125:../source/ADC.c **** 	adc->MG  = (0x8000 | ((adc->CLM0+adc->CLM1+adc->CLM2+adc->CLM3+adc->CLM4+adc->CLMS) >> (1 + TWO_PO
 1062              		.loc 1 125 86 view .LVU380
 1063 0056 520C     		lsrs	r2, r2, #17
 125:../source/ADC.c **** 	adc->MG  = (0x8000 | ((adc->CLM0+adc->CLM1+adc->CLM2+adc->CLM3+adc->CLM4+adc->CLMS) >> (1 + TWO_PO
 1064              		.loc 1 125 21 view .LVU381
 1065 0058 42F40042 		orr	r2, r2, #32768
 125:../source/ADC.c **** 	adc->MG  = (0x8000 | ((adc->CLM0+adc->CLM1+adc->CLM2+adc->CLM3+adc->CLM4+adc->CLMS) >> (1 + TWO_PO
 1066              		.loc 1 125 11 view .LVU382
 1067 005c DA62     		str	r2, [r3, #44]
 126:../source/ADC.c **** 
 1068              		.loc 1 126 2 is_stmt 1 view .LVU383
 126:../source/ADC.c **** 
 1069              		.loc 1 126 28 is_stmt 0 view .LVU384
 1070 005e DA6E     		ldr	r2, [r3, #108]
 126:../source/ADC.c **** 
 1071              		.loc 1 126 38 view .LVU385
 1072 0060 996E     		ldr	r1, [r3, #104]
 126:../source/ADC.c **** 
 1073              		.loc 1 126 34 view .LVU386
 1074 0062 0A44     		add	r2, r2, r1
 126:../source/ADC.c **** 
 1075              		.loc 1 126 48 view .LVU387
 1076 0064 596E     		ldr	r1, [r3, #100]
 126:../source/ADC.c **** 
 1077              		.loc 1 126 44 view .LVU388
 1078 0066 0A44     		add	r2, r2, r1
 126:../source/ADC.c **** 
 1079              		.loc 1 126 58 view .LVU389
 1080 0068 196E     		ldr	r1, [r3, #96]
 126:../source/ADC.c **** 
 1081              		.loc 1 126 54 view .LVU390
 1082 006a 0A44     		add	r2, r2, r1
 126:../source/ADC.c **** 
 1083              		.loc 1 126 68 view .LVU391
 1084 006c D96D     		ldr	r1, [r3, #92]
 126:../source/ADC.c **** 
 1085              		.loc 1 126 64 view .LVU392
 1086 006e 0A44     		add	r2, r2, r1
 126:../source/ADC.c **** 
 1087              		.loc 1 126 78 view .LVU393
 1088 0070 996D     		ldr	r1, [r3, #88]
 126:../source/ADC.c **** 
 1089              		.loc 1 126 74 view .LVU394
 1090 0072 0A44     		add	r2, r2, r1
 126:../source/ADC.c **** 
 1091              		.loc 1 126 86 view .LVU395
 1092 0074 520C     		lsrs	r2, r2, #17
 126:../source/ADC.c **** 
 1093              		.loc 1 126 21 view .LVU396
 1094 0076 42F40042 		orr	r2, r2, #32768
 107:../source/ADC.c **** 	uint8_t  i;
 1095              		.loc 1 107 11 view .LVU397
 1096 007a 8146     		mov	r9, r0
 126:../source/ADC.c **** 
 1097              		.loc 1 126 11 view .LVU398
 1098 007c 1A63     		str	r2, [r3, #48]
 129:../source/ADC.c **** 	{
 1099              		.loc 1 129 2 is_stmt 1 view .LVU399
 1100              	.LVL60:
 129:../source/ADC.c **** 	{
 1101              		.loc 1 129 16 discriminator 1 view .LVU400
 107:../source/ADC.c **** 	uint8_t  i;
 1102              		.loc 1 107 11 is_stmt 0 view .LVU401
 1103 007e 0546     		mov	r5, r0
 1104 0080 0646     		mov	r6, r0
 1105 0082 8046     		mov	r8, r0
 1106 0084 0746     		mov	r7, r0
 106:../source/ADC.c **** 	uint32_t Plus	[7] = {0,0,0,0,0,0,0};
 1107              		.loc 1 106 11 view .LVU402
 1108 0086 8246     		mov	r10, r0
 1109 0088 8446     		mov	ip, r0
 1110 008a 8646     		mov	lr, r0
 1111 008c 8346     		mov	fp, r0
 1112 008e 0446     		mov	r4, r0
 126:../source/ADC.c **** 
 1113              		.loc 1 126 11 view .LVU403
 1114 0090 1021     		movs	r1, #16
 1115              	.LVL61:
 1116              	.L47:
 131:../source/ADC.c **** 		adc->SC3 |=  ADC_SC3_CAL_MASK;
 1117              		.loc 1 131 3 is_stmt 1 view .LVU404
 131:../source/ADC.c **** 		adc->SC3 |=  ADC_SC3_CAL_MASK;
 1118              		.loc 1 131 6 is_stmt 0 view .LVU405
 1119 0092 5A6A     		ldr	r2, [r3, #36]
 131:../source/ADC.c **** 		adc->SC3 |=  ADC_SC3_CAL_MASK;
 1120              		.loc 1 131 12 view .LVU406
 1121 0094 22F08002 		bic	r2, r2, #128
 1122 0098 5A62     		str	r2, [r3, #36]
 132:../source/ADC.c **** 		while (!(adc->SC1[0] & ADC_SC1_COCO_MASK));
 1123              		.loc 1 132 3 is_stmt 1 view .LVU407
 132:../source/ADC.c **** 		while (!(adc->SC1[0] & ADC_SC1_COCO_MASK));
 1124              		.loc 1 132 6 is_stmt 0 view .LVU408
 1125 009a 5A6A     		ldr	r2, [r3, #36]
 132:../source/ADC.c **** 		while (!(adc->SC1[0] & ADC_SC1_COCO_MASK));
 1126              		.loc 1 132 12 view .LVU409
 1127 009c 42F08002 		orr	r2, r2, #128
 1128 00a0 5A62     		str	r2, [r3, #36]
 133:../source/ADC.c **** 		if (adc->SC3 & ADC_SC3_CALF_MASK)
 1129              		.loc 1 133 3 is_stmt 1 view .LVU410
 1130              	.L44:
 133:../source/ADC.c **** 		if (adc->SC3 & ADC_SC3_CALF_MASK)
 1131              		.loc 1 133 10 discriminator 1 view .LVU411
 133:../source/ADC.c **** 		if (adc->SC3 & ADC_SC3_CALF_MASK)
 1132              		.loc 1 133 20 is_stmt 0 discriminator 1 view .LVU412
 1133 00a2 1A68     		ldr	r2, [r3]
 133:../source/ADC.c **** 		if (adc->SC3 & ADC_SC3_CALF_MASK)
 1134              		.loc 1 133 10 discriminator 1 view .LVU413
 1135 00a4 1206     		lsls	r2, r2, #24
 1136 00a6 FCD5     		bpl	.L44
 134:../source/ADC.c **** 		{
 1137              		.loc 1 134 3 is_stmt 1 view .LVU414
 134:../source/ADC.c **** 		{
 1138              		.loc 1 134 10 is_stmt 0 view .LVU415
 1139 00a8 5A6A     		ldr	r2, [r3, #36]
 134:../source/ADC.c **** 		{
 1140              		.loc 1 134 6 view .LVU416
 1141 00aa 5206     		lsls	r2, r2, #25
 1142 00ac 7AD4     		bmi	.L55
 139:../source/ADC.c **** 		Plus[0] += (unsigned long)adc->CLP0;
 1143              		.loc 1 139 3 is_stmt 1 view .LVU417
 129:../source/ADC.c **** 	{
 1144              		.loc 1 129 16 is_stmt 0 discriminator 1 view .LVU418
 1145 00ae 4A1E     		subs	r2, r1, #1
 1146 00b0 0492     		str	r2, [sp, #16]
 139:../source/ADC.c **** 		Plus[0] += (unsigned long)adc->CLP0;
 1147              		.loc 1 139 10 view .LVU419
 1148 00b2 0399     		ldr	r1, [sp, #12]
 139:../source/ADC.c **** 		Plus[0] += (unsigned long)adc->CLP0;
 1149              		.loc 1 139 23 view .LVU420
 1150 00b4 9A6A     		ldr	r2, [r3, #40]
 139:../source/ADC.c **** 		Plus[0] += (unsigned long)adc->CLP0;
 1151              		.loc 1 139 10 view .LVU421
 1152 00b6 01FA82F2 		sxtah	r2, r1, r2
 1153 00ba 0392     		str	r2, [sp, #12]
 1154              	.LVL62:
 140:../source/ADC.c **** 		Plus[1] += (unsigned long)adc->CLP1;
 1155              		.loc 1 140 3 is_stmt 1 view .LVU422
 140:../source/ADC.c **** 		Plus[1] += (unsigned long)adc->CLP1;
 1156              		.loc 1 140 32 is_stmt 0 view .LVU423
 1157 00bc DA6C     		ldr	r2, [r3, #76]
 1158              	.LVL63:
 141:../source/ADC.c **** 		Plus[2] += (unsigned long)adc->CLP2;
 1159              		.loc 1 141 11 view .LVU424
 1160 00be 0199     		ldr	r1, [sp, #4]
 140:../source/ADC.c **** 		Plus[1] += (unsigned long)adc->CLP1;
 1161              		.loc 1 140 11 view .LVU425
 1162 00c0 1044     		add	r0, r0, r2
 1163              	.LVL64:
 141:../source/ADC.c **** 		Plus[2] += (unsigned long)adc->CLP2;
 1164              		.loc 1 141 3 is_stmt 1 view .LVU426
 141:../source/ADC.c **** 		Plus[2] += (unsigned long)adc->CLP2;
 1165              		.loc 1 141 32 is_stmt 0 view .LVU427
 1166 00c2 9A6C     		ldr	r2, [r3, #72]
 141:../source/ADC.c **** 		Plus[2] += (unsigned long)adc->CLP2;
 1167              		.loc 1 141 11 view .LVU428
 1168 00c4 1144     		add	r1, r1, r2
 142:../source/ADC.c **** 		Plus[3] += (unsigned long)adc->CLP3;
 1169              		.loc 1 142 32 view .LVU429
 1170 00c6 5A6C     		ldr	r2, [r3, #68]
 141:../source/ADC.c **** 		Plus[2] += (unsigned long)adc->CLP2;
 1171              		.loc 1 141 11 view .LVU430
 1172 00c8 0191     		str	r1, [sp, #4]
 1173              	.LVL65:
 142:../source/ADC.c **** 		Plus[3] += (unsigned long)adc->CLP3;
 1174              		.loc 1 142 3 is_stmt 1 view .LVU431
 142:../source/ADC.c **** 		Plus[3] += (unsigned long)adc->CLP3;
 1175              		.loc 1 142 11 is_stmt 0 view .LVU432
 1176 00ca 1744     		add	r7, r7, r2
 1177              	.LVL66:
 143:../source/ADC.c **** 		Plus[4] += (unsigned long)adc->CLP4;
 1178              		.loc 1 143 3 is_stmt 1 view .LVU433
 143:../source/ADC.c **** 		Plus[4] += (unsigned long)adc->CLP4;
 1179              		.loc 1 143 32 is_stmt 0 view .LVU434
 1180 00cc 1A6C     		ldr	r2, [r3, #64]
 147:../source/ADC.c **** 		Minus[1] += (unsigned long)adc->CLM1;
 1181              		.loc 1 147 12 view .LVU435
 1182 00ce 0099     		ldr	r1, [sp]
 1183              	.LVL67:
 143:../source/ADC.c **** 		Plus[4] += (unsigned long)adc->CLP4;
 1184              		.loc 1 143 11 view .LVU436
 1185 00d0 9044     		add	r8, r8, r2
 1186              	.LVL68:
 144:../source/ADC.c **** 		Plus[5] += (unsigned long)adc->CLPS;
 1187              		.loc 1 144 3 is_stmt 1 view .LVU437
 144:../source/ADC.c **** 		Plus[5] += (unsigned long)adc->CLPS;
 1188              		.loc 1 144 32 is_stmt 0 view .LVU438
 1189 00d2 DA6B     		ldr	r2, [r3, #60]
 144:../source/ADC.c **** 		Plus[5] += (unsigned long)adc->CLPS;
 1190              		.loc 1 144 11 view .LVU439
 1191 00d4 1644     		add	r6, r6, r2
 1192              	.LVL69:
 145:../source/ADC.c **** 		Plus[6] += (unsigned long)adc->CLPD;
 1193              		.loc 1 145 3 is_stmt 1 view .LVU440
 145:../source/ADC.c **** 		Plus[6] += (unsigned long)adc->CLPD;
 1194              		.loc 1 145 32 is_stmt 0 view .LVU441
 1195 00d6 9A6B     		ldr	r2, [r3, #56]
 145:../source/ADC.c **** 		Plus[6] += (unsigned long)adc->CLPD;
 1196              		.loc 1 145 11 view .LVU442
 1197 00d8 1544     		add	r5, r5, r2
 1198              	.LVL70:
 146:../source/ADC.c **** 		Minus[0] += (unsigned long)adc->CLM0;
 1199              		.loc 1 146 3 is_stmt 1 view .LVU443
 146:../source/ADC.c **** 		Minus[0] += (unsigned long)adc->CLM0;
 1200              		.loc 1 146 32 is_stmt 0 view .LVU444
 1201 00da 5A6B     		ldr	r2, [r3, #52]
 146:../source/ADC.c **** 		Minus[0] += (unsigned long)adc->CLM0;
 1202              		.loc 1 146 11 view .LVU445
 1203 00dc 9144     		add	r9, r9, r2
 1204              	.LVL71:
 147:../source/ADC.c **** 		Minus[1] += (unsigned long)adc->CLM1;
 1205              		.loc 1 147 3 is_stmt 1 view .LVU446
 147:../source/ADC.c **** 		Minus[1] += (unsigned long)adc->CLM1;
 1206              		.loc 1 147 33 is_stmt 0 view .LVU447
 1207 00de DA6E     		ldr	r2, [r3, #108]
 147:../source/ADC.c **** 		Minus[1] += (unsigned long)adc->CLM1;
 1208              		.loc 1 147 12 view .LVU448
 1209 00e0 1144     		add	r1, r1, r2
 1210 00e2 0091     		str	r1, [sp]
 1211              	.LVL72:
 148:../source/ADC.c **** 		Minus[2] += (unsigned long)adc->CLM2;
 1212              		.loc 1 148 3 is_stmt 1 view .LVU449
 148:../source/ADC.c **** 		Minus[2] += (unsigned long)adc->CLM2;
 1213              		.loc 1 148 33 is_stmt 0 view .LVU450
 1214 00e4 9A6E     		ldr	r2, [r3, #104]
 148:../source/ADC.c **** 		Minus[2] += (unsigned long)adc->CLM2;
 1215              		.loc 1 148 12 view .LVU451
 1216 00e6 0299     		ldr	r1, [sp, #8]
 1217              	.LVL73:
 148:../source/ADC.c **** 		Minus[2] += (unsigned long)adc->CLM2;
 1218              		.loc 1 148 12 view .LVU452
 1219 00e8 1144     		add	r1, r1, r2
 149:../source/ADC.c **** 		Minus[3] += (unsigned long)adc->CLM3;
 1220              		.loc 1 149 33 view .LVU453
 1221 00ea 5A6E     		ldr	r2, [r3, #100]
 148:../source/ADC.c **** 		Minus[2] += (unsigned long)adc->CLM2;
 1222              		.loc 1 148 12 view .LVU454
 1223 00ec 0291     		str	r1, [sp, #8]
 1224              	.LVL74:
 149:../source/ADC.c **** 		Minus[3] += (unsigned long)adc->CLM3;
 1225              		.loc 1 149 3 is_stmt 1 view .LVU455
 149:../source/ADC.c **** 		Minus[3] += (unsigned long)adc->CLM3;
 1226              		.loc 1 149 12 is_stmt 0 view .LVU456
 1227 00ee 9344     		add	fp, fp, r2
 1228              	.LVL75:
 150:../source/ADC.c **** 		Minus[4] += (unsigned long)adc->CLM4;
 1229              		.loc 1 150 3 is_stmt 1 view .LVU457
 150:../source/ADC.c **** 		Minus[4] += (unsigned long)adc->CLM4;
 1230              		.loc 1 150 33 is_stmt 0 view .LVU458
 1231 00f0 1A6E     		ldr	r2, [r3, #96]
 150:../source/ADC.c **** 		Minus[4] += (unsigned long)adc->CLM4;
 1232              		.loc 1 150 12 view .LVU459
 1233 00f2 1444     		add	r4, r4, r2
 1234              	.LVL76:
 151:../source/ADC.c **** 		Minus[5] += (unsigned long)adc->CLMS;
 1235              		.loc 1 151 3 is_stmt 1 view .LVU460
 151:../source/ADC.c **** 		Minus[5] += (unsigned long)adc->CLMS;
 1236              		.loc 1 151 33 is_stmt 0 view .LVU461
 1237 00f4 DA6D     		ldr	r2, [r3, #92]
 151:../source/ADC.c **** 		Minus[5] += (unsigned long)adc->CLMS;
 1238              		.loc 1 151 12 view .LVU462
 1239 00f6 9644     		add	lr, lr, r2
 1240              	.LVL77:
 152:../source/ADC.c **** 		Minus[6] += (unsigned long)adc->CLMD;
 1241              		.loc 1 152 3 is_stmt 1 view .LVU463
 152:../source/ADC.c **** 		Minus[6] += (unsigned long)adc->CLMD;
 1242              		.loc 1 152 33 is_stmt 0 view .LVU464
 1243 00f8 9A6D     		ldr	r2, [r3, #88]
 152:../source/ADC.c **** 		Minus[6] += (unsigned long)adc->CLMD;
 1244              		.loc 1 152 12 view .LVU465
 1245 00fa 9444     		add	ip, ip, r2
 1246              	.LVL78:
 153:../source/ADC.c **** 	}
 1247              		.loc 1 153 3 is_stmt 1 view .LVU466
 153:../source/ADC.c **** 	}
 1248              		.loc 1 153 33 is_stmt 0 view .LVU467
 1249 00fc 5A6D     		ldr	r2, [r3, #84]
 153:../source/ADC.c **** 	}
 1250              		.loc 1 153 12 view .LVU468
 1251 00fe 9244     		add	r10, r10, r2
 1252              	.LVL79:
 129:../source/ADC.c **** 	{
 1253              		.loc 1 129 39 is_stmt 1 discriminator 2 view .LVU469
 129:../source/ADC.c **** 	{
 1254              		.loc 1 129 16 discriminator 1 view .LVU470
 1255 0100 049A     		ldr	r2, [sp, #16]
 1256 0102 12F0FF01 		ands	r1, r2, #255
 1257              	.LVL80:
 129:../source/ADC.c **** 	{
 1258              		.loc 1 129 16 is_stmt 0 discriminator 1 view .LVU471
 1259 0106 C4D1     		bne	.L47
 155:../source/ADC.c **** 	adc->PG  = (0x8000 | ((Plus[0] +Plus[1] +Plus[2] +Plus[3] +Plus[4] +Plus[5] ) >> (1 + TWO_POW_NUM_
 1260              		.loc 1 155 2 is_stmt 1 view .LVU472
 155:../source/ADC.c **** 	adc->PG  = (0x8000 | ((Plus[0] +Plus[1] +Plus[2] +Plus[3] +Plus[4] +Plus[5] ) >> (1 + TWO_POW_NUM_
 1261              		.loc 1 155 21 is_stmt 0 view .LVU473
 1262 0108 039A     		ldr	r2, [sp, #12]
 156:../source/ADC.c **** 	adc->MG  = (0x8000 | ((Minus[0]+Minus[1]+Minus[2]+Minus[3]+Minus[4]+Minus[5]) >> (1 + TWO_POW_NUM_
 1263              		.loc 1 156 33 view .LVU474
 1264 010a 0199     		ldr	r1, [sp, #4]
 155:../source/ADC.c **** 	adc->PG  = (0x8000 | ((Plus[0] +Plus[1] +Plus[2] +Plus[3] +Plus[4] +Plus[5] ) >> (1 + TWO_POW_NUM_
 1265              		.loc 1 155 21 view .LVU475
 1266 010c 1214     		asrs	r2, r2, #16
 155:../source/ADC.c **** 	adc->PG  = (0x8000 | ((Plus[0] +Plus[1] +Plus[2] +Plus[3] +Plus[4] +Plus[5] ) >> (1 + TWO_POW_NUM_
 1267              		.loc 1 155 11 view .LVU476
 1268 010e 9A62     		str	r2, [r3, #40]
 156:../source/ADC.c **** 	adc->MG  = (0x8000 | ((Minus[0]+Minus[1]+Minus[2]+Minus[3]+Minus[4]+Minus[5]) >> (1 + TWO_POW_NUM_
 1269              		.loc 1 156 2 is_stmt 1 view .LVU477
 156:../source/ADC.c **** 	adc->MG  = (0x8000 | ((Minus[0]+Minus[1]+Minus[2]+Minus[3]+Minus[4]+Minus[5]) >> (1 + TWO_POW_NUM_
 1270              		.loc 1 156 33 is_stmt 0 view .LVU478
 1271 0110 4218     		adds	r2, r0, r1
 156:../source/ADC.c **** 	adc->MG  = (0x8000 | ((Minus[0]+Minus[1]+Minus[2]+Minus[3]+Minus[4]+Minus[5]) >> (1 + TWO_POW_NUM_
 1272              		.loc 1 156 42 view .LVU479
 1273 0112 3A44     		add	r2, r2, r7
 156:../source/ADC.c **** 	adc->MG  = (0x8000 | ((Minus[0]+Minus[1]+Minus[2]+Minus[3]+Minus[4]+Minus[5]) >> (1 + TWO_POW_NUM_
 1274              		.loc 1 156 51 view .LVU480
 1275 0114 4244     		add	r2, r2, r8
 156:../source/ADC.c **** 	adc->MG  = (0x8000 | ((Minus[0]+Minus[1]+Minus[2]+Minus[3]+Minus[4]+Minus[5]) >> (1 + TWO_POW_NUM_
 1276              		.loc 1 156 60 view .LVU481
 1277 0116 3244     		add	r2, r2, r6
 156:../source/ADC.c **** 	adc->MG  = (0x8000 | ((Minus[0]+Minus[1]+Minus[2]+Minus[3]+Minus[4]+Minus[5]) >> (1 + TWO_POW_NUM_
 1278              		.loc 1 156 69 view .LVU482
 1279 0118 2A44     		add	r2, r2, r5
 156:../source/ADC.c **** 	adc->MG  = (0x8000 | ((Minus[0]+Minus[1]+Minus[2]+Minus[3]+Minus[4]+Minus[5]) >> (1 + TWO_POW_NUM_
 1280              		.loc 1 156 80 view .LVU483
 1281 011a 520C     		lsrs	r2, r2, #17
 156:../source/ADC.c **** 	adc->MG  = (0x8000 | ((Minus[0]+Minus[1]+Minus[2]+Minus[3]+Minus[4]+Minus[5]) >> (1 + TWO_POW_NUM_
 1282              		.loc 1 156 21 view .LVU484
 1283 011c 42F40042 		orr	r2, r2, #32768
 156:../source/ADC.c **** 	adc->MG  = (0x8000 | ((Minus[0]+Minus[1]+Minus[2]+Minus[3]+Minus[4]+Minus[5]) >> (1 + TWO_POW_NUM_
 1284              		.loc 1 156 11 view .LVU485
 1285 0120 DA62     		str	r2, [r3, #44]
 157:../source/ADC.c **** 	adc->CLP0 = (Plus[0] >> TWO_POW_NUM_OF_CAL);
 1286              		.loc 1 157 2 is_stmt 1 view .LVU486
 159:../source/ADC.c **** 	adc->CLP2 = (Plus[2] >> TWO_POW_NUM_OF_CAL);
 1287              		.loc 1 159 23 is_stmt 0 view .LVU487
 1288 0122 0A0C     		lsrs	r2, r1, #16
 1289 0124 0192     		str	r2, [sp, #4]
 1290              	.LVL81:
 157:../source/ADC.c **** 	adc->CLP0 = (Plus[0] >> TWO_POW_NUM_OF_CAL);
 1291              		.loc 1 157 33 view .LVU488
 1292 0126 0299     		ldr	r1, [sp, #8]
 1293              	.LVL82:
 157:../source/ADC.c **** 	adc->CLP0 = (Plus[0] >> TWO_POW_NUM_OF_CAL);
 1294              		.loc 1 157 33 view .LVU489
 1295 0128 009A     		ldr	r2, [sp]
 1296 012a 0A44     		add	r2, r2, r1
 157:../source/ADC.c **** 	adc->CLP0 = (Plus[0] >> TWO_POW_NUM_OF_CAL);
 1297              		.loc 1 157 42 view .LVU490
 1298 012c 5A44     		add	r2, r2, fp
 157:../source/ADC.c **** 	adc->CLP0 = (Plus[0] >> TWO_POW_NUM_OF_CAL);
 1299              		.loc 1 157 51 view .LVU491
 1300 012e 2244     		add	r2, r2, r4
 157:../source/ADC.c **** 	adc->CLP0 = (Plus[0] >> TWO_POW_NUM_OF_CAL);
 1301              		.loc 1 157 60 view .LVU492
 1302 0130 7244     		add	r2, r2, lr
 157:../source/ADC.c **** 	adc->CLP0 = (Plus[0] >> TWO_POW_NUM_OF_CAL);
 1303              		.loc 1 157 69 view .LVU493
 1304 0132 6244     		add	r2, r2, ip
 157:../source/ADC.c **** 	adc->CLP0 = (Plus[0] >> TWO_POW_NUM_OF_CAL);
 1305              		.loc 1 157 80 view .LVU494
 1306 0134 520C     		lsrs	r2, r2, #17
 157:../source/ADC.c **** 	adc->CLP0 = (Plus[0] >> TWO_POW_NUM_OF_CAL);
 1307              		.loc 1 157 21 view .LVU495
 1308 0136 42F40042 		orr	r2, r2, #32768
 157:../source/ADC.c **** 	adc->CLP0 = (Plus[0] >> TWO_POW_NUM_OF_CAL);
 1309              		.loc 1 157 11 view .LVU496
 1310 013a 1A63     		str	r2, [r3, #48]
 158:../source/ADC.c **** 	adc->CLP1 = (Plus[1] >> TWO_POW_NUM_OF_CAL);
 1311              		.loc 1 158 2 is_stmt 1 view .LVU497
 158:../source/ADC.c **** 	adc->CLP1 = (Plus[1] >> TWO_POW_NUM_OF_CAL);
 1312              		.loc 1 158 23 is_stmt 0 view .LVU498
 1313 013c 000C     		lsrs	r0, r0, #16
 1314              	.LVL83:
 159:../source/ADC.c **** 	adc->CLP2 = (Plus[2] >> TWO_POW_NUM_OF_CAL);
 1315              		.loc 1 159 12 view .LVU499
 1316 013e 019A     		ldr	r2, [sp, #4]
 158:../source/ADC.c **** 	adc->CLP1 = (Plus[1] >> TWO_POW_NUM_OF_CAL);
 1317              		.loc 1 158 12 view .LVU500
 1318 0140 D864     		str	r0, [r3, #76]
 159:../source/ADC.c **** 	adc->CLP2 = (Plus[2] >> TWO_POW_NUM_OF_CAL);
 1319              		.loc 1 159 2 is_stmt 1 view .LVU501
 159:../source/ADC.c **** 	adc->CLP2 = (Plus[2] >> TWO_POW_NUM_OF_CAL);
 1320              		.loc 1 159 12 is_stmt 0 view .LVU502
 1321 0142 9A64     		str	r2, [r3, #72]
 160:../source/ADC.c **** 	adc->CLP3 = (Plus[3] >> TWO_POW_NUM_OF_CAL);
 1322              		.loc 1 160 2 is_stmt 1 view .LVU503
 165:../source/ADC.c **** 	adc->CLM1 = (Minus[1] >> TWO_POW_NUM_OF_CAL);
 1323              		.loc 1 165 24 is_stmt 0 view .LVU504
 1324 0144 009A     		ldr	r2, [sp]
 164:../source/ADC.c **** 	adc->CLM0 = (Minus[0] >> TWO_POW_NUM_OF_CAL);
 1325              		.loc 1 164 23 view .LVU505
 1326 0146 4FEA1949 		lsr	r9, r9, #16
 1327              	.LVL84:
 165:../source/ADC.c **** 	adc->CLM1 = (Minus[1] >> TWO_POW_NUM_OF_CAL);
 1328              		.loc 1 165 24 view .LVU506
 1329 014a 120C     		lsrs	r2, r2, #16
 160:../source/ADC.c **** 	adc->CLP3 = (Plus[3] >> TWO_POW_NUM_OF_CAL);
 1330              		.loc 1 160 23 view .LVU507
 1331 014c 3F0C     		lsrs	r7, r7, #16
 1332              	.LVL85:
 161:../source/ADC.c **** 	adc->CLP4 = (Plus[4] >> TWO_POW_NUM_OF_CAL);
 1333              		.loc 1 161 23 view .LVU508
 1334 014e 4FEA1848 		lsr	r8, r8, #16
 1335              	.LVL86:
 162:../source/ADC.c **** 	adc->CLPS = (Plus[5] >> TWO_POW_NUM_OF_CAL);
 1336              		.loc 1 162 23 view .LVU509
 1337 0152 360C     		lsrs	r6, r6, #16
 1338              	.LVL87:
 163:../source/ADC.c **** 	adc->CLPD = (Plus[6] >> TWO_POW_NUM_OF_CAL);
 1339              		.loc 1 163 23 view .LVU510
 1340 0154 2D0C     		lsrs	r5, r5, #16
 1341              	.LVL88:
 160:../source/ADC.c **** 	adc->CLP3 = (Plus[3] >> TWO_POW_NUM_OF_CAL);
 1342              		.loc 1 160 12 view .LVU511
 1343 0156 5F64     		str	r7, [r3, #68]
 161:../source/ADC.c **** 	adc->CLP4 = (Plus[4] >> TWO_POW_NUM_OF_CAL);
 1344              		.loc 1 161 2 is_stmt 1 view .LVU512
 161:../source/ADC.c **** 	adc->CLP4 = (Plus[4] >> TWO_POW_NUM_OF_CAL);
 1345              		.loc 1 161 12 is_stmt 0 view .LVU513
 1346 0158 C3F84080 		str	r8, [r3, #64]
 162:../source/ADC.c **** 	adc->CLPS = (Plus[5] >> TWO_POW_NUM_OF_CAL);
 1347              		.loc 1 162 2 is_stmt 1 view .LVU514
 162:../source/ADC.c **** 	adc->CLPS = (Plus[5] >> TWO_POW_NUM_OF_CAL);
 1348              		.loc 1 162 12 is_stmt 0 view .LVU515
 1349 015c DE63     		str	r6, [r3, #60]
 163:../source/ADC.c **** 	adc->CLPD = (Plus[6] >> TWO_POW_NUM_OF_CAL);
 1350              		.loc 1 163 2 is_stmt 1 view .LVU516
 163:../source/ADC.c **** 	adc->CLPD = (Plus[6] >> TWO_POW_NUM_OF_CAL);
 1351              		.loc 1 163 12 is_stmt 0 view .LVU517
 1352 015e 9D63     		str	r5, [r3, #56]
 164:../source/ADC.c **** 	adc->CLM0 = (Minus[0] >> TWO_POW_NUM_OF_CAL);
 1353              		.loc 1 164 2 is_stmt 1 view .LVU518
 164:../source/ADC.c **** 	adc->CLM0 = (Minus[0] >> TWO_POW_NUM_OF_CAL);
 1354              		.loc 1 164 12 is_stmt 0 view .LVU519
 1355 0160 C3F83490 		str	r9, [r3, #52]
 165:../source/ADC.c **** 	adc->CLM1 = (Minus[1] >> TWO_POW_NUM_OF_CAL);
 1356              		.loc 1 165 2 is_stmt 1 view .LVU520
 165:../source/ADC.c **** 	adc->CLM1 = (Minus[1] >> TWO_POW_NUM_OF_CAL);
 1357              		.loc 1 165 12 is_stmt 0 view .LVU521
 1358 0164 DA66     		str	r2, [r3, #108]
 166:../source/ADC.c **** 	adc->CLM2 = (Minus[2] >> TWO_POW_NUM_OF_CAL);
 1359              		.loc 1 166 2 is_stmt 1 view .LVU522
 166:../source/ADC.c **** 	adc->CLM2 = (Minus[2] >> TWO_POW_NUM_OF_CAL);
 1360              		.loc 1 166 24 is_stmt 0 view .LVU523
 1361 0166 0A0C     		lsrs	r2, r1, #16
 166:../source/ADC.c **** 	adc->CLM2 = (Minus[2] >> TWO_POW_NUM_OF_CAL);
 1362              		.loc 1 166 12 view .LVU524
 1363 0168 9A66     		str	r2, [r3, #104]
 167:../source/ADC.c **** 	adc->CLM3 = (Minus[3] >> TWO_POW_NUM_OF_CAL);
 1364              		.loc 1 167 2 is_stmt 1 view .LVU525
 167:../source/ADC.c **** 	adc->CLM3 = (Minus[3] >> TWO_POW_NUM_OF_CAL);
 1365              		.loc 1 167 24 is_stmt 0 view .LVU526
 1366 016a 4FEA1B42 		lsr	r2, fp, #16
 167:../source/ADC.c **** 	adc->CLM3 = (Minus[3] >> TWO_POW_NUM_OF_CAL);
 1367              		.loc 1 167 12 view .LVU527
 1368 016e 5A66     		str	r2, [r3, #100]
 168:../source/ADC.c **** 	adc->CLM4 = (Minus[4] >> TWO_POW_NUM_OF_CAL);
 1369              		.loc 1 168 2 is_stmt 1 view .LVU528
 168:../source/ADC.c **** 	adc->CLM4 = (Minus[4] >> TWO_POW_NUM_OF_CAL);
 1370              		.loc 1 168 24 is_stmt 0 view .LVU529
 1371 0170 240C     		lsrs	r4, r4, #16
 1372              	.LVL89:
 170:../source/ADC.c **** 	adc->CLMD = (Minus[6] >> TWO_POW_NUM_OF_CAL);
 1373              		.loc 1 170 24 view .LVU530
 1374 0172 4FEA1C42 		lsr	r2, ip, #16
 169:../source/ADC.c **** 	adc->CLMS = (Minus[5] >> TWO_POW_NUM_OF_CAL);
 1375              		.loc 1 169 24 view .LVU531
 1376 0176 4FEA1E41 		lsr	r1, lr, #16
 168:../source/ADC.c **** 	adc->CLM4 = (Minus[4] >> TWO_POW_NUM_OF_CAL);
 1377              		.loc 1 168 12 view .LVU532
 1378 017a 1C66     		str	r4, [r3, #96]
 169:../source/ADC.c **** 	adc->CLMS = (Minus[5] >> TWO_POW_NUM_OF_CAL);
 1379              		.loc 1 169 2 is_stmt 1 view .LVU533
 171:../source/ADC.c **** 
 1380              		.loc 1 171 24 is_stmt 0 view .LVU534
 1381 017c 4FEA1A4A 		lsr	r10, r10, #16
 1382              	.LVL90:
 169:../source/ADC.c **** 	adc->CLMS = (Minus[5] >> TWO_POW_NUM_OF_CAL);
 1383              		.loc 1 169 12 view .LVU535
 1384 0180 D965     		str	r1, [r3, #92]
 170:../source/ADC.c **** 	adc->CLMD = (Minus[6] >> TWO_POW_NUM_OF_CAL);
 1385              		.loc 1 170 2 is_stmt 1 view .LVU536
 170:../source/ADC.c **** 	adc->CLMD = (Minus[6] >> TWO_POW_NUM_OF_CAL);
 1386              		.loc 1 170 12 is_stmt 0 view .LVU537
 1387 0182 9A65     		str	r2, [r3, #88]
 171:../source/ADC.c **** 
 1388              		.loc 1 171 2 is_stmt 1 view .LVU538
 174:../source/ADC.c **** 
 1389              		.loc 1 174 11 is_stmt 0 view .LVU539
 1390 0184 059A     		ldr	r2, [sp, #20]
 171:../source/ADC.c **** 
 1391              		.loc 1 171 12 view .LVU540
 1392 0186 C3F854A0 		str	r10, [r3, #84]
 174:../source/ADC.c **** 
 1393              		.loc 1 174 2 is_stmt 1 view .LVU541
 174:../source/ADC.c **** 
 1394              		.loc 1 174 11 is_stmt 0 view .LVU542
 1395 018a 5A62     		str	r2, [r3, #36]
 1396              		.loc 1 176 2 is_stmt 1 view .LVU543
 1397              	.LVL91:
 1398              	.L46:
 137:../source/ADC.c **** 		}
 1399              		.loc 1 137 11 is_stmt 0 view .LVU544
 1400 018c 0120     		movs	r0, #1
 1401              	.LVL92:
 177:../source/ADC.c **** }
 1402              		.loc 1 177 1 view .LVU545
 1403 018e 07B0     		add	sp, sp, #28
 1404              		.cfi_remember_state
 1405              		.cfi_def_cfa_offset 36
 1406              		@ sp needed
 1407 0190 BDE8F08F 		pop	{r4, r5, r6, r7, r8, r9, r10, fp, pc}
 1408              	.LVL93:
 1409              	.L54:
 1410              		.cfi_restore_state
 122:../source/ADC.c **** 		return false;
 1411              		.loc 1 122 3 is_stmt 1 view .LVU546
 122:../source/ADC.c **** 		return false;
 1412              		.loc 1 122 6 is_stmt 0 view .LVU547
 1413 0194 5A6A     		ldr	r2, [r3, #36]
 123:../source/ADC.c **** 	}
 1414              		.loc 1 123 10 view .LVU548
 1415 0196 0020     		movs	r0, #0
 122:../source/ADC.c **** 		return false;
 1416              		.loc 1 122 12 view .LVU549
 1417 0198 42F04002 		orr	r2, r2, #64
 1418 019c 5A62     		str	r2, [r3, #36]
 123:../source/ADC.c **** 	}
 1419              		.loc 1 123 3 is_stmt 1 view .LVU550
 1420              	.LVL94:
 1421              		.loc 1 177 1 is_stmt 0 view .LVU551
 1422 019e 07B0     		add	sp, sp, #28
 1423              		.cfi_remember_state
 1424              		.cfi_def_cfa_offset 36
 1425              		@ sp needed
 1426 01a0 BDE8F08F 		pop	{r4, r5, r6, r7, r8, r9, r10, fp, pc}
 1427              	.LVL95:
 1428              	.L55:
 1429              		.cfi_restore_state
 136:../source/ADC.c **** 			return 1;
 1430              		.loc 1 136 4 is_stmt 1 view .LVU552
 136:../source/ADC.c **** 			return 1;
 1431              		.loc 1 136 7 is_stmt 0 view .LVU553
 1432 01a4 5A6A     		ldr	r2, [r3, #36]
 136:../source/ADC.c **** 			return 1;
 1433              		.loc 1 136 13 view .LVU554
 1434 01a6 42F04002 		orr	r2, r2, #64
 1435 01aa 5A62     		str	r2, [r3, #36]
 137:../source/ADC.c **** 		}
 1436              		.loc 1 137 4 is_stmt 1 view .LVU555
 137:../source/ADC.c **** 		}
 1437              		.loc 1 137 11 is_stmt 0 view .LVU556
 1438 01ac EEE7     		b	.L46
 1439              		.cfi_endproc
 1440              	.LFE133:
 1442 01ae 00BF     		.section	.text.ADC_Start,"ax",%progbits
 1443              		.align	1
 1444              		.p2align 2,,3
 1445              		.global	ADC_Start
 1446              		.syntax unified
 1447              		.thumb
 1448              		.thumb_func
 1450              	ADC_Start:
 1451              	.LVL96:
 1452              	.LFB134:
 178:../source/ADC.c **** 
 179:../source/ADC.c **** void ADC_Start (ADC_t adc, ADCChannel_t channel, ADCMux_t mux)
 180:../source/ADC.c **** {
 1453              		.loc 1 180 1 is_stmt 1 view -0
 1454              		.cfi_startproc
 1455              		@ args = 0, pretend = 0, frame = 0
 1456              		@ frame_needed = 0, uses_anonymous_args = 0
 1457              		@ link register save eliminated.
 181:../source/ADC.c **** 	adc->CFG2 = (adc->CFG2 & ~ADC_CFG2_MUXSEL_MASK) | ADC_CFG2_MUXSEL(mux);
 1458              		.loc 1 181 2 view .LVU558
 1459              		.loc 1 181 18 is_stmt 0 view .LVU559
 1460 0000 C368     		ldr	r3, [r0, #12]
 180:../source/ADC.c **** 	adc->CFG2 = (adc->CFG2 & ~ADC_CFG2_MUXSEL_MASK) | ADC_CFG2_MUXSEL(mux);
 1461              		.loc 1 180 1 view .LVU560
 1462 0002 10B4     		push	{r4}
 1463              		.cfi_def_cfa_offset 4
 1464              		.cfi_offset 4, -4
 182:../source/ADC.c **** 
 183:../source/ADC.c **** 	if (adc == ADC0)
 1465              		.loc 1 183 5 view .LVU561
 1466 0004 0F4C     		ldr	r4, .L62
 181:../source/ADC.c **** 
 1467              		.loc 1 181 50 view .LVU562
 1468 0006 62F30413 		bfi	r3, r2, #4, #1
 1469              		.loc 1 183 5 view .LVU563
 1470 000a A042     		cmp	r0, r4
 181:../source/ADC.c **** 
 1471              		.loc 1 181 12 view .LVU564
 1472 000c C360     		str	r3, [r0, #12]
 1473              		.loc 1 183 2 is_stmt 1 view .LVU565
 1474              		.loc 1 183 5 is_stmt 0 view .LVU566
 1475 000e 0FD0     		beq	.L60
 184:../source/ADC.c **** 		adc->SC1[0] = ADC_SC1_AIEN(ADC_interrupt[0]) | ADC_SC1_ADCH(channel);
 185:../source/ADC.c **** 	else if (adc == ADC1)
 1476              		.loc 1 185 7 is_stmt 1 view .LVU567
 1477              		.loc 1 185 10 is_stmt 0 view .LVU568
 1478 0010 0D4B     		ldr	r3, .L62+4
 1479 0012 9842     		cmp	r0, r3
 1480 0014 02D0     		beq	.L61
 186:../source/ADC.c **** 		adc->SC1[0] = ADC_SC1_AIEN(ADC_interrupt[1]) | ADC_SC1_ADCH(channel);
 187:../source/ADC.c **** }
 1481              		.loc 1 187 1 view .LVU569
 1482 0016 5DF8044B 		ldr	r4, [sp], #4
 1483              		.cfi_remember_state
 1484              		.cfi_restore 4
 1485              		.cfi_def_cfa_offset 0
 1486 001a 7047     		bx	lr
 1487              	.L61:
 1488              		.cfi_restore_state
 186:../source/ADC.c **** 		adc->SC1[0] = ADC_SC1_AIEN(ADC_interrupt[1]) | ADC_SC1_ADCH(channel);
 1489              		.loc 1 186 3 is_stmt 1 view .LVU570
 186:../source/ADC.c **** 		adc->SC1[0] = ADC_SC1_AIEN(ADC_interrupt[1]) | ADC_SC1_ADCH(channel);
 1490              		.loc 1 186 17 is_stmt 0 view .LVU571
 1491 001c 0B4B     		ldr	r3, .L62+8
 1492              		.loc 1 187 1 view .LVU572
 1493 001e 5DF8044B 		ldr	r4, [sp], #4
 1494              		.cfi_remember_state
 1495              		.cfi_restore 4
 1496              		.cfi_def_cfa_offset 0
 186:../source/ADC.c **** 		adc->SC1[0] = ADC_SC1_AIEN(ADC_interrupt[1]) | ADC_SC1_ADCH(channel);
 1497              		.loc 1 186 17 view .LVU573
 1498 0022 5B78     		ldrb	r3, [r3, #1]	@ zero_extendqisi2
 186:../source/ADC.c **** 		adc->SC1[0] = ADC_SC1_AIEN(ADC_interrupt[1]) | ADC_SC1_ADCH(channel);
 1499              		.loc 1 186 50 view .LVU574
 1500 0024 01F01F01 		and	r1, r1, #31
 1501              	.LVL97:
 186:../source/ADC.c **** 		adc->SC1[0] = ADC_SC1_AIEN(ADC_interrupt[1]) | ADC_SC1_ADCH(channel);
 1502              		.loc 1 186 48 view .LVU575
 1503 0028 41EA8311 		orr	r1, r1, r3, lsl #6
 186:../source/ADC.c **** 		adc->SC1[0] = ADC_SC1_AIEN(ADC_interrupt[1]) | ADC_SC1_ADCH(channel);
 1504              		.loc 1 186 15 view .LVU576
 1505 002c 0160     		str	r1, [r0]
 1506              		.loc 1 187 1 view .LVU577
 1507 002e 7047     		bx	lr
 1508              	.LVL98:
 1509              	.L60:
 1510              		.cfi_restore_state
 184:../source/ADC.c **** 		adc->SC1[0] = ADC_SC1_AIEN(ADC_interrupt[0]) | ADC_SC1_ADCH(channel);
 1511              		.loc 1 184 3 is_stmt 1 view .LVU578
 184:../source/ADC.c **** 		adc->SC1[0] = ADC_SC1_AIEN(ADC_interrupt[0]) | ADC_SC1_ADCH(channel);
 1512              		.loc 1 184 17 is_stmt 0 view .LVU579
 1513 0030 064B     		ldr	r3, .L62+8
 1514              		.loc 1 187 1 view .LVU580
 1515 0032 5DF8044B 		ldr	r4, [sp], #4
 1516              		.cfi_restore 4
 1517              		.cfi_def_cfa_offset 0
 184:../source/ADC.c **** 		adc->SC1[0] = ADC_SC1_AIEN(ADC_interrupt[0]) | ADC_SC1_ADCH(channel);
 1518              		.loc 1 184 17 view .LVU581
 1519 0036 1B78     		ldrb	r3, [r3]	@ zero_extendqisi2
 184:../source/ADC.c **** 		adc->SC1[0] = ADC_SC1_AIEN(ADC_interrupt[0]) | ADC_SC1_ADCH(channel);
 1520              		.loc 1 184 50 view .LVU582
 1521 0038 01F01F01 		and	r1, r1, #31
 1522              	.LVL99:
 184:../source/ADC.c **** 		adc->SC1[0] = ADC_SC1_AIEN(ADC_interrupt[0]) | ADC_SC1_ADCH(channel);
 1523              		.loc 1 184 48 view .LVU583
 1524 003c 41EA8311 		orr	r1, r1, r3, lsl #6
 184:../source/ADC.c **** 		adc->SC1[0] = ADC_SC1_AIEN(ADC_interrupt[0]) | ADC_SC1_ADCH(channel);
 1525              		.loc 1 184 15 view .LVU584
 1526 0040 0160     		str	r1, [r0]
 1527              		.loc 1 187 1 view .LVU585
 1528 0042 7047     		bx	lr
 1529              	.L63:
 1530              		.align	2
 1531              	.L62:
 1532 0044 00B00340 		.word	1073983488
 1533 0048 00B00B40 		.word	1074507776
 1534 004c 00000000 		.word	ADC_interrupt
 1535              		.cfi_endproc
 1536              	.LFE134:
 1538              		.section	.text.ADC_IsReady,"ax",%progbits
 1539              		.align	1
 1540              		.p2align 2,,3
 1541              		.global	ADC_IsReady
 1542              		.syntax unified
 1543              		.thumb
 1544              		.thumb_func
 1546              	ADC_IsReady:
 1547              	.LFB139:
 1548              		.cfi_startproc
 188:../source/ADC.c **** 
 189:../source/ADC.c **** bool ADC_IsReady (ADC_t adc)
 1549              		.loc 1 189 6 is_stmt 1 view -0
 1550              		@ args = 0, pretend = 0, frame = 0
 1551              		@ frame_needed = 0, uses_anonymous_args = 0
 1552              		@ link register save eliminated.
 1553 0000 0068     		ldr	r0, [r0]
 1554 0002 C0F3C010 		ubfx	r0, r0, #7, #1
 1555 0006 7047     		bx	lr
 1556              		.cfi_endproc
 1557              	.LFE139:
 1559              		.section	.text.ADC_getData,"ax",%progbits
 1560              		.align	1
 1561              		.p2align 2,,3
 1562              		.global	ADC_getData
 1563              		.syntax unified
 1564              		.thumb
 1565              		.thumb_func
 1567              	ADC_getData:
 1568              	.LVL100:
 1569              	.LFB136:
 190:../source/ADC.c **** {
 191:../source/ADC.c **** 	return adc->SC1[0] & ADC_SC1_COCO_MASK;
 192:../source/ADC.c **** }
 193:../source/ADC.c **** 
 194:../source/ADC.c **** ADCData_t ADC_getData (ADC_t adc)
 195:../source/ADC.c **** {
 1570              		.loc 1 195 1 view -0
 1571              		.cfi_startproc
 1572              		@ args = 0, pretend = 0, frame = 0
 1573              		@ frame_needed = 0, uses_anonymous_args = 0
 1574              		@ link register save eliminated.
 196:../source/ADC.c **** 	return adc->R[0];
 1575              		.loc 1 196 2 view .LVU588
 1576              		.loc 1 196 15 is_stmt 0 view .LVU589
 1577 0000 0069     		ldr	r0, [r0, #16]
 1578              	.LVL101:
 197:../source/ADC.c **** }
 1579              		.loc 1 197 1 view .LVU590
 1580 0002 80B2     		uxth	r0, r0
 1581 0004 7047     		bx	lr
 1582              		.cfi_endproc
 1583              	.LFE136:
 1585              		.global	ADC_interrupt
 1586 0006 00BF     		.section	.bss.ADC_interrupt,"aw",%nobits
 1587              		.align	2
 1590              	ADC_interrupt:
 1591 0000 0000     		.space	2
 1592              		.text
 1593              	.Letext0:
 1594              		.file 3 "/usr/local/mcuxpressoide-11.10.0_3148/ide/plugins/com.nxp.mcuxpresso.tools.linux_11.10.0.
 1595              		.file 4 "/usr/local/mcuxpressoide-11.10.0_3148/ide/plugins/com.nxp.mcuxpresso.tools.linux_11.10.0.
 1596              		.file 5 "/home/jacoby/Documents/MCUXpresso_11.10.0_3148/DSP_workspace/DSP3/CMSIS/MK64F12.h"
 1597              		.file 6 "../source/ADC.h"
DEFINED SYMBOLS
                            *ABS*:00000000 ADC.c
     /tmp/ccsPCuYU.s:21     .text.ADC_Init:00000000 $t
     /tmp/ccsPCuYU.s:28     .text.ADC_Init:00000000 ADC_Init
     /tmp/ccsPCuYU.s:618    .text.ADC_Init:000001dc $d
     /tmp/ccsPCuYU.s:626    .text.ADC_SetResolution:00000000 $t
     /tmp/ccsPCuYU.s:633    .text.ADC_SetResolution:00000000 ADC_SetResolution
     /tmp/ccsPCuYU.s:654    .text.ADC_SetCycles:00000000 $t
     /tmp/ccsPCuYU.s:661    .text.ADC_SetCycles:00000000 ADC_SetCycles
     /tmp/ccsPCuYU.s:710    .text.ADC_SetInterruptMode:00000000 $t
     /tmp/ccsPCuYU.s:717    .text.ADC_SetInterruptMode:00000000 ADC_SetInterruptMode
     /tmp/ccsPCuYU.s:750    .text.ADC_SetInterruptMode:00000018 $d
     /tmp/ccsPCuYU.s:1590   .bss.ADC_interrupt:00000000 ADC_interrupt
     /tmp/ccsPCuYU.s:757    .text.ADC_IsInterruptPending:00000000 $t
     /tmp/ccsPCuYU.s:764    .text.ADC_IsInterruptPending:00000000 ADC_IsInterruptPending
     /tmp/ccsPCuYU.s:783    .text.ADC_ClearInterruptFlag:00000000 $t
     /tmp/ccsPCuYU.s:790    .text.ADC_ClearInterruptFlag:00000000 ADC_ClearInterruptFlag
     /tmp/ccsPCuYU.s:808    .text.ADC_GetResolution:00000000 $t
     /tmp/ccsPCuYU.s:815    .text.ADC_GetResolution:00000000 ADC_GetResolution
     /tmp/ccsPCuYU.s:834    .text.ADC_GetSCycles:00000000 $t
     /tmp/ccsPCuYU.s:841    .text.ADC_GetSCycles:00000000 ADC_GetSCycles
     /tmp/ccsPCuYU.s:869    .text.ADC_SetHardwareAverage:00000000 $t
     /tmp/ccsPCuYU.s:876    .text.ADC_SetHardwareAverage:00000000 ADC_SetHardwareAverage
     /tmp/ccsPCuYU.s:916    .text.ADC_GetHardwareAverage:00000000 $t
     /tmp/ccsPCuYU.s:923    .text.ADC_GetHardwareAverage:00000000 ADC_GetHardwareAverage
     /tmp/ccsPCuYU.s:951    .text.ADC_Calibrate:00000000 $t
     /tmp/ccsPCuYU.s:958    .text.ADC_Calibrate:00000000 ADC_Calibrate
     /tmp/ccsPCuYU.s:1443   .text.ADC_Start:00000000 $t
     /tmp/ccsPCuYU.s:1450   .text.ADC_Start:00000000 ADC_Start
     /tmp/ccsPCuYU.s:1532   .text.ADC_Start:00000044 $d
     /tmp/ccsPCuYU.s:1539   .text.ADC_IsReady:00000000 $t
     /tmp/ccsPCuYU.s:1546   .text.ADC_IsReady:00000000 ADC_IsReady
     /tmp/ccsPCuYU.s:1560   .text.ADC_getData:00000000 $t
     /tmp/ccsPCuYU.s:1567   .text.ADC_getData:00000000 ADC_getData
     /tmp/ccsPCuYU.s:1587   .bss.ADC_interrupt:00000000 $d
                           .group:00000000 wm4.0.6daa9fc78e4f6e1d52d3883eb654976f
                           .group:00000000 wm4._newlib_version.h.4.6d111ab2e95434b664b53815e5c8ccba
                           .group:00000000 wm4.features.h.33.2eefb68b261e70563a8ac654e712169f
                           .group:00000000 wm4._default_types.h.15.247e5cd201eca3442cbf5404108c4935
                           .group:00000000 wm4._intsup.h.10.48bafbb683905c4daa4565a85aeeb264
                           .group:00000000 wm4._stdint.h.10.c24fa3af3bc1706662bb5593a907e841
                           .group:00000000 wm4.stdint.h.23.d53047a68f4a85177f80b422d52785ed
                           .group:00000000 wm4.stdbool.h.29.c08aa3eec75cf5b9b5003883f43253f0
                           .group:00000000 wm4.fsl_device_registers.h.32.f10b25a7fd7ad45b9a40904c33f28816
                           .group:00000000 wm4.MK64F12.h.105.e884e5c80776532d2ec0f5c21e2ea7cb
                           .group:00000000 wm4.core_cm4.h.42.42f38327ee0970d80f60117e6a3ba2b0
                           .group:00000000 wm4.cmsis_gcc.h.36.39970cb43ce4b53c82644a1f9bc2eab9
                           .group:00000000 wm4.core_cm4.h.223.7b48c9958ef5573320c4765074c8b0ce
                           .group:00000000 wm4.system_MK64F12.h.109.c6d21568e03be21b21c922eb7345d6e3
                           .group:00000000 wm4.MK64F12.h.475.cafa8e1e521f96f0b72de286863a6df7
                           .group:00000000 wm4.MK64F12_features.h.92.512cea46d882153168efeec0bc3a9da7
                           .group:00000000 wm4.hardware.h.27.0531344360c1b4ef1fba1263e2a4c488
                           .group:00000000 wm4.ADC.h.64.12d3ac877a2e369492c716dab59c7b04

NO UNDEFINED SYMBOLS
